[17:50:55:696] [47174:0000b846] [DEBUG][com.freerdp.utils.signal] - [freerdp_handle_signals]: Registering signal hook...
[17:50:55:702] [47174:0000b846] [DEBUG][com.winpr.timezone] - [winpr_get_timezone_from_link]: tzid: Asia/Ho_Chi_Minh
[17:50:55:702] [47174:0000b846] [DEBUG][com.winpr.timezone] - [winpr_get_timezone_from_link]: tzid: Asia/Ho_Chi_Minh
[17:50:55:733] [47174:0000b846] [DEBUG][com.winpr.timezone] - [winpr_get_timezone_from_link]: tzid: Asia/Ho_Chi_Minh
[17:50:55:733] [47174:0000b846] [DEBUG][com.winpr.timezone] - [winpr_get_timezone_from_link]: tzid: Asia/Ho_Chi_Minh
[17:50:55:740] [47174:0000b846] [DEBUG][com.freerdp.client.common.cmdline] - [freerdp_client_detect_command_line]: windows: 0/1 posix: -1000/0
[17:50:55:740] [47174:0000b846] [DEBUG][com.freerdp.client.common] - [freerdp_client_settings_parse_command_line_ex]: This is [/home/hoang/freerdp-touch/build/freerdp3-3.15.0+dfsg/obj-x86_64-linux-gnu/client/X11/xfreerdp3] 3.15.0 Build configuration: BUILD_TESTING=ON BUILD_TESTING_INTERNAL=OFF BUILD_TESTING_INTERNAL_AVAILABLE=0 BUILD_TESTING_NO_H264=OFF BUILD_TESTING_NO_H264_AVAILABLE=1 WINPR_HAVE_AIO_H=1 WINPR_HAVE_EXECINFO_BACKTRACE=1 WINPR_HAVE_EXECINFO_BACKTRACE_SYMBOLS=1 WINPR_HAVE_EXECINFO_BACKTRACE_SYMBOLS_FD=1 WINPR_HAVE_EXECINFO_HEADER=1 WINPR_HAVE_FCNTL_H=1 WINPR_HAVE_GETLOGIN_R=1 WINPR_HAVE_GETPWUID_R=1 WINPR_HAVE_INTTYPES_H=1 WINPR_HAVE_POLL_H=1 WINPR_HAVE_PTHREAD_MUTEX_TIMEDLOCK_LIB=1 WINPR_HAVE_PTHREAD_MUTEX_TIMEDLOCK_LIBS= WINPR_HAVE_PTHREAD_MUTEX_TIMEDLOCK_SYMBOL=1 WINPR_HAVE_STDBOOL_H=1 WINPR_HAVE_STDINT_H=1 WINPR_HAVE_STRERROR_R=1 WINPR_HAVE_STRNDUP=1 WINPR_HAVE_SYSLOG_H=1 WINPR_HAVE_SYS_EVENTFD_H=1 WINPR_HAVE_SYS_FILIO_H= WINPR_HAVE_SYS_SELECT_H=1 WINPR_HAVE_SYS_SOCKIO_H= WINPR_HAVE_SYS_TIMERFD_H=1 WINPR_HAVE_TM_GMTOFF=1 WINPR_HAVE_UNISTD_H=1 WINPR_HAVE_UNWIND_H=1 WITHOUT_FREERDP_3x_DEPRECATED=OFF WITH_AAD=ON WITH_ABSOLUTE_PLUGIN_LOAD_PATHS=ON WITH_ADD_PLUGIN_TO_RPATH=OFF WITH_ALSA=ON WITH_AVX2=ON WITH_BINARY_VERSIONING=ON WITH_CAIRO=OFF WITH_CCACHE=ON WITH_CHANNELS=ON WITH_CJSON_REQUIRED=OFF WITH_CLANG_FORMAT=OFF WITH_CLIENT=ON WITH_CLIENT_AVAILABLE=1 WITH_CLIENT_CHANNELS=ON WITH_CLIENT_CHANNELS_AVAILABLE=1 WITH_CLIENT_COMMON=ON WITH_CLIENT_INTERFACE=OFF WITH_CLIENT_SDL=ON WITH_CLIENT_SDL2=OFF WITH_CLIENT_SDL3=ON WITH_CLIENT_SDL_AVAILABLE=1 WITH_CLIENT_SDL_VERSIONED=OFF WITH_CUPS=ON WITH_CURSOR_DUMP=OFF WITH_DEBUG_ALL=OFF WITH_DEBUG_CAPABILITIES=OFF WITH_DEBUG_CERTIFICATE=OFF WITH_DEBUG_CHANNELS=OFF WITH_DEBUG_CLIPRDR=OFF WITH_DEBUG_CODECS=OFF WITH_DEBUG_DVC=OFF WITH_DEBUG_EVENTS=OFF WITH_DEBUG_KBD=OFF WITH_DEBUG_LICENSE=OFF WITH_DEBUG_MUTEX=OFF WITH_DEBUG_NEGO=OFF WITH_DEBUG_NLA=OFF WITH_DEBUG_NTLM=OFF WITH_DEBUG_RAIL=OFF WITH_DEBUG_RDP=OFF WITH_DEBUG_RDPDR=OFF WITH_DEBUG_RDPEI=OFF WITH_DEBUG_RDPGFX=OFF WITH_DEBUG_REDIR=OFF WITH_DEBUG_RFX=OFF WITH_DEBUG_RINGBUFFER=OFF WITH_DEBUG_SCARD=OFF WITH_DEBUG_SCHANNEL=OFF WITH_DEBUG_SDL_EVENTS=OFF WITH_DEBUG_SDL_KBD_EVENTS=OFF WITH_DEBUG_SND=OFF WITH_DEBUG_SVC=OFF WITH_DEBUG_SYMBOLS=OFF WITH_DEBUG_THREADS=OFF WITH_DEBUG_TIMEZONE=OFF WITH_DEBUG_TRANSPORT=OFF WITH_DEBUG_TSG=OFF WITH_DEBUG_TSMF=OFF WITH_DEBUG_TSMF_AVAILABLE=0 WITH_DEBUG_URBDRC=OFF WITH_DEBUG_WND=OFF WITH_DEBUG_X11=OFF WITH_DEBUG_X11_LOCAL_MOVESIZE=OFF WITH_DEBUG_XV=OFF WITH_DOCUMENTATION=OFF WITH_DSP_EXPERIMENTAL=OFF WITH_DSP_FFMPEG=ON WITH_DSP_FFMPEG_AVAILABLE=1 WITH_EVENTFD_READ_WRITE=1 WITH_FAAC=OFF WITH_FAAD2=OFF WITH_FDK_AAC=OFF WITH_FFMPEG=ON WITH_FREERDP_DEPRECATED=OFF WITH_FREERDP_DEPRECATED_COMMANDLINE=OFF WITH_FULL_CONFIG_PATH=OFF WITH_FUSE=ON WITH_GFX_FRAME_DUMP=OFF WITH_GFX_H264=ON WITH_GPROF=OFF WITH_GSM=ON WITH_ICU=ON WITH_INSTALL_CLIENT_DESKTOP_FILES=ON WITH_INTERNAL_MD4=OFF WITH_INTERNAL_MD5=OFF WITH_INTERNAL_RC4=OFF WITH_JPEG=ON WITH_JSONC_REQUIRED=ON WITH_JSON_DISABLED=OFF WITH_KERBEROS=ON WITH_KEYBOARD_LAYOUT_FROM_FILE=OFF WITH_KRB5=ON WITH_KRB5_NO_NTLM_FALLBACK=OFF WITH_LAME=OFF WITH_LIBRARY_VERSIONING=ON WITH_LIBRESSL=OFF WITH_LODEPNG=OFF WITH_MACAUDIO=OFF WITH_MACAUDIO_AVAILABLE=0 WITH_MANPAGES=ON WITH_MBEDTLS=OFF WITH_NATIVE_SSPI=OFF WITH_NO_UNDEFINED=OFF [17:50:55:750] [47174:0000b848] [WARN][com.freerdp.client.x11] - [load_map_from_xkbfile]:     : keycode: 0x08 -> no RDP scancode found
WITH_OPAQUE_SETTINGS=OFF WITH_OPENCL=OFF WITH_OPENH264=OFF WITH_OPENSC_PKCS11_LINKED=OFF WITH_OPENSSL=ON WITH_OPUS=ON WITH_OSS=ON WITH_PCSC=ON WITH_PKCS11=ON WITH_PLATFORM_SERVER=ON WITH_POLL=ON WITH_PROFILER=OFF WITH_PROXY=ON WITH_PROXY_APP=ON WITH_PROXY_EMULATE_SMARTCARD=OFF WITH_PROXY_MODULES=ON WITH_PULSE=ON WITH_RDTK=ON WITH_RESOURCE_VERSIONING=OFF WITH_SAMPLE=OFF WITH_SANITIZE_ADDRESS=OFF WITH_SANITIZE_ADDRESS_AVAILABLE=1 WITH_SANITIZE_MEMORY=OFF WITH_SANITIZE_MEMORY_AVAILABLE=1 WITH_SANITIZE_THREAD=OFF WITH_SANITIZE_THREAD_AVAILABLE=1 WITH_SDL_IMAGE_DIALOGS=ON WITH_SDL_LINK_SHARED=ON WITH_SERVER=ON WITH_SERVER_CHANNELS=ON WITH_SERVER_INTERFACE=ON WITH_SERVER_SHADOW_CLI=ON WITH_SHADOW=ON WITH_SHADOW_SUBSYSTEM=ON WITH_SIMD=ON WITH_SMARTCARD_EMULATE=ON WITH_SMARTCARD_INSPECT=OFF WITH_SMARTCARD_PCSC=ON WITH_SOXR=OFF WITH_STREAMPOOL_DEBUG=OFF WITH_SWSCALE=ON WITH_SYSTEMD=ON WITH_THIRD_PARTY=OFF WITH_TIMEZONE_COMPILED=ON WITH_TIMEZONE_FROM_FILE=OFF WITH_TIMEZONE_ICU=OFF WITH_UNICODE_BUILTIN=OFF WITH_URIPARSER=ON WITH_VAAPI=OFF WITH_VAAPI_AVAILABLE=1 WITH_VAAPI_H264_ENCODING=ON WITH_VAAPI_H264_ENCODING_AVAILABLE=1 WITH_VALGRIND_MEMCHECK=OFF WITH_VALGRIND_MEMCHECK_AVAILABLE=1 WITH_VERBOSE_WINPR_ASSERT=OFF WITH_VIDEO_FFMPEG=ON WITH_VIDEO_FFMPEG_AVAILABLE=1 WITH_WAYLAND=ON WITH_WEBVIEW=OFF WITH_WINPR_DEPRECATED=OFF WITH_WINPR_JSON=ON WITH_WINPR_TOOLS=ON WITH_WINPR_TOOLS_CLI=ON WITH_WINPR_UTILS_IMAGE_JPEG=ON WITH_WINPR_UTILS_IMAGE_PNG=ON WITH_WINPR_UTILS_IMAGE_WEBP=ON WITH_WIN_CONSOLE=ON WITH_X11=ON WITH_XCURSOR=ON WITH_XEXT=ON WITH_XFIXES=ON WITH_XI=ON WITH_XINERAMA=ON WITH_XRANDR=ON WITH_XRENDER=ON WITH_XV=ON
Build type:          RelWithDebInfo
CFLAGS:              -g -O2 -Werror=implicit-function-declaration -ffile-prefix-map=<src dir>=. -fstack-protector-strong -fstack-clash-protection -Wformat -Werror=format-security -fcf-protection -Wdate-time -D_FORTIFY_SOURCE=2 -DNDEBUG -Wdate-time -D_FORTIFY_SOURCE=2 -fvisibility=hidden -fno-omit-frame-pointer -Wredundant-decls -Wimplicit-function-declaration -fvisibility=hidden -O2 -g -DNDEBUG
Compiler:            GNU, 14.2.0
Target architecture: x64

[17:50:55:740] [47174:0000b848] [DEBUG][com.freerdp.core] - [freerdp_connect_begin]: resetting error state
[17:50:55:750] [47174:0000b848] [DEBUG][com.freerdp.client.x11] - [try_add]:  ESC: keycode: 0x09 -> rdp scancode: 0x00000001
[17:50:55:750] [47174:0000b848] [DEBUG][com.freerdp.client.x11] - [try_add]: AE01: keycode: 0x10 -> rdp scancode: 0x00000002
[17:50:55:750] [47174:0000b848] [DEBUG][com.freerdp.client.x11] - [try_add]: AE02: keycode: 0x11 -> rdp scancode: 0x00000003
[17:50:55:750] [47174:0000b848] [DEBUG][com.freerdp.client.x11] - [try_add]: AE03: keycode: 0x12 -> rdp scancode: 0x00000004
[17:50:55:750] [47174:0000b848] [DEBUG][com.freerdp.client.x11] - [try_add]: AE04: keycode: 0x13 -> rdp scancode: 0x00000005
[17:50:55:750] [47174:0000b848] [DEBUG][com.freerdp.client.x11] - [try_add]: AE05: keycode: 0x14 -> rdp scancode: 0x00000006
[17:50:55:750] [47174:0000b848] [DEBUG][com.freerdp.client.x11] - [try_add]: AE06: keycode: 0x15 -> rdp scancode: 0x00000007
[17:50:55:750] [47174:0000b848] [DEBUG][com.freerdp.client.x11] - [try_add]: AE07: keycode: 0x16 -> rdp scancode: 0x00000008
[17:50:55:750] [47174:0000b848] [DEBUG][com.freerdp.client.x11] - [try_add]: AE08: keycode: 0x17 -> rdp scancode: 0x00000009
[17:50:55:750] [47174:0000b848] [DEBUG][com.freerdp.client.x11] - [try_add]: AE09: keycode: 0x18 -> rdp scancode: 0x0000000a
[17:50:55:750] [47174:0000b848] [DEBUG][com.freerdp.client.x11] - [try_add]: AE10: keycode: 0x19 -> rdp scancode: 0x0000000b
[17:50:55:750] [47174:0000b848] [DEBUG][com.freerdp.client.x11] - [try_add]: AE11: keycode: 0x20 -> rdp scancode: 0x0000000c
[17:50:55:750] [47174:0000b848] [DEBUG][com.freerdp.client.x11] - [try_add]: AE12: keycode: 0x21 -> rdp scancode: 0x0000000d
[17:50:55:750] [47174:0000b848] [DEBUG][com.freerdp.client.x11] - [try_add]: BKSP: keycode: 0x22 -> rdp scancode: 0x0000000e
[17:50:55:750] [47174:0000b848] [DEBUG][com.freerdp.client.x11] - [try_add]:  TAB: keycode: 0x23 -> rdp scancode: 0x0000000f
[17:50:55:750] [47174:0000b848] [DEBUG][com.freerdp.client.x11] - [try_add]: AD01: keycode: 0x24 -> rdp scancode: 0x00000010
[17:50:55:750] [47174:0000b848] [DEBUG][com.freerdp.client.x11] - [try_add]: AD02: keycode: 0x25 -> rdp scancode: 0x00000011
[17:50:55:750] [47174:0000b848] [DEBUG][com.freerdp.client.x11] - [try_add]: AD03: keycode: 0x26 -> rdp scancode: 0x00000012
[17:50:55:750] [47174:0000b848] [DEBUG][com.freerdp.client.x11] - [try_add]: AD04: keycode: 0x27 -> rdp scancode: 0x00000013
[17:50:55:751] [47174:0000b848] [DEBUG][com.freerdp.client.x11] - [try_add]: AD05: keycode: 0x28 -> rdp scancode: 0x00000014
[17:50:55:751] [47174:0000b848] [DEBUG][com.freerdp.client.x11] - [try_add]: AD06: keycode: 0x29 -> rdp scancode: 0x00000015
[17:50:55:751] [47174:0000b848] [DEBUG][com.freerdp.client.x11] - [try_add]: AD07: keycode: 0x30 -> rdp scancode: 0x00000016
[17:50:55:751] [47174:0000b848] [DEBUG][com.freerdp.client.x11] - [try_add]: AD08: keycode: 0x31 -> rdp scancode: 0x00000017
[17:50:55:751] [47174:0000b848] [DEBUG][com.freerdp.client.x11] - [try_add]: AD09: keycode: 0x32 -> rdp scancode: 0x00000018
[17:50:55:751] [47174:0000b848] [DEBUG][com.freerdp.client.x11] - [try_add]: AD10: keycode: 0x33 -> rdp scancode: 0x00000019
[17:50:55:751] [47174:0000b848] [DEBUG][com.freerdp.client.x11] - [try_add]: AD11: keycode: 0x34 -> rdp scancode: 0x0000001a
[17:50:55:751] [47174:0000b848] [DEBUG][com.freerdp.client.x11] - [try_add]: AD12: keycode: 0x35 -> rdp scancode: 0x0000001b
[17:50:55:751] [47174:0000b848] [DEBUG][com.freerdp.client.x11] - [try_add]: RTRN: keycode: 0x36 -> rdp scancode: 0x0000001c
[17:50:55:751] [47174:0000b848] [DEBUG][com.freerdp.client.x11] - [try_add]: LCTL: keycode: 0x37 -> rdp scancode: 0x0000001d
[17:50:55:751] [47174:0000b848] [DEBUG][com.freerdp.client.x11] - [try_add]: AC01: keycode: 0x38 -> rdp scancode: 0x0000001e
[17:50:55:751] [47174:0000b848] [DEBUG][com.freerdp.client.x11] - [try_add]: AC02: keycode: 0x39 -> rdp scancode: 0x0000001f
[17:50:55:751] [47174:0000b848] [DEBUG][com.freerdp.client.x11] - [try_add]: AC03: keycode: 0x40 -> rdp scancode: 0x00000020
[17:50:55:751] [47174:0000b848] [DEBUG][com.freerdp.client.x11] - [try_add]: AC04: keycode: 0x41 -> rdp scancode: 0x00000021
[17:50:55:751] [47174:0000b848] [DEBUG][com.freerdp.client.x11] - [try_add]: AC05: keycode: 0x42 -> rdp scancode: 0x00000022
[17:50:55:751] [47174:0000b848] [DEBUG][com.freerdp.client.x11] - [try_add]: AC06: keycode: 0x43 -> rdp scancode: 0x00000023
[17:50:55:751] [47174:0000b848] [DEBUG][com.freerdp.client.x11] - [try_add]: AC07: keycode: 0x44 -> rdp scancode: 0x00000024
[17:50:55:751] [47174:0000b848] [DEBUG][com.freerdp.client.x11] - [try_add]: AC08: keycode: 0x45 -> rdp scancode: 0x00000025
[17:50:55:751] [47174:0000b848] [DEBUG][com.freerdp.client.x11] - [try_add]: AC09: keycode: 0x46 -> rdp scancode: 0x00000026
[17:50:55:751] [47174:0000b848] [DEBUG][com.freerdp.client.x11] - [try_add]: AC10: keycode: 0x47 -> rdp scancode: 0x00000027
[17:50:55:751] [47174:0000b848] [DEBUG][com.freerdp.client.x11] - [try_add]: AC11: keycode: 0x48 -> rdp scancode: 0x00000028
[17:50:55:751] [47174:0000b848] [DEBUG][com.freerdp.client.x11] - [try_add]: TLDE: keycode: 0x49 -> rdp scancode: 0x00000029
[17:50:55:751] [47174:0000b848] [DEBUG][com.freerdp.client.x11] - [try_add]: LFSH: keycode: 0x50 -> rdp scancode: 0x0000002a
[17:50:55:751] [47174:0000b848] [DEBUG][com.freerdp.client.x11] - [try_add]: BKSL: keycode: 0x51 -> rdp scancode: 0x0000002b
[17:50:55:751] [47174:0000b848] [DEBUG][com.freerdp.client.x11] - [try_add]: AB01: keycode: 0x52 -> rdp scancode: 0x0000002c
[17:50:55:751] [47174:0000b848] [DEBUG][com.freerdp.client.x11] - [try_add]: AB02: keycode: 0x53 -> rdp scancode: 0x0000002d
[17:50:55:751] [47174:0000b848] [DEBUG][com.freerdp.client.x11] - [try_add]: AB03: keycode: 0x54 -> rdp scancode: 0x0000002e
[17:50:55:751] [47174:0000b848] [DEBUG][com.freerdp.client.x11] - [try_add]: AB04: keycode: 0x55 -> rdp scancode: 0x0000002f
[17:50:55:751] [47174:0000b848] [DEBUG][com.freerdp.client.x11] - [try_add]: AB05: keycode: 0x56 -> rdp scancode: 0x00000030
[17:50:55:751] [47174:0000b848] [DEBUG][com.freerdp.client.x11] - [try_add]: AB06: keycode: 0x57 -> rdp scancode: 0x00000031
[17:50:55:751] [47174:0000b848] [DEBUG][com.freerdp.client.x11] - [try_add]: AB07: keycode: 0x58 -> rdp scancode: 0x00000032
[17:50:55:751] [47174:0000b848] [DEBUG][com.freerdp.client.x11] - [try_add]: AB08: keycode: 0x59 -> rdp scancode: 0x00000033
[17:50:55:751] [47174:0000b848] [DEBUG][com.freerdp.client.x11] - [try_add]: AB09: keycode: 0x60 -> rdp scancode: 0x00000034
[17:50:55:751] [47174:0000b848] [DEBUG][com.freerdp.client.x11] - [try_add]: AB10: keycode: 0x61 -> rdp scancode: 0x00000035
[17:50:55:751] [47174:0000b848] [DEBUG][com.freerdp.client.x11] - [try_add]: RTSH: keycode: 0x62 -> rdp scancode: 0x00000036
[17:50:55:751] [47174:0000b848] [DEBUG][com.freerdp.client.x11] - [try_add]: KPMU: keycode: 0x63 -> rdp scancode: 0x00000037
[17:50:55:751] [47174:0000b848] [DEBUG][com.freerdp.client.x11] - [try_add]: LALT: keycode: 0x64 -> rdp scancode: 0x00000038
[17:50:55:751] [47174:0000b848] [DEBUG][com.freerdp.client.x11] - [try_add]: SPCE: keycode: 0x65 -> rdp scancode: 0x00000039
[17:50:55:751] [47174:0000b848] [DEBUG][com.freerdp.client.x11] - [try_add]: CAPS: keycode: 0x66 -> rdp scancode: 0x0000003a
[17:50:55:751] [47174:0000b848] [DEBUG][com.freerdp.client.x11] - [try_add]: FK01: keycode: 0x67 -> rdp scancode: 0x0000003b
[17:50:55:751] [47174:0000b848] [DEBUG][com.freerdp.client.x11] - [try_add]: FK02: keycode: 0x68 -> rdp scancode: 0x0000003c
[17:50:55:751] [47174:0000b848] [DEBUG][com.freerdp.client.x11] - [try_add]: FK03: keycode: 0x69 -> rdp scancode: 0x0000003d
[17:50:55:751] [47174:0000b848] [DEBUG][com.freerdp.client.x11] - [try_add]: FK04: keycode: 0x70 -> rdp scancode: 0x0000003e
[17:50:55:751] [47174:0000b848] [DEBUG][com.freerdp.client.x11] - [try_add]: FK05: keycode: 0x71 -> rdp scancode: 0x0000003f
[17:50:55:751] [47174:0000b848] [DEBUG][com.freerdp.client.x11] - [try_add]: FK06: keycode: 0x72 -> rdp scancode: 0x00000040
[17:50:55:751] [47174:0000b848] [DEBUG][com.freerdp.client.x11] - [try_add]: FK07: keycode: 0x73 -> rdp scancode: 0x00000041
[17:50:55:751] [47174:0000b848] [DEBUG][com.freerdp.client.x11] - [try_add]: FK08: keycode: 0x74 -> rdp scancode: 0x00000042
[17:50:55:751] [47174:0000b848] [DEBUG][com.freerdp.client.x11] - [try_add]: FK09: keycode: 0x75 -> rdp scancode: 0x00000043
[17:50:55:751] [47174:0000b848] [DEBUG][com.freerdp.client.x11] - [try_add]: FK10: keycode: 0x76 -> rdp scancode: 0x00000044
[17:50:55:751] [47174:0000b848] [DEBUG][com.freerdp.client.x11] - [try_add]: NMLK: keycode: 0x77 -> rdp scancode: 0x00000045
[17:50:55:751] [47174:0000b848] [DEBUG][com.freerdp.client.x11] - [try_add]: SCLK: keycode: 0x78 -> rdp scancode: 0x00000046
[17:50:55:751] [47174:0000b848] [DEBUG][com.freerdp.client.x11] - [try_add]:  KP7: keycode: 0x79 -> rdp scancode: 0x00000047
[17:50:55:751] [47174:0000b848] [DEBUG][com.freerdp.client.x11] - [try_add]:  KP8: keycode: 0x80 -> rdp scancode: 0x00000048
[17:50:55:751] [47174:0000b848] [DEBUG][com.freerdp.client.x11] - [try_add]:  KP9: keycode: 0x81 -> rdp scancode: 0x00000049
[17:50:55:751] [47174:0000b848] [DEBUG][com.freerdp.client.x11] - [try_add]: KPSU: keycode: 0x82 -> rdp scancode: 0x0000004a
[17:50:55:751] [47174:0000b848] [DEBUG][com.freerdp.client.x11] - [try_add]:  KP4: keycode: 0x83 -> rdp scancode: 0x0000004b
[17:50:55:751] [47174:0000b848] [DEBUG][com.freerdp.client.x11] - [try_add]:  KP5: keycode: 0x84 -> rdp scancode: 0x0000004c
[17:50:55:751] [47174:0000b848] [DEBUG][com.freerdp.client.x11] - [try_add]:  KP6: keycode: 0x85 -> rdp scancode: 0x0000004d
[17:50:55:751] [47174:0000b848] [DEBUG][com.freerdp.client.x11] - [try_add]: KPAD: keycode: 0x86 -> rdp scancode: 0x0000004e
[17:50:55:751] [47174:0000b848] [DEBUG][com.freerdp.client.x11] - [try_add]:  KP1: keycode: 0x87 -> rdp scancode: 0x0000004f
[17:50:55:751] [47174:0000b848] [DEBUG][com.freerdp.client.x11] - [try_add]:  KP2: keycode: 0x88 -> rdp scancode: 0x00000050
[17:50:55:751] [47174:0000b848] [DEBUG][com.freerdp.c[17:50:55:751] [47174:0000b848] [WARN][com.freerdp.client.x11] - [load_map_from_xkbfile]:     : keycode: 0x5d -> no RDP scancode found
lient.x11] - [try_add]:  KP3: keycode: 0x89 -> rdp scancode: 0x00000051
[17:50:55:751] [47174:0000b848] [DEBUG][com.freerdp.client.x11] - [try_add]:  KP0: keycode: 0x90 -> rdp scancode: 0x00000052
[17:50:55:751] [47174:0000b848] [DEBUG][com.freerdp.client.x11] - [try_add]: KPDL: keycode: 0x91 -> rdp scancode: 0x00000053
[17:50:55:751] [47174:0000b848] [DEBUG][com.freerdp.client.x11] - [try_add]: LVL3: keycode: 0x92 -> rdp scancode: 0x00000138
[17:50:55:751] [47174:0000b848] [DEBUG][com.freerdp.client.x11] - [try_add]: LSGT: keycode: 0x94 -> rdp scancode: 0x00000056
[17:50:55:751] [47174:0000b848] [DEBUG][com.freerdp.client.x11] - [try_add]: FK11: keycode: 0x95 -> rdp scancode: 0x00000057
[17:50:55:751] [47174:0000b848] [DEBUG][com.freerdp.client.x11] - [try_add]: FK12: keycode: 0x96 -> rdp scancode: 0x00000058
[17:50:55:751] [47174:0000b848] [DEBUG][com.freerdp.client.x11] - [try_add]: AB11: keycode: 0x97 -> rdp scancode: 0x00000073
[17:50:55:751] [47174:0000b848] [DEBUG][com.freerdp.client.x11] - [try_add]: KATA: keycode: 0x98 -> rdp scancode: 0x00000072
[17:50:55:752] [47174:0000b848] [DEBUG][com.freerdp.client.x11] - [try_add]: HIRA: keycode: 0x99 -> rdp scancode: 0x00000070
[17:50:55:752] [47174:0000b848] [DEBUG][com.freerdp.client.x11] - [try_add]: HENK: keycode: 0x100 -> rdp scancode: 0x00000079
[17:50:55:752] [47174:0000b848] [DEBUG][com.freerdp.client.x11] - [try_add]: HKTG: keycode: 0x101 -> rdp scancode: 0x00000070
[17:50:55:752] [47174:0000b848] [DEBUG][com.freerdp.client.x11] - [try_add]: MUHE: keycode: 0x102 -> rdp scancode: 0x0000007b
[17:50:55:752] [47174:0000b848] [DEBUG][com.freerdp.client.x11] - [try_add]: JPCM: keycode: 0x103 -> rdp scancode: 0x00000000
[17:50:55:752] [47174:0000b848] [DEBUG][com.freerdp.client.x11] - [try_add]: KPEN: keycode: 0x104 -> rdp scancode: 0x0000011c
[17:50:55:752] [47174:0000b848] [DEBUG][com.freerdp.client.x11] - [try_add]: RCTL: keycode: 0x105 -> rdp scancode: 0x0000011d
[17:50:55:752] [47174:0000b848] [DEBUG][com.freerdp.client.x11] - [try_add]: KPDV: keycode: 0x106 -> rdp scancode: 0x00000135
[17:50:55:752] [47174:0000b848] [DEBUG][com.freerdp.client.x11] - [try_add]: PRSC: keycode: 0x107 -> rdp scancode: 0x00000137
[17:50:55:752] [47174:0000b848] [DEBUG][com.freerdp.client.x11] - [try_add]: RALT: keycode: 0x108 -> rdp scancode: 0x00000138
[17:50:55:752] [47174:0000b848] [DEBUG][com.freerdp.client.x11] - [try_add]: LNFD: keycode: 0x109 -> rdp scancode: 0x00000000
[17:50:55:752] [47174:0000b848] [DEBUG][com.freerdp.client.x11] - [try_add]: HOME: keycode: 0x110 -> rdp scancode: 0x00000147
[17:50:55:752] [47174:0000b848] [DEBUG][com.freerdp.client.x11] - [try_add]:   UP: keycode: 0x111 -> rdp scancode: 0x00000148
[17:50:55:752] [47174:0000b848] [DEBUG][com.freerdp.client.x11] - [try_add]: PGUP: keycode: 0x112 -> rdp scancode: 0x00000149
[17:50:55:752] [47174:0000b848] [DEBUG][com.freerdp.client.x11] - [try_add]: LEFT: keycode: 0x113 -> rdp scancode: 0x0000014b
[17:50:55:752] [47174:0000b848] [DEBUG][com.freerdp.client.x11] - [try_add]: RGHT: keycode: 0x114 -> rdp scancode: 0x0000014d
[17:50:55:752] [47174:0000b848] [DEBUG][com.freerdp.client.x11] - [try_add]:  END: keycode: 0x115 -> rdp scancode: 0x0000014f
[17:50:55:752] [47174:0000b848] [DEBUG][com.freerdp.client.x11] - [try_add]: DOWN: keycode: 0x116 -> rdp scancode: 0x00000150
[17:50:55:752] [47174:0000b848] [DEBUG][com.freerdp.client.x11] - [try_add]: PGDN: keycode: 0x117 -> rdp scancode: 0x00000151
[17:50:55:752] [47174:0000b848] [DEBUG][com.freerdp.client.x11] - [try_add]:  INS: keycode: 0x118 -> rdp scancode: 0x00000152
[17:50:55:752] [47174:0000b848] [DEBUG][com.freerdp.client.x11] - [try_add]: DELE: keycode: 0x119 -> rdp scancode: 0x00000153
[17:50:55:752] [47174:0000b848] [DEBUG][com.freerdp.client.x11] - [try_add]: I120: keycode: 0x120 -> rdp scancode: 0x00000000
[17:50:55:752] [47174:0000b848] [DEBUG][com.freerdp.client.x11] - [try_add]: MUTE: keycode: 0x121 -> rdp scancode: 0x00000120
[17:50:55:752] [47174:0000b848] [DEBUG][com.freerdp.client.x11] - [try_add]: VOL-: keycode: 0x122 -> rdp scancode: 0x0000012e
[17:50:55:752] [47174:0000b848] [DEBUG][com.freerdp.client.x11] - [try_add]: VOL+: keycode: 0x123 -> rdp scancode: 0x00000130
[17:50:55:752] [47174:0000b848] [DEBUG][com.freerdp.client.x11] - [try_add]: POWR: keycode: 0x124 -> rdp scancode: 0x00000000
[17:50:55:752] [47174:0000b848] [DEBUG][com.freerdp.client.x11] - [try_add]: KPEQ: keycode: 0x125 -> rdp scancode: 0x00000000
[17:50:55:752] [47174:0000b848] [DEBUG][com.freerdp.client.x11] - [try_add]: I126: keycode: 0x126 -> rdp scancode: 0x00000000
[17:50:55:752] [47174:0000b848] [DEBUG][com.freerdp.client.x11] - [try_add]: PAUS: keycode: 0x127 -> rdp scancode: 0x00000146
[17:50:55:752] [47174:0000b848] [DEBUG][com.freerdp.client.x11] - [try_add]: I128: keycode: 0x128 -> rdp scancode: 0x0000016d
[17:50:55:752] [47174:0000b848] [DEBUG][com.freerdp.client.x11] - [try_add]: I129: keycode: 0x129 -> rdp scancode: 0x0000007e
[17:50:55:752] [47174:0000b848] [DEBUG][com.freerdp.client.x11] - [try_add]: HNGL: keycode: 0x130 -> rdp scancode: 0x00000072
[17:50:55:752] [47174:0000b848] [DEBUG][com.freerdp.client.x11] - [try_add]: HJCV: keycode: 0x131 -> rdp scancode: 0x00000071
[17:50:55:752] [47174:0000b848] [DEBUG][com.freerdp.client.x11] - [try_add]: AE13: keycode: 0x132 -> rdp scancode: 0x0000007d
[17:50:55:752] [47174:0000b848] [DEBUG][com.freerdp.client.x11] - [try_add]: LWIN: keycode: 0x133 -> rdp scancode: 0x0000015b
[17:50:55:752] [47174:0000b848] [DEBUG][com.freerdp.client.x11] - [try_add]: RWIN: keycode: 0x134 -> rdp scancode: 0x0000015c
[17:50:55:752] [47174:0000b848] [DEBUG][com.freerdp.client.x11] - [try_add]: COMP: keycode: 0x135 -> rdp scancode: 0x0000015d
[17:50:55:752] [47174:0000b848] [DEBUG][com.freerdp.client.x11] - [try_add]: STOP: keycode: 0x136 -> rdp scancode: 0x00000168
[17:50:55:752] [47174:0000b848] [DEBUG][com.freerdp.client.x11] - [try_add]: AGAI: keycode: 0x137 -> rdp scancode: 0x00000000
[17:50:55:752] [47174:0000b848] [DEBUG][com.freerdp.client.x11] - [try_add]: PROP: keycode: 0x138 -> rdp scancode: 0x00000000
[17:50:55:752] [47174:0000b848] [DEBUG][com.freerdp.client.x11] - [try_add]: UNDO: keycode: 0x139 -> rdp scancode: 0x00000000
[17:50:55:752] [47174:0000b848] [DEBUG][com.freerdp.client.x11] - [try_add]: FRNT: keycode: 0x140 -> rdp scancode: 0x00000000
[17:50:55:752] [47174:0000b848] [DEBUG][com.freerdp.client.x11] - [try_add]: COPY: keycode: 0x141 -> rdp scancode: 0x00000000
[17:50:55:752] [47174:0000b848] [DEBUG][com.freerdp.client.x11] - [try_add]: OPEN: keycode: 0x142 -> rdp scancode: 0x00000000
[17:50:55:752] [47174:0000b848] [DEBUG][com.freerdp.client.x11] - [try_add]: PAST: keycode: 0x143 -> rdp scancode: 0x00000000
[17:50:55:752] [47174:0000b848] [DEBUG][com.freerdp.client.x11] - [try_add]: FIND: keycode: 0x144 -> rdp scancode: 0x00000000
[17:50:55:752] [47174:0000b848] [DEBUG][com.freerdp.client.x11] - [try_add]:  CUT: keycode: 0x145 -> rdp scancode: 0x00000000
[17:50:55:752] [47174:0000b848] [DEBUG][com.freerdp.client.x11] - [try_add]: HELP: keycode: 0x146 -> rdp scancode: 0x00000063
[17:50:55:752] [47174:0000b848] [DEBUG][com.freerdp.client.x11] - [try_add]: I147: keycode: 0x147 -> rdp scancode: 0x00000000
[17:50:55:752] [47174:0000b848] [DEBUG][com.freerdp.client.x11] - [try_add]: I148: keycode: 0x148 -> rdp scancode: 0x00000000
[17:50:55:752] [47174:0000b848] [DEBUG][com.freerdp.client.x11] - [try_add]: I149: keycode: 0x149 -> rdp scancode: 0x00000000
[17:50:55:752] [47174:0000b848] [DEBUG][com.freerdp.client.x11] - [try_add]: I150: keycode: 0x150 -> rdp scancode: 0x0000005f
[17:50:55:752] [47174:0000b848] [DEBUG][com.freerdp.client.x11] - [try_add]: I151: keycode: 0x151 -> rdp scancode: 0x00000000
[17:50:55:752] [47174:0000b848] [DEBUG][com.freerdp.client.x11] - [try_add]: I152: keycode: 0x152 -> rdp scancode: 0x00000000
[17:50:55:752] [47174:0000b848] [DEBUG][com.freerdp.client.x11] - [try_add]: I153: keycode: 0x153 -> rdp scancode: 0x00000000
[17:50:55:752] [47174:0000b848] [DEBUG][com.freerdp.client.x11] - [try_add]: I154: keycode: 0x154 -> rdp scancode: 0x00000000
[17:50:55:752] [47174:0000b848] [DEBUG][com.freerdp.client.x11] - [try_add]: I155: keycode: 0x155 -> rdp scancode: 0x00000000
[17:50:55:752] [47174:0000b848] [DEBUG][com.freerdp.client.x11] - [try_add]: I156: keycode: 0x156 -> rdp scancode: 0x0000016e
[17:50:55:752] [47174:0000b848] [DEBUG][com.freerdp.client.x11] - [try_add]: I157: keycode: 0x157 -> rdp scancode: 0x0000016f
[17:50:55:752] [47174:0000b848] [DEBUG][com.freerdp.client.x11] - [try_add]: I158: keycode: 0x158 -> rdp scancode: 0x00000132
[17:50:55:752] [47174:0000b848] [DEBUG][com.freerdp.client.x11] - [try_add]: I159: keycode: 0x159 -> rdp scancode: 0x00000000
[17:50:55:752] [47174:0000b848] [DEBUG][com.freerdp.client.x11] - [try_add]: I160: keycode: 0x160 -> rdp scancode: 0x00000000
[17:50:55:752] [47174:0000b848] [DEBUG][com.freerdp.client.x11] - [try_add]: I161: keycode: 0x161 -> rdp scancode: 0x00000000
[17:50:55:752] [47174:0000b848] [DEBUG][com.freerdp.client.x11] - [try_add]: I162: keycode: 0x162 -> rdp scancode: 0x00000000
[17:50:55:752] [47174:0000b848] [DEBUG][com.freerdp.client.x11] - [try_add]: I163: keycode: 0x163 -> rdp scancode: 0x0000016c
[17:50:55:753] [47174:0000b848] [DEBUG][com.freerdp.client.x11] - [try_add]: I164: keycode: 0x164 -> rdp scancode: 0x00000166
[17:50:55:753] [47174:0000b848] [DEBUG][com.freerdp.client.x11] - [try_add]: I165: keycode: 0x165 -> rdp scancode: 0x00000000
[17:50:55:753] [47174:0000b848] [DEBUG][com.freerdp.client.x11] - [try_add]: I166: keycode: 0x166 -> rdp scancode: 0x0000016a
[17:50:55:753] [47174:0000b848] [DEBUG][com.freerdp.client.x11] - [try_add]: I167: keycode: 0x167 -> rdp scancode: 0x00000169
[17:50:55:753] [47174:0000b848] [DEBUG][com.freerdp.client.x11] - [try_add]: I168: keycode: 0x168 -> rdp scancode: 0x00000000
[17:50:55:753] [47174:0000b848] [DEBUG][com.freerdp.client.x11] - [try_add]: I169: keycode: 0x169 -> rdp scancode: 0x00000000
[17:50:55:753] [47174:0000b848] [DEBUG][com.freerdp.client.x11] - [try_add]: I170: keycode: 0x170 -> rdp scancode: 0x00000000
[17:50:55:753] [47174:0000b848] [DEBUG][com.freerdp.client.x11] - [try_add]: I171: keycode: 0x171 -> rdp scancode: 0x00000119
[17:50:55:753] [47174:0000b848] [DEBUG][com.freerdp.client.x11] - [try_add]: I172: keycode: 0x172 -> rdp scancode: 0x00000122
[17:50:55:753] [47174:0000b848] [DEBUG][com.freerdp.client.x11] - [try_add]: I173: keycode: 0x173 -> rdp scancode: 0x00000110
[17:50:55:753] [47174:0000b848] [DEBUG][com.freerdp.client.x11] - [try_add]: I174: keycode: 0x174 -> rdp scancode: 0x00000124
[17:50:55:753] [47174:0000b848] [DEBUG][com.freerdp.client.x11] - [try_add]: I175: keycode: 0x175 -> rdp scancode: 0x00000000
[17:50:55:753] [47174:0000b848] [DEBUG][com.freerdp.client.x11] - [try_add]: I176: keycode: 0x176 -> rdp scancode: 0x00000000
[17:50:55:753] [47174:0000b848] [DEBUG][com.freerdp.client.x11] - [try_add]: I177: keycode: 0x177 -> rdp scancode: 0x00000000
[17:50:55:753] [47174:0000b848] [DEBUG][com.freerdp.client.x11] - [try_add]: I178: keycode: 0x178 -> rdp scancode: 0x00000000
[17:50:55:753] [47174:0000b848] [DEBUG][com.freerdp.client.x11] - [try_add]: I179: keycode: 0x179 -> rdp scancode: 0x00000000
[17:50:55:753] [47174:0000b848] [DEBUG][com.freerdp.client.x11] - [try_add]: I180: keycode: 0x180 -> rdp scancode: 0x00000132
[17:50:55:753] [47174:0000b848] [DEBUG][com.freerdp.client.x11] - [try_add]: I181: keycode: 0x181 -> rdp scancode: 0x00000167
[17:50:55:753] [47174:0000b848] [DEBUG][com.freerdp.client.x11] - [try_add]: I182: keycode: 0x182 -> rdp scancode: 0x00000000
[17:50:55:753] [47174:0000b848] [DEBUG][com.freerdp.client.x11] - [try_add]: I183: keycode: 0x183 -> rdp scancode: 0x00000000
[17:50:55:753] [47174:0000b848] [DEBUG][com.freerdp.client.x11] - [try_add]: I184: keycode: 0x184 -> rdp scancode: 0x00000000
[17:50:55:753] [47174:0000b848] [DEBUG][com.freerdp.client.x11] - [try_add]: I185: keycode: 0x185 -> rdp scancode: 0x00000000
[17:50:55:753] [47174:0000b848] [DEBUG][com.freerdp.client.x11] - [try_add]: I186: keycode: 0x186 -> rdp scancode: 0x00000000
[17:50:55:753] [47174:0000b848] [DEBUG][com.freerdp.client.x11] - [try_add]: I187: keycode: 0x187 -> rdp scancode: 0x00000000
[17:50:55:753] [47174:0000b848] [DEBUG][com.freerdp.client.x11] - [try_add]: I188: keycode: 0x188 -> rdp scancode: 0x00000000
[17:50:55:753] [47174:0000b848] [DEBUG][com.freerdp.client.x11] - [try_add]: I189: keycode: 0x189 -> rdp scancode: 0x00000000
[17:50:55:753] [47174:0000b848] [DEBUG][com.freerdp.client.x11] - [try_add]: I190: keycode: 0x190 -> rdp scancode: 0x00000000
[17:50:55:753] [47174:0000b848] [DEBUG][com.freerdp.client.x11] - [try_add]: FK13: keycode: 0x191 -> rdp scancode: 0x00000064
[17:50:55:753] [47174:0000b848] [DEBUG][com.freerdp.client.x11] - [try_add]: FK14: keycode: 0x192 -> rdp scancode: 0x00000065
[17:50:55:753] [47174:0000b848] [DEBUG][com.freerdp.client.x11] - [try_add]: FK15: keycode: 0x193 -> rdp scancode: 0x00000066
[17:50:55:753] [47174:0000b848] [DEBUG][com.freerdp.client.x11] - [try_add]: FK16: keycode: 0x194 -> rdp scancode: 0x00000067
[17:50:55:753] [47174:0000b848] [DEBUG][com.freerdp.client.x11] - [try_add]: FK17: keycode: 0x195 -> rdp scancode: 0x00000068
[17:50:55:753] [47174:0000b848] [DEBUG][com.freerdp.client.x11] - [try_add]: FK18: keycode: 0x196 -> rdp scancode: 0x00000069
[17:50:55:753] [47174:0000b848] [DEBUG][com.freerdp.client.x11] - [try_add]: FK19: keycode: 0x197 -> rdp scancode: 0x0000006a
[17:50:55:753] [47174:0000b848] [DEBUG][com.freerdp.client.x11] - [try_add]: FK20: keycode: 0x198 -> rdp scancode: 0x0000006b
[17:50:55:753] [47174:0000b848] [DEBUG][com.freerdp.client.x11] - [try_add]: FK21: keycode: 0x199 -> rdp scancode: 0x0000006c
[17:50:55:753] [47174:0000b848] [DEBUG][com.freerdp.client.x11] - [try_add]: FK22: keycode: 0x200 -> rdp scancode: 0x0000006d
[17:50:55:753] [47174:0000b848] [DEBUG][com.freerdp.client.x11] - [try_add]: FK23: keycode: 0x201 -> rdp scancode: 0x0000006e
[17:50:55:753] [47174:0000b848] [DEBUG][com.freerdp.client.x11] - [try_add]: FK24: keycode: 0x202 -> rdp scancode: 0x0000006f
[17:50:55:753] [47174:0000b848] [DEBUG][com.freerdp.client.x11] - [try_add]: LVL5: keycode: 0x203 -> rdp scancode: 0x00000000
[17:50:55:753] [47174:0000b848] [DEBUG][com.freerdp.client.x11] - [try_add]:  ALT: keycode: 0x204 -> rdp scancode: 0x00000038
[17:50:55:753] [47174:0000b848] [DEBUG][com.freerdp.client.x11] - [try_add]: META: keycode: 0x205 -> rdp scancode: 0x00000038
[17:50:55:753] [47174:0000b848] [DEBUG][com.freerdp.client.x11] - [try_add]: SUPR: keycode: 0x206 -> rdp scancode: 0x0000015b
[17:50:55:753] [47174:0000b848] [DEBUG][com.freerdp.client.x11] - [try_add]: HYPR: keycode: 0x207 -> rdp scancode: 0x0000015b
[17:50:55:753] [47174:0000b848] [DEBUG][com.freerdp.client.x11] - [try_add]: I208: keycode: 0x208 -> rdp scancode: 0x00000122
[17:50:55:753] [47174:0000b848] [DEBUG][com.freerdp.client.x11] - [try_add]: I209: keycode: 0x209 -> rdp scancode: 0x00000122
[17:50:55:753] [47174:0000b848] [DEBUG][com.freerdp.client.x11] - [try_add]: I210: keycode: 0x210 -> rdp scancode: 0x00000000
[17:50:55:753] [47174:0000b848] [DEBUG][com.freerdp.client.x11] - [try_add]: I211: keycode: 0x211 -> rdp scancode: 0x00000000
[17:50:55:753] [47174:0000b848] [DEBUG][com.freerdp.client.x11] - [try_add]: I212: keycode: 0x212 -> rdp scancode: 0x00000000
[17:50:55:753] [47174:0000b848] [DEBUG][com.freerdp.client.x11] - [try_add]: I213: keycode: 0x213 -> rdp scancode: 0x00000000
[17:50:55:753] [47174:0000b848] [DEBUG][com.freerdp.client.x11] - [try_add]: I214: keycode: 0x214 -> rdp scancode: 0x00000000
[17:50:55:753] [47174:0000b848] [DEBUG][com.freerdp.client.x11] - [try_add]: I215: keycode: 0x215 -> rdp scancode: 0x00000122
[17:50:55:753] [47174:0000b848] [DEBUG][com.freerdp.client.x11] - [try_add]: I216: keycode: 0x216 -> rdp scancode: 0x00000119
[17:50:55:753] [47174:0000b848] [DEBUG][com.freerdp.client.x11] - [try_add]: I217: keycode: 0x217 -> rdp scancode: 0x00000000
[17:50:55:753] [47174:0000b848] [DEBUG][com.freerdp.client.x11] - [try_add]: I218: keycode: 0x218 -> rdp scancode: 0x00000000
[17:50:55:753] [47174:0000b848] [DEBUG][com.freerdp.client.x11] - [try_add]: I219: keycode: 0x219 -> rdp scancode: 0x00000000
[17:50:55:753] [47174:0000b848] [DEBUG][com.freerdp.client.x11] - [try_add]: I220: keycode: 0x220 -> rdp scancode: 0x00000000
[17:50:55:753] [47174:0000b848] [DEBUG][com.freerdp.client.x11] - [try_add]: I221: keycode: 0x221 -> rdp scancode: 0x00000000
[17:50:55:753] [47174:0000b848] [DEBUG][com.freerdp.client.x11] - [try_add]: I222: keycode: 0x222 -> rdp scancode: 0x00000000
[17:50:55:753] [47174:0000b848] [DEBUG][com.freerdp.client.x11] - [try_add]: I223: keycode: 0x223 -> rdp scancode: 0x0000016c
[17:50:55:753] [47174:0000b848] [DEBUG][com.freerdp.client.x11] - [try_add]: I224: keycode: 0x224 -> rdp scancode: 0x00000000
[17:50:55:753] [47174:0000b848] [DEBUG][com.freerdp.client.x11] - [try_add]: I225: keycode: 0x225 -> rdp scancode: 0x00000165
[17:50:55:753] [47174:0000b848] [DEBUG][com.freerdp.client.x11] - [try_add]: I226: keycode: 0x226 -> rdp scancode: 0x00000000
[17:50:55:753] [47174:0000b848] [DEBUG][com.freerdp.client.x11] - [try_add]: I227: keycode: 0x227 -> rdp scancode: 0x00000000
[17:50:55:753] [47174:0000b848] [DEBUG][com.freerdp.client.x11] - [try_add]: I228: keycode: 0x228 -> rdp scancode: 0x00000000
[17:50:55:754] [47174:0000b848] [DEBUG][com.freerdp.client.x11] - [try_add]: I229: keycode: 0x229 -> rdp scancode: 0x00000000
[17:50:55:754] [47174:0000b848] [DEBUG][com.freerdp.client.x11] - [try_add]: I230: keycode: 0x230 -> rdp scancode: 0x00000000
[17:50:55:754] [47174:0000b848] [DEBUG][com.freerdp.client.x11] - [try_add]: I231: keycode: 0x231 -> rdp scancode: 0x00000000
[17:50:55:754] [47174:0000b848] [DEBUG][com.freerdp.client.x11] - [try_add]: I232: keycode: 0x232 -> rdp scancode: 0x00000000
[17:50:55:754] [47174:0000b848] [DEBUG][com.freerdp.client.x11] - [try_add]: I233: keycode: 0x233 -> rdp scancode: 0x00000000
[17:50:55:754] [47174:0000b848] [DEBUG][com.freerdp.client.x11] - [try_add]: I234: keycode: 0x234 -> rdp scancode: 0x0000016d
[17:50:55:754] [47174:0000b848] [DEBUG][com.freerdp.client.x11] - [try_add]: I235: keycode: 0x235 -> rdp scancode: 0x00000000
[17:50:55:754] [47174:0000b848] [DEBUG][com.freerdp.client.x11] - [try_add]: I236: keycode: 0x236 -> rdp scancode: 0x00000000
[17:50:55:754] [47174:0000b848] [DEBUG][com.freerdp.client.x11] - [try_add]: I237: keycode: 0x237 -> rdp scancode: 0x00000000
[17:50:55:754] [47174:0000b848] [DEBUG][com.freerdp.client.x11] - [try_add]: I238: keycode: 0x238 -> rdp scancode: 0x00000000
[17:50:55:754] [47174:0000b848] [DEBUG][com.freerdp.client.x11] - [try_add]: I239: keycode: 0x239 -> rdp scancode: 0x00000000
[17:50:55:754] [47174:0000b848] [DEBUG][com.freerdp.client.x11] - [try_add]: I240: keycode: 0x240 -> rdp scancode: 0x00000000
[17:50:55:754] [47174:0000b848] [DEBUG][com.freerdp.client.x11] - [try_add]: I241: keycode: 0x241 -> rdp scancode: 0x00000000
[17:50:55:754] [47174:0000b848] [DEBUG][com.freerdp.client.x11] - [try_add]: I242: keycode: 0x242 -> rdp scancode: 0x00000000
[17:50:55:754] [47174:0000b848] [DEBUG][com.freerdp.client.x11] - [try_add]: I243: keycode: 0x243 -> rdp scancode: 0x00000000
[17:50:55:754] [47174:0000b848] [DEBUG][com.freerdp.client.x11] - [try_add]: I244: keycode: 0x244 -> rdp scancode: 0x00000000
[17:50:55:754] [47174:0000b848] [DEBUG][com.freerdp.client.x11] - [try_add]: I245: keycode: 0x245 -> rdp scancode: 0x00000000
[17:50:55:754] [47174:0000b848] [DEBUG][com.freerdp.client.x11] - [try_add]: I246: keycode: 0x246 -> rdp scancode: 0x00000000
[17:50:55:754] [47174:0000b848] [DEBUG][com.freerdp.client.x11] - [try_add]: I247: keycode: 0x247 -> rdp scancode: 0x00000000
[17:50:55:754] [47174:0000b848] [DEBUG][com.freerdp.client.x11] - [try_add]: I248: keycode: 0x248 -> rdp scancode: 0x00000000
[17:50:55:754] [47174:0000b848] [DEBUG][com.freerdp.client.x11] - [try_add]: I249: keycode: 0x249 -> rdp scancode: 0x00000000
[17:50:55:754] [47174:0000b848] [DEBUG][com.freerdp.client.x11] - [try_add]: I250: keycode: 0x250 -> rdp scancode: 0x00000000
[17:50:55:754] [47174:0000b848] [DEBUG][com.freerdp.client.x11] - [try_add]: I251: keycode: 0x251 -> rdp scancode: 0x00000000
[17:50:55:754] [47174:0000b848] [DEBUG][com.freerdp.client.x11] - [try_add]: I252: keycode: 0x252 -> rdp scancode: 0x00000000
[17:50:55:754] [47174:0000b848] [DEBUG][com.freerdp.client.x11] - [try_add]: I253: keycode: 0x253 -> rdp scancode: 0x00000000
[17:50:55:754] [47174:0000b848] [DEBUG][com.freerdp.client.x11] - [try_add]: I254: keycode: 0x254 -> rdp scancode: 0x00000000
[17:50:55:754] [47174:0000b848] [DEBUG][com.freerdp.client.xfreerdp.utils] - [run_action_script]: [ActionScript] no such script '/home/hoang/.config/freerdp/action.sh'
[17:50:55:755] [47174:0000b848] [DEBUG][com.freerdp.client.xfreerdp.utils] - [run_action_script]: [ActionScript] no such script '/home/hoang/.config/freerdp/action.sh'
[17:50:56:311] [47174:0000b848] [DEBUG][com.freerdp.settings] - [log_monitor_configuration]: [BEGIN] MonitorDefArray[1]
[17:50:56:311] [47174:0000b848] [DEBUG][com.freerdp.settings] - [log_monitor]: [0] [primary] {0x0-2560x1600} [0] {113x181, orientation: 63, desktopScale: 0, deviceScale: 0}
[17:50:56:311] [47174:0000b848] [DEBUG][com.freerdp.settings] - [log_monitor_configuration]: [END] MonitorDefArray[1]
[17:50:56:311] [47174:0000b848] [DEBUG][com.freerdp.client.common.cmdline] - [freerdp_client_load_static_channel_addin]: loading channelEx rdpdr
[17:50:56:312] [47174:0000b848] [DEBUG][com.freerdp.client.common.cmdline] - [freerdp_client_load_static_channel_addin]: loading channelEx rdpsnd
[17:50:56:312] [47174:0000b848] [DEBUG][com.freerdp.channels.cliprdr.client] - [cliprdr_VirtualChannelEntryEx]: VirtualChannelEntryEx
[17:50:56:312] [47174:0000b848] [DEBUG][com.freerdp.client.common.cmdline] - [freerdp_client_load_static_channel_addin]: loading channelEx cliprdr
[17:50:56:312] [47174:0000b848] [DEBUG][com.freerdp.channels.drdynvc.client] - [drdynvc_VirtualChannelEntryEx]: VirtualChannelEntryEx
[17:50:56:312] [47174:0000b848] [DEBUG][com.freerdp.client.common.cmdline] - [freerdp_client_load_static_channel_addin]: loading channelEx drdynvc
[17:50:56:314] [47174:0000b848] [DEBUG][com.freerdp.primitives] - [primitives_autodetect_best]: primitives benchmark: only one backend, skipping...
[17:50:56:314] [47174:0000b848] [DEBUG][com.freerdp.primitives] - [primitives_autodetect_best]: primitives autodetect, using optimized
[17:50:56:387] [47174:0000b848] [DEBUG][com.freerdp.core.nego] - [nego_set_negotiation_enabled]: Enabling security layer negotiation: TRUE
[17:50:56:387] [47174:0000b848] [DEBUG][com.freerdp.core.nego] - [nego_set_restricted_admin_mode_required]: Enabling restricted admin mode: FALSE
[17:50:56:387] [47174:0000b848] [DEBUG][com.freerdp.core.nego] - [nego_set_RCG_required]: Enabling remoteCredentialGuards: FALSE
[17:50:56:387] [47174:0000b848] [DEBUG][com.freerdp.core.nego] - [nego_enable_rdp]: Enabling RDP security: TRUE
[17:50:56:387] [47174:0000b848] [DEBUG][com.freerdp.core.nego] - [nego_enable_tls]: Enabling TLS security: TRUE
[17:50:56:387] [47174:0000b848] [DEBUG][com.freerdp.core.nego] - [nego_enable_nla]: Enabling NLA security: TRUE
[17:50:56:387] [47174:0000b848] [DEBUG][com.freerdp.core.nego] - [nego_enable_ext]: Enabling NLA extended security: FALSE
[17:50:56:387] [47174:0000b848] [DEBUG][com.freerdp.core.nego] - [nego_enable_rdstls]: Enabling RDSTLS security: FALSE
[17:50:56:387] [47174:0000b848] [DEBUG][com.freerdp.core.nego] - [nego_enable_aad]: Enabling RDS AAD security: FALSE
[17:50:56:387] [47174:0000b848] [DEBUG][com.freerdp.core.rdp] - [rdp_client_transition_to_state][0x55822c379c30]: CONNECTION_STATE_INITIAL --> CONNECTION_STATE_NEGO
[17:50:56:387] [47174:0000b848] [DEBUG][com.freerdp.core] - [freerdp_tcp_is_hostname_resolvable]: resetting error state
[17:50:56:387] [47174:0000b848] [DEBUG][com.freerdp.core] - [freerdp_tcp_default_connect]: resetting error state
[17:50:56:387] [47174:0000b848] [DEBUG][com.freerdp.core] - [freerdp_tcp_default_connect]: connecting to peer 192.168.1.10
[17:50:56:478] [47174:0000b848] [DEBUG][com.freerdp.core.nego] - [nego_connect]: state: NEGO_STATE_NLA
[17:50:56:478] [47174:0000b848] [DEBUG][com.freerdp.core.nego] - [nego_attempt_nla]: Attempting NLA security
[17:50:56:478] [47174:0000b848] [DEBUG][com.freerdp.core.nego] - [nego_send_negotiation_request]: RequestedProtocols: [SSL|HY[17:50:56:657] [47174:0000b848] [ERROR][com.winpr.sspi.Kerberos] - [kerberos_AcquireCredentialsHandleA]: krb5_parse_name (Configuration file does not specify default realm [-1765328160])
[17:50:56:657] [47174:0000b848] [ERROR][com.winpr.sspi.Kerberos] - [kerberos_AcquireCredentialsHandleA]: krb5_parse_name (Configuration file does not specify default realm [-1765328160])
BRID][0x00000003]
[17:50:56:561] [47174:0000b848] [DEBUG][com.freerdp.core.nego] - [nego_process_negotiation_response]: RDP_NEG_RSP::flags = { [0x2f] |EXTENDED_CLIENT_DATA_SUPPORTED|DYNVC_GFX_PROTOCOL_SUPPORTED|RDP_NEGRSP_RESERVED|RESTRICTED_ADMIN_MODE_SUPPORTED|UNKNOWN }
[17:50:56:561] [47174:0000b848] [DEBUG][com.freerdp.core.nego] - [nego_recv]: selected_protocol: [HYBRID][0x00000002]
[17:50:56:561] [47174:0000b848] [DEBUG][com.freerdp.core.nego] - [nego_attempt_nla]: state: NEGO_STATE_FINAL
[17:50:56:561] [47174:0000b848] [DEBUG][com.freerdp.core.nego] - [nego_connect]: Negotiated [HYBRID][0x00000002] security
[17:50:56:561] [47174:0000b848] [DEBUG][com.freerdp.core.nego] - [nego_try_connect]: nego_security_connect with PROTOCOL_HYBRID
[17:50:56:657] [47174:0000b848] [DEBUG][com.freerdp.core.nla] - [nla_set_early_user_auth]: Early User Auth active: false
[17:50:56:657] [47174:0000b848] [DEBUG][com.freerdp.core.nla] - [nla_set_state]: -- NLA_STATE_INITIAL	--> NLA_STATE_INITIAL
[17:50:56:657] [47174:0000b848] [DEBUG][com.winpr.sspi] - [InitSecurityInterfaceExA]: InitSecurityInterfaceExA
[17:50:56:657] [47174:0000b848] [DEBUG][com.freerdp.core.auth] - [credssp_auth_init]: Using package: Negotiate (cbMaxToken: 12256 bytes)
[17:50:56:658] [47174:0000b848] [DEBUG][com.freerdp.core.auth] - [credssp_auth_setup_client]: Acquired client credentials
[17:50:56:658] [47174:0000b848] [DEBUG][com.winpr.sspi.NTLM] - [ntlm_change_state]: change state from NTLM_STATE_INITIAL to NTLM_STATE_INITIAL
[17:50:56:658] [47174:0000b848] [DEBUG][com.winpr.sspi.NTLM] - [ntlm_change_state]: change state from NTLM_STATE_INITIAL to NTLM_STATE_NEGOTIATE
[17:50:56:658] [47174:0000b848] [DEBUG][com.winpr.sspi.NTLM] - [ntlm_write_negotiate_flags]: Write flags [0xe20882b7] NTLMSSP_NEGOTIATE_UNICODE|NTLMSSP_NEGOTIATE_OEM|NTLMSSP_REQUEST_TARGET|NTLMSSP_NEGOTIATE_SIGN|NTLMSSP_NEGOTIATE_SEAL|NTLMSSP_NEGOTIATE_LM_KEY|NTLMSSP_NEGOTIATE_NTLM|NTLMSSP_NEGOTIATE_ALWAYS_SIGN|NTLMSSP_NEGOTIATE_EXTENDED_SESSION_SECURITY|NTLMSSP_NEGOTIATE_VERSION|NTLMSSP_NEGOTIATE_128|NTLMSSP_NEGOTIATE_KEY_EXCH
[17:50:56:658] [47174:0000b848] [DEBUG][com.winpr.sspi.NTLM] - [ntlm_change_state]: change state from NTLM_STATE_NEGOTIATE to NTLM_STATE_CHALLENGE
[17:50:56:658] [47174:0000b848] [DEBUG][com.winpr.negotiate] - [negotiate_InitializeSecurityContextW]: Available mechanism: NTLM (1.3.6.1.4.1.311.2.2.10)
[17:50:56:658] [47174:0000b848] [DEBUG][com.winpr.negotiate] - [negotiate_InitializeSecurityContextW]: Using direct NTLM
[17:50:56:658] [47174:0000b848] [DEBUG][com.freerdp.core.auth] - [credssp_auth_authenticate]: Authentication in progress... (output token size: 40)
[17:50:56:658] [47174:0000b848] [DEBUG][com.freerdp.core.nla] - [nla_send]: ----->> sending...
[17:50:56:658] [47174:0000b848] [DEBUG][com.freerdp.core.nla] - [nla_send]:    ----->> protocol version 6
[17:50:56:658] [47174:0000b848] [DEBUG][com.freerdp.core.nla] - [nla_write_octet_string]:    ----->> negoToken
[17:50:56:658] [47174:0000b848] [DEBUG][com.freerdp.core.nla] - [nla_write_octet_string]:    ----->> client nonce
[17:50:56:658] [47174:0000b848] [DEBUG][com.freerdp.core.nla] - [nla_send]: [93 bytes]
[17:50:56:658] [47174:0000b848] [DEBUG][com.freerdp.core.nla] - [nla_set_state]: -- NLA_STATE_INITIAL	--> NLA_STATE_NEGO_TOKEN
[17:50:56:658] [47174:0000b848] [DEBUG][com.freerdp.core.rdp] - [rdp_client_transition_to_state][0x55822c379c30]: CONNECTION_STATE_NEGO --> CONNECTION_STATE_NLA
[17:50:56:745] [47174:0000b848] [DEBUG][com.freerdp.core.nla] - [nla_decode_ts_request]: <<----- receiving...
[17:50:56:745] [47174:0000b848] [DEBUG][com.freerdp.core.nla] - [nla_decode_ts_request]:    <<----- protocol version 6
[17:50:56:745] [47174:0000b848] [DEBUG][com.freerdp.core.nla] - [nla_decode_ts_request]:    <<----- nego token
[17:50:56:745] [47174:0000b848] [DEBUG][com.winpr.sspi.NTLM] - [ntlm_read_negotiate_flags]: Read flags [0xe28a8235] NTLMSSP_NEGOTIATE_UNICODE|NTLMSSP_REQUEST_TARGET|NTLMSSP_NEGOTIATE_SIGN|NTLMSSP_NEGOTIATE_SEAL|NTLMSSP_NEGOTIATE_NTLM|NTLMSSP_NEGOTIATE_ALWAYS_SIGN|NTLMSSP_TARGET_TYPE_SERVER|NTLMSSP_NEGOTIATE_EXTENDED_SESSION_SECURITY|NTLMSSP_NEGOTIATE_TARGET_INFO|NTLMSSP_NEGOTIATE_VERSION|NTLMSSP_NEGOTIATE_128|NTLMSSP_NEGOTIATE_KEY_EXCH
[17:50:56:745] [47174:0000b848] [DEBUG][com.winpr.sspi.NTLM] - [ntlm_change_state]: change state from NTLM_STATE_CHALLENGE to NTLM_STATE_AUTHENTICATE
[17:50:56:745] [47174:0000b848] [DEBUG][com.winpr.sspi.NTLM] - [ntlm_write_negotiate_flags]: Write flags [0xe288a235] NTLMSSP_NEGOTIATE_UNICODE|NTLMSSP_REQUEST_TARGET|NTLMSSP_NEGOTIATE_SIGN|NTLMSSP_NEGOTIATE_SEAL|NTLMSSP_NEGOTIATE_NTLM|NTLMSSP_NEGOTIATE_WORKSTATION_SUPPLIED|NTLMSSP_NEGOTIATE_ALWAYS_SIGN|NTLMSSP_NEGOTIATE_EXTENDED_SESSION_SECURITY|NTLMSSP_NEGOTIATE_TARGET_INFO|NTLMSSP_NEGOTIATE_VERSION|NTLMSSP_NEGOTIATE_128|NTLMSSP_NEGOTIATE_KEY_EXCH
[17:50:56:745] [47174:0000b848] [DEBUG][com.winpr.sspi.NTLM] - [ntlm_change_state]: change state from NTLM_STATE_AUTHENTICATE to NTLM_STATE_FINAL
[17:50:56:745] [47174:0000b848] [DEBUG][com.freerdp.core.auth] - [credssp_auth_authenticate]: Authentication complete (output token size: 350 bytes)
[17:50:56:745] [47174:0000b848] [DEBUG][com.freerdp.core.auth] - [credssp_auth_authenticate]: QueryContextAttributes returned SEC_E_OK [0x00000000]
[17:50:56:746] [47174:0000b848] [DEBUG][com.freerdp.core.auth] - [credssp_auth_authenticate]: Context sizes: cbMaxSignature=16, cbSecurityTrailer=16
[17:50:56:746] [47174:0000b848] [DEBUG][com.freerdp.core.nla] - [nla_send]: ----->> sending...
[17:50:56:746] [47174:0000b848] [DEBUG][com.freerdp.core.nla] - [nla_send]:    ----->> protocol version 6
[17:50:56:746] [47174:0000b848] [DEBUG][com.freerdp.core.nla] - [nla_write_octet_string]:    ----->> negoToken
[17:50:56:746] [47174:0000b848] [DEBUG][com.freerdp.core.nla] - [nla_write_octet_string]:    ----->> public key auth
[17:50:56:746] [47174:0000b848] [DEBUG][com.freerdp.core.nla] - [nla_write_octet_string]:    ----->> client nonce
[17:50:56:746] [47174:0000b848] [DEBUG][com.freerdp.core.nla] - [nla_send]: [467 bytes]
[17:50:56:746] [47174:0000b848] [DEBUG][com.freerdp.core.nla] - [nla_set_state]: -- NLA_STATE_NEGO_TOKEN	--> NLA_STATE_PUB_KEY_AUTH
[17:50:56:823] [47174:0000b848] [DEBUG][com.freerdp.core.nla] - [nla_decode_ts_request]: <<----- receiving...
[17:50:56:823] [47174:0000b848] [DEBUG][com.freerdp.core.nla] - [nla_decode_ts_request]:    <<----- protocol version 6
[17:50:56:823] [47174:0000b848] [DEBUG][com.freerdp.core.nla] - [nla_decode_ts_request]:    <<----- public key auth
[17:50:56:824] [47174:0000b848] [DEBUG][com.freerdp.core.nla] - [nla_send]: ----->> sending...
[17:50:56:824] [47174:0000b848] [DEBUG][com.freerdp.core.nla] - [nla_send]:    ----->> protocol version 6
[17:50:56:824] [47174:0000b848] [DEBUG][com.freerdp.core.nla] - [nla_write_octet_string]:    ----->> auth info
[17:50:56:824] [47174:0000b848] [DEBUG][com.freerdp.core.nla] - [nla_write_octet_string]:    ----->> client nonce
[17:50:56:824] [47174:0000b848] [DEBUG][com.freerdp.core.nla] - [nla_send]: [110 bytes]
[17:50:56:824] [47174:0000b848] [DEBUG][com.freerdp.core.nla] - [nla_set_state]: -- NLA_STATE_PUB_KEY_AUTH	--> NLA_STATE_AUTH_INFO
[17:50:56:824] [47174:0000b848] [DEBUG][com.freerdp.core.nla] - [nla_set_state]: -- NLA_STATE_AUTH_INFO	--> NLA_STATE_FINAL
[17:50:56:824] [47174:0000b848] [DEBUG][com.freerdp.core.rdp] - [rdp_client_transition_to_state][0x55822c379c30]: CONNECTION_STATE_NLA --> CONNECTION_STATE_MCS_CREATE_REQUEST
[17:50:56:824] [47174:0000b848] [DEBUG][com.freerdp.core.gcc] - [gcc_write_client_core_data]: Sending highColorDepth=HIGH_COLOR_24BPP, supportedColorDepths=RNS_UD_32BPP_SUPPORT|RNS_UD_24BPP_SUPPORT|RNS_UD_16BPP_SUPPORT|RNS_UD_15BPP_SUPPORT, earlyCapabilityFlags=RNS_UD_CS_WANT_32BPP_SESSION|RNS_UD_CS_RELATIVE_MOUSE_INPUT|RNS_UD_CS_VALID_CONNECTION_TYPE|RNS_UD_CS_SUPPORT_NETCHAR_AUTODETECT|RNS_UD_CS_SUPPORT_DYNVC_GFX_PROTOCOL|RNS_UD_CS_SUPPORT_DYNAMIC_TIME_ZONE|RNS_UD_CS_SUPPORT_HEARTBEAT_PDU|RNS_UD_CS_SUPPORT_SKIP_CHANNELJOIN|[0x00000fb2]
[17:50:56:824] [47174:0000b848] [DEBUG][com.freerdp.core.rdp] - [rdp_client_transition_to_state][0x55822c379c30]: CONNECTION_STATE_MCS_CREATE_REQUEST --> CONNECTION[17:50:57:059] [47174:0000b848] [WARN][com.freerdp.core.connection] - [rdp_client_connect_auto_detect]: expected messageChannelId=1008, got 1003
[17:50:57:059] [47174:0000b848] [WARN][com.freerdp.core.license] - [license_read_binary_blob_data]: license binary blob::type BB_ERROR_BLOB, length=0, skipping.
[17:50:57:141] [47174:0000b848] [WARN][com.freerdp.core.connection] - [rdp_client_connect_auto_detect]: expected messageChannelId=1008, got 1003
_STATE_MCS_CREATE_RESPONSE
[17:50:56:902] [47174:0000b848] [DEBUG][com.freerdp.core.gcc] - [gcc_read_server_core_data]: Received EarlyCapabilityFlags=RNS_UD_CS_WANT_32BPP_SESSION|RNS_UD_CS_SUPPORT_STATUSINFO_PDU|RNS_UD_CS_STRONG_ASYMMETRIC_KEYS|[0x0000000e]
[17:50:56:902] [47174:0000b848] [DEBUG][com.freerdp.core.gcc] - [gcc_read_server_security_data]: Server rdp encryption method: NONE
[17:50:56:902] [47174:0000b848] [DEBUG][com.freerdp.core.rdp] - [rdp_client_transition_to_state][0x55822c379c30]: CONNECTION_STATE_MCS_CREATE_RESPONSE --> CONNECTION_STATE_MCS_ERECT_DOMAIN
[17:50:56:903] [47174:0000b848] [DEBUG][com.freerdp.core.rdp] - [rdp_client_transition_to_state][0x55822c379c30]: CONNECTION_STATE_MCS_ERECT_DOMAIN --> CONNECTION_STATE_MCS_ATTACH_USER
[17:50:56:903] [47174:0000b848] [DEBUG][com.freerdp.core.rdp] - [rdp_client_transition_to_state][0x55822c379c30]: CONNECTION_STATE_MCS_ATTACH_USER --> CONNECTION_STATE_MCS_ATTACH_USER_CONFIRM
[17:50:56:981] [47174:0000b848] [DEBUG][com.freerdp.core.connection] - [rdp_client_skip_mcs_channel_join]:  rdpdr [1004]
[17:50:56:981] [47174:0000b848] [DEBUG][com.freerdp.core.connection] - [rdp_client_skip_mcs_channel_join]:  rdpsnd [1005]
[17:50:56:981] [47174:0000b848] [DEBUG][com.freerdp.core.connection] - [rdp_client_skip_mcs_channel_join]:  cliprdr [1006]
[17:50:56:981] [47174:0000b848] [DEBUG][com.freerdp.core.connection] - [rdp_client_skip_mcs_channel_join]:  drdynvc [1007]
[17:50:56:981] [47174:0000b848] [DEBUG][com.freerdp.core.rdp] - [rdp_client_transition_to_state][0x55822c379c30]: CONNECTION_STATE_MCS_ATTACH_USER_CONFIRM --> CONNECTION_STATE_SECURE_SETTINGS_EXCHANGE
[17:50:56:981] [47174:0000b848] [DEBUG][com.freerdp.core.info] - [rdp_write_info_packet]: Client Info Packet Flags = INFO_MOUSE|INFO_DISABLECTRLALTDEL|INFO_UNICODE|INFO_MAXIMIZESHELL|INFO_LOGONNOTIFY|INFO_COMPRESSION|INFO_ENABLEWINDOWSKEY|INFO_FORCE_ENCRYPTED_CS_PDU|INFO_LOGONERRORS|INFO_MOUSE_HAS_WHEEL|INFO_AUDIOCAPTURE
[17:50:56:981] [47174:0000b848] [DEBUG][com.freerdp.core.rdp] - [rdp_client_transition_to_state][0x55822c379c30]: CONNECTION_STATE_SECURE_SETTINGS_EXCHANGE --> CONNECTION_STATE_CONNECT_TIME_AUTO_DETECT_REQUEST
[17:50:57:059] [47174:0000b848] [DEBUG][com.freerdp.core.rdp] - [rdp_client_transition_to_state][0x55822c379c30]: CONNECTION_STATE_CONNECT_TIME_AUTO_DETECT_REQUEST --> CONNECTION_STATE_LICENSING
[17:50:57:059] [47174:0000b848] [DEBUG][com.freerdp.core.rdp] - [rdp_client_transition_to_state][0x55822c379c30]: CONNECTION_STATE_LICENSING --> CONNECTION_STATE_MULTITRANSPORT_BOOTSTRAPPING_REQUEST
[17:50:57:141] [47174:0000b848] [DEBUG][com.freerdp.core.rdp] - [rdp_client_transition_to_state][0x55822c379c30]: CONNECTION_STATE_MULTITRANSPORT_BOOTSTRAPPING_REQUEST --> CONNECTION_STATE_CAPABILITIES_EXCHANGE_DEMAND_ACTIVE
[17:50:57:141] [47174:0000b848] [DEBUG][com.freerdp.core.rdp] - [rdp_read_share_control_header][0x55822c379c30]: type=PDU_TYPE_DEMAND_ACTIVE[0x00000001], tpktLength=457, remainingLength=451
[17:50:57:141] [47174:0000b848] [DEBUG][com.freerdp.core.rdp] - [rdp_client_transition_to_state][0x55822c379c30]: CONNECTION_STATE_CAPABILITIES_EXCHANGE_DEMAND_ACTIVE --> CONNECTION_STATE_CAPABILITIES_EXCHANGE_CONFIRM_ACTIVE
[17:50:57:142] [47174:0000b848] [DEBUG][com.freerdp.core.rdp] - [rdp_client_transition_to_state][0x55822c379c30]: CONNECTION_STATE_CAPABILITIES_EXCHANGE_CONFIRM_ACTIVE --> CONNECTION_STATE_FINALIZATION_SYNC
[17:50:57:142] [47174:0000b848] [DEBUG][com.freerdp.core.rdp] - [rdp_send_data_pdu][0x55822c379c30]: sending data (type=0x1f size=37 channelId=1009)
[17:50:57:142] [47174:0000b848] [DEBUG][com.freerdp.core.rdp] - [rdp_client_transition_to_state][0x55822c379c30]: CONNECTION_STATE_FINALIZATION_SYNC --> CONNECTION_STATE_FINALIZATION_COOPERATE
[17:50:57:142] [47174:0000b848] [DEBUG][com.freerdp.core.rdp] - [rdp_send_data_pdu][0x55822c379c30]: sending data (type=0x14 size=41 channelId=1009)
[17:50:57:142] [47174:0000b848] [DEBUG][com.freerdp.core.rdp] - [rdp_client_transition_to_state][0x55822c379c30]: CONNECTION_STATE_FINALIZATION_COOPERATE --> CONNECTION_STATE_FINALIZATION_REQUEST_CONTROL
[17:50:57:142] [47174:0000b848] [DEBUG][com.freerdp.core.rdp] - [rdp_send_data_pdu][0x55822c379c30]: sending data (type=0x14 size=41 channelId=1009)
[17:50:57:142] [47174:0000b848] [DEBUG][com.freerdp.core.rdp] - [rdp_client_transition_to_state][0x55822c379c30]: CONNECTION_STATE_FINALIZATION_REQUEST_CONTROL --> CONNECTION_STATE_FINALIZATION_FONT_LIST
[17:50:57:142] [47174:0000b848] [DEBUG][com.freerdp.core.rdp] - [rdp_send_data_pdu][0x55822c379c30]: sending data (type=0x27 size=41 channelId=1009)
[17:50:57:142] [47174:0000b848] [DEBUG][com.freerdp.core.rdp] - [rdp_client_transition_to_state][0x55822c379c30]: CONNECTION_STATE_FINALIZATION_FONT_LIST --> CONNECTION_STATE_FINALIZATION_CLIENT_SYNC
[17:50:57:142] [47174:0000b848] [DEBUG][com.freerdp.core.rdp] - [rdp_finalize_reset_flags][0x55822c379c30]: [CONNECTION_STATE_FINALIZATION_CLIENT_SYNC] reset finalize_sc_pdus
[17:50:57:148] [47174:0000b848] [DEBUG][com.freerdp.client.x11] - [register_input_events]: Virtual core XTEST pointer button device (id: 4, mode: 10)
[17:50:57:148] [47174:0000b848] [DEBUG][com.freerdp.client.x11] - [register_input_events]: Virtual core XTEST pointer device (id: 4) valuator 0 label Rel X range -1.000000 - -1.000000
[17:50:57:149] [47174:0000b848] [DEBUG][com.freerdp.client.x11] - [register_input_events]: Virtual core XTEST pointer device (id: 4) valuator 1 label Rel Y range -1.000000 - -1.000000
[17:50:57:149] [47174:0000b848] [DEBUG][com.freerdp.client.x11] - [register_input_events]: HAILUCK CO.,LTD USB KEYBOARD Mouse button device (id: 11, mode: 7)
[17:50:57:149] [47174:0000b848] [DEBUG][com.freerdp.client.x11] - [register_input_events]: HAILUCK CO.,LTD USB KEYBOARD Mouse device (id: 11) valuator 0 label Rel X range -1.000000 - -1.000000
[17:50:57:149] [47174:0000b848] [DEBUG][com.freerdp.client.x11] - [register_input_events]: HAILUCK CO.,LTD USB KEYBOARD Mouse device (id: 11) valuator 1 label Rel Y range -1.000000 - -1.000000
[17:50:57:149] [47174:0000b848] [DEBUG][com.freerdp.client.x11] - [register_input_events]: HAILUCK CO.,LTD USB KEYBOARD Mouse device (id: 11) valuator 2 label Rel Horiz Scroll range -1.000000 - -1.000000
[17:50:57:150] [47174:0000b848] [DEBUG][com.freerdp.client.x11] - [register_input_events]: HAILUCK CO.,LTD USB KEYBOARD Mouse device (id: 11) valuator 3 label Rel Vert Scroll range -1.000000 - -1.000000
[17:50:57:150] [47174:0000b848] [DEBUG][com.freerdp.client.x11] - [register_input_events]: GXTP7386:00 27C6:0113 Stylus stylus button device (id: 15, mode: 8)
[17:50:57:151] [47174:0000b848] [DEBUG][com.freerdp.client.x11] - [register_input_events]: GXTP7386:00 27C6:0113 Stylus stylus device (id: 15) valuator 0 label Abs X range 0.000000 - 5120.000000
[17:50:57:151] [47174:0000b848] [DEBUG][com.freerdp.client.x11] - [register_input_events]: GXTP7386:00 27C6:0113 Stylus stylus device (id: 15) valuator 1 label Abs Y range 0.000000 - 3200.000000
[17:50:57:151] [47174:0000b848] [DEBUG][com.freerdp.client.x11] - [register_input_events]: GXTP7386:00 27C6:0113 Stylus stylus device (id: 15) valuator 2 label Abs Pressure range 0.000000 - 65536.000000
[17:50:57:151] [47174:0000b848] [DEBUG][com.freerdp.client.common] - [freerdp_client_register_pen]: registered pen at index 0
[17:50:57:151] [47174:0000b848] [DEBUG][com.freerdp.client.x11] - [register_input_events]: registered pen
[17:50:57:152] [47174:0000b848] [DEBUG][com.freerdp.client.x11] - [register_input_events]: GXTP7386:00 27C6:0113 Stylus stylus device (id: 15) valuator 3 label Abs Tilt X range -64.000000 - 63.000000
[17:50:57:152] [47174:0000b848] [DEBUG][com.freerdp.client.x11] - [register_input_events]: GXTP7386:00 27C6:0113 Stylus stylus device (id: 15) valuator 4 label Abs Tilt Y range -64.000000 - 63.000000
[17:50:57:152] [47174:0000b848] [DEBUG][com.freerdp.client.x11] - [register_input_events]: GXTP7386:00 27C6:0113 Stylus stylus device (id: 15) valuator 5 label Abs Wheel range -900.000000 - 899.000000
[17:50:57:152] [47174:0000b848] [DEBUG][com.freerdp.client.x11] - [register_input_events]: GXTP7386:00 27C6:0113 Stylus stylus device (id: 15) valuator 6 label Rel Horiz Scroll range -1.000000 - -1.000000
[17:50:57:152] [47174:0000b848] [DEBUG][com.freerdp.client.x11] - [register_input_events]: GXTP7386:00 27C6:0113 Stylus stylus device (id: 15) valuator 7 label Rel Vert Scroll range -1.000000 - -1.000000
[17:50:57:152] [47174:0000b848] [DEBUG][com.freerdp.client.x11] - [register_input_events]: GXTP7386:00 27C6:0113 button device (id: 17, mode: 7)
[17:50:57:156] [47174:0000b848] [DEBUG][com.freerdp.client.x11] - [register_input_events]: GXTP7386:00 27C6:0113 device (id: 17) valuator 0 label Abs MT Position X range 0.000000 - 65535.000000
[17:50:57:156] [47174:0000b848] [DEBUG][com.freerdp.client.x11] - [register_input_events]: GXTP7386:00 27C6:0113 device (id: 17) valuator 1 label Abs MT Position Y range 0.000000 - 65535.000000
[17:50:57:156] [47174:0000b848] [DEBUG][com.freerdp.client.x11] - [register_input_events]: GXTP7386:00 27C6:0113 device (id: 17) valuator 2 label Rel Horiz Scroll range -1.000000 - -1.000000
[17:50:57:156] [47174:0000b848] [DEBUG][com.freerdp.client.x11] - [register_input_events]: GXTP7386:00 27C6:0113 device (id: 17) valuator 3 label Rel Vert Scroll range -1.000000 - -1.000000
[17:50:57:156] [47174:0000b848] [DEBUG][com.freerdp.client.x11] - [register_input_events]: GXTP7386:00 27C6:0113 direct touch device (id: 17, mode: 1), supporting 10 touches.
[17:50:57:156] [47174:0000b848] [DEBUG][com.freerdp.client.x11] - [register_input_events]: GXTP7386:00 27C6:0113 Stylus eraser button device (id: 19, mode: 8)
[17:50:57:156] [47174:0000b848] [DEBUG][com.freerdp.client.x11] - [register_input_events]: GXTP7386:00 27C6:0113 Stylus eraser device (id: 19) valuator 0 label Abs X range 0.000000 - 5120.000000
[17:50:57:156] [47174:0000b848] [DEBUG][com.freerdp.client.x11] - [register_input_events]: GXTP7386:00 27C6:0113 Stylus eraser device (id: 19) valuator 1 label Abs Y range 0.000000 - 3200.000000
[17:50:57:156] [47174:0000b848] [DEBUG][com.freerdp.client.x11] - [register_input_events]: GXTP7386:00 27C6:0113 Stylus eraser device (id: 19) valuator 2 label Abs Pressure range 0.000000 - 65536.000000
[17:50:57:156] [47174:0000b848] [DEBUG][com.freerdp.client.common] - [freerdp_client_register_pen]: registered pen at index 1
[17:50:57:156] [47174:0000b848] [DEBUG][com.freerdp.client.x11] - [register_input_events]: registered eraser
[17:50:57:156] [47174:0000b848] [DEBUG][com.freerdp.client.x11] - [register_input_events]: GXTP7386:00 27C6:0113 Stylus eraser device (id: 19) valuator 3 label Abs Tilt X range -64.000000 - 63.000000
[17:50:57:156] [47174:0000b848] [DEBUG][com.freerdp.client.x11] - [register_input_events]: GXTP7386:00 27C6:0113 Stylus eraser device (id: 19) valuator 4 label Abs Tilt Y range -64.000000 - 63.000000
[17:50:57:156] [47174:0000b848] [DEBUG][com.freerdp.client.x11] - [register_input_events]: GXTP7386:00 27C6:0113 Stylus eraser device (id: 19) valuator 5 label None range -1.000000 - -1.000000
[17:50:57:156] [47174:0000b848] [DEBUG][com.freerdp.client.x11] - [register_input_events]: GXTP7386:00 27C6:0113 Stylus eraser device (id: 19) valuator 6 label Rel Horiz Scroll range -1.000000 - -1.000000
[17:50:57:156] [47174:0000b848] [DEBUG][com.freerdp.client.x11] - [register_input_events]: GXTP7386:00 27C6:0113 Stylus eraser device (id: 19) valuator 7 label Rel Vert Scroll range -1.000000 - -1.000000
[17:50:57:236] [47174:0000b848] [INFO][com.freerdp.gdi] - [gdi_init_ex]: Local framebuffer format  PIXEL_FORMAT_BGRX32
[17:50:57:236] [47174:0000b848] [INFO][com.freerdp.gdi] - [gdi_init_ex]: Remote framebuffer format PIXEL_FORMAT_BGRA32
[17:50:57:247] [47174:0000b848] [DEBUG][com.winpr.clipboard] - [ClipboardInitLocalFileSubsystem]: initialized synthetic local file subsystem
[17:50:57:249] [47174:0000b848] [DEBUG][com.freerdp.client.x11.cliprdr] - [xf_clipboard_new]: register local bitmap format image/bmp [0x0000c003]
[17:50:57:249] [47174:0000b848] [DEBUG][com.freerdp.client.x11.cliprdr] - [xf_clipboard_new]: register local bitmap format image/x-bmp [0x0000c004]
[17:50:57:249] [47174:0000b848] [DEBUG][com.freerdp.client.x11.cliprdr] - [xf_clipboard_new]: register local bitmap format image/x-MS-bmp [0x0000c005]
[17:50:57:250] [47174:0000b848] [DEBUG][com.freerdp.client.x11.cliprdr] - [xf_clipboard_new]: register local bitmap format image/x-win-bitmap [0x0000c006]
[17:50:57:250] [47174:0000b848] [DEBUG][com.freerdp.client.x11.cliprdr] - [xf_clipboard_new]: skipping local bitmap format image/webp [NOT SUPPORTED]
[17:50:57:250] [47174:0000b848] [DEBUG][com.freerdp.client.x11.cliprdr] - [xf_clipboard_new]: skipping local bitmap format image/png [NOT SUPPORTED]
[17:50:57:250] [47174:0000b848] [DEBUG][com.freerdp.client.x11.cliprdr] - [xf_clipboard_new]: skipping local bitmap format image/jpeg [NOT SUPPORTED]
[17:50:57:250] [47174:0000b848] [DEBUG][com.freerdp.client.x11.cliprdr] - [xf_clipboard_new]: register local bitmap format image/tiff [0x0000c002]
[17:50:57:253] [47174:0000b848] [DEBUG][com.freerdp.client.x11.cliprdr] - [xf_clipboard_new]: Relieving CLIPRDR filename restriction
[17:50:57:255] [47174:0000b858] [INFO][com.freerdp.channels.rdpdr.client] - [devman_load_device_service]: Loading device service drive [Onemix] (static)
[17:50:57:281] [47174:0000b848] [INFO][com.freerdp.channels.rdpsnd.client] - [rdpsnd_load_device_plugin]: [static] Loaded pulse backend for rdpsnd
[17:50:57:281] [47174:0000b848] [INFO][com.freerdp.channels.drdynvc.client] - [dvcman_load_addin]: Loading Dynamic Virtual Channel rdpsnd
[17:50:57:281] [47174:0000b848] [DEBUG][com.freerdp.channels.drdynvc.client] - [dvcman_register_plugin]: register_plugin: num_plugins 1
[17:50:57:281] [47174:0000b848] [INFO][com.freerdp.channels.drdynvc.client] - [dvcman_load_addin]: Loading Dynamic Virtual Channel audin
[17:50:57:282] [47174:0000b848] [DEBUG][com.freerdp.channels.audin.client] - [audin_pulse_context_state_callback]: context state PA_CONTEXT_CONNECTING
[17:50:57:283] [47174:0000b85e] [DEBUG][com.freerdp.channels.audin.client] - [audin_pulse_context_state_callback]: context state PA_CONTEXT_AUTHORIZING
[17:50:57:283] [47174:0000b85e] [DEBUG][com.freerdp.channels.audin.client] - [audin_pulse_context_state_callback]: context state PA_CONTEXT_SETTING_NAME
[17:50:57:294] [47174:0000b85e] [DEBUG][com.freerdp.channels.audin.client] - [audin_pulse_context_state_callback]: context state PA_CONTEXT_READY
[17:50:57:294] [47174:0000b848] [DEBUG][com.freerdp.channels.audin.client] - [audin_pulse_connect]: connected
[17:50:57:294] [47174:0000b848] [DEBUG][com.freerdp.channels.audin.client] - [audin_register_device_plugin]: device registered.
[17:50:57:294] [47174:0000b848] [INFO][com.freerdp.channels.audin.client] - [audin_load_device_plugin]: Loaded pulse backend for audin
[17:50:57:294] [47174:0000b848] [DEBUG][com.freerdp.channels.drdynvc.client] - [dvcman_register_plugin]: register_plugin: num_plugins 2
[17:50:57:294] [47174:0000b848] [INFO][com.freerdp.channels.drdynvc.client] - [dvcman_load_addin]: Loading Dynamic Virtual Channel ainput
[17:50:57:294] [47174:0000b848] [DEBUG][com.freerdp.channels.drdynvc.client] - [dvcman_register_plugin]: register_plugin: num_plugins 3
[17:50:57:294] [47174:0000b848] [INFO][com.freerdp.channels.drdynvc.client] - [dvcman_load_addin]: Loading Dynamic Virtual Channel rdpei
[17:50:57:294] [47174:0000b848] [DEBUG][com.freerdp.channels.drdynvc.client] - [dvcman_register_plugin]: register_plugin: num_plugins 4
[17:50:57:294] [47174:0000b848] [INFO][com.freerdp.channels.drdynvc.client] - [dvcman_load_addin]: Loading Dynamic Virtual Channel rdpgfx
[17:50:57:294] [47174:0000b848] [DEBUG][com.freerdp.channels.drdynvc.client] - [dvcman_register_plugin]: register_plugin: num_plugins 5
[17:50:57:294] [47174:0000b848] [INFO][com.freerdp.channels.drdynvc.client] - [dvcman_load_addin]: Loading Dynamic Virtual Channel disp
[17:50:57:294] [47174:0000b848] [DEBUG][com.freerdp.channels.drdynvc.client] - [dvcman_register_plugin]: register_plugin: num_plugins 6
[17:50:57:294] [47174:0000b848] [DEBUG][com.freerdp.channels.drdynvc.client] - [dvcman_create_listener]: create_listener: 1.AUDIO_PLAYBACK_DVC.
[17:50:57:295] [47174:0000b848] [DEBUG][com.freerdp.channels.drdynvc.client] - [dvcman_create_listener]: create_listener: 2.AUDIO_INPUT.
[17:50:57:295] [47174:0000b848] [DEBUG][com.freerdp.channels.drdynvc.client] - [dvcman_create_listener]: create_listener: 3.FreeRDP::Advanced::Input.
[17:50:57:295] [47174:0000b848] [DEBUG][com.freerdp.channels.drdynvc.client] - [dvcman_create_listener]: create_listener: 4.Microsoft::Windows::RDS::Input.
[17:50:57:295] [47174:0000b848] [DEBUG][com.freerdp.channels.drdynvc.client] - [dvcman_create_listener]: create_listener: 5.Microsoft::Windows::RDS::Graphics.
[17:50:57:295] [47174:0000b848] [DEBUG][com.freerdp.channels.drdynvc.client] - [dvcman_create_listener]: create_listener: 6.Microsoft::Windows::RDS::DisplayControl.
[17:50:57:296] [47174:0000b848] [DEBUG][com.freerdp.core.rdp] - [rdp_read_share_control_header][0x55822c379c30]: type=PDU_TYPE_DATA[0x00000007], tpktLength=22, remainingLength=16
[17:50:57:296] [47174:0000b848] [DEBUG][com.freerdp.core.rdp] - [rdp_recv_data_pdu][0x55822c379c30]: recv Synchronize Data PDU (0x1F), length: 22
[17:50:57:296] [47174:0000b848] [DEBUG][com.freerdp.core.rdp] - [rdp_finalize_set_flag][0x55822c379c30]: [CONNECTION_STATE_FINALIZATION_CLIENT_SYNC] received flag FINALIZE_SC_SYNCHRONIZE_PDU [0x00000001]
[17:50:57:296] [47174:0000b848] [DEBUG][com.freerdp.core.rdp] - [rdp_client_transition_to_state][0x55822c379c30]: CONNECTION_STATE_FINALIZATION_CLIENT_SYNC --> CONNECTION_STATE_FINALIZATION_CLIENT_COOPERATE
[17:50:57:309] [47174:0000b848] [DEBUG][com.freerdp.client.x11] - [xf_event_ConfigureNotify]: x=122, y=184, w=2560, h=1462
[17:50:57:309] [47174:0000b848] [DEBUG][com.freerdp.client.x11] - [xf_touch_force_cancel]: force_cancel: invoked, active_contacts=0 rdpei=(nil) pinch=0 drag=0
[17:50:57:318] [47174:0000b848] [DEBUG][com.freerdp.client.x11] - [xf_event_ConfigureNotify]: x=0, y=138, w=2560, h=1462
[17:50:57:318] [47174:0000b848] [DEBUG][com.freerdp.client.x11] - [xf_event_ConfigureNotify]: x=0, y=138, w=2560, h=1462
[17:50:57:319] [47174:0000b848] [DEBUG][com.freerdp.client.x11] - [xf_event_ConfigureNotify]: x=122, y=184, w=2560, h=1526
[17:50:57:319] [47174:0000b848] [DEBUG][com.freerdp.client.x11] - [xf_touch_force_cancel]: force_cancel: invoked, active_contacts=0 rdpei=(nil) pinch=0 drag=0
[17:50:57:321] [47174:0000b848] [DEBUG][com.freerdp.core.rdp] - [rdp_read_share_control_header][0x55822c379c30]: type=PDU_TYPE_DATA[0x00000007], tpktLength=26, remainingLength=20
[17:50:57:321] [47174:0000b848] [DEBUG][com.freerdp.core.rdp] - [rdp_recv_data_pdu][0x55822c379c30]: recv Control Data PDU (0x14), length: 26
[17:50:57:321] [47174:0000b848] [DEBUG][com.freerdp.core.rdp] - [rdp_finalize_set_flag][0x55822c379c30]: [CONNECTION_STATE_FINALIZATION_CLIENT_COOPERATE] received flag FINALIZE_SC_CONTROL_COOPERATE_PDU [0x00000002]
[17:50:57:321] [47174:0000b848] [DEBUG][com.freerdp.core.rdp] - [rdp_client_transition_to_state][0x55822c379c30]: CONNECTION_STATE_FINALIZATION_CLIENT_COOPERATE --> CONNECTION_STATE_FINALIZATION_CLIENT_GRANTED_CONTROL
[17:50:57:322] [47174:0000b848] [DEBUG][com.freerdp.core.rdp] - [rdp_read_share_control_header][0x55822c379c30]: type=PDU_TYPE_DATA[0x00000007], tpktLength=26, remainingLength=20
[17:50:57:322] [47174:0000b848] [DEBUG][com.freerdp.core.rdp] - [rdp_recv_data_pdu][0x55822c379c30]: recv Control Data PDU (0x14), length: 26
[17:50:57:322] [47174:0000b848] [DEBUG][com.freerdp.core.rdp] - [rdp_finalize_set_flag][0x55822c379c30]: [CONNECTION_STATE_FINALIZATION_CLIENT_GRANTED_CONTROL] received flag FINALIZE_SC_CONTROL_GRANTED_PDU [0x00000004]
[17:50:57:322] [47174:0000b848] [DEBUG][com.freerdp.core.rdp] - [rdp_client_transition_to_state][0x55822c379c30]: CONNECTION_STATE_FINALIZATION_CLIENT_GRANTED_CONTROL --> CONNECTION_STATE_FINALIZATION_CLIENT_FONT_MAP
[17:50:57:327] [47174:0000b848] [DEBUG][com.freerdp.core.rdp] - [rdp_read_share_control_header][0x55822c379c30]: type=PDU_TYPE_DATA[0x00000007], tpktLength=26, remainingLength=20
[17:50:57:327] [47174:0000b848] [DEBUG][com.freerdp.core.rdp] - [rdp_recv_data_pdu][0x55822c379c30]: recv Font Map Data PDU (0x28), length: 26
[17:50:57:327] [47174:0000b848] [DEBUG][com.freerdp.core.rdp] - [rdp_finalize_set_flag][0x55822c379c30]: [CONNECTION_STATE_FINALIZATION_CLIENT_FONT_MAP] received flag FINALIZE_SC_FONT_MAP_PDU [0x00000008]
[17:50:57:328] [47174:0000b848] [DEBUG][com.freerdp.core.rdp] - [rdp_client_transition_to_state][0x55822c379c30]: CONNECTION_STATE_FINALIZATION_CLIENT_FONT_MAP --> CONNECTION_STATE_ACTIVE
[17:50:57:329] [47174:0000b861] [DEBUG][com.freerdp.channels.drdynvc.client] - [drdynvc_process_create_request]: process_create_request: ChannelId=2 ChannelName=Microsoft::Windows::RDS::CoreInput
[17:50:57:329] [47174:0000b861] [DEBUG][com.freerdp.channels.drdynvc.client] - [drdynvc_process_create_request]: no listener for 'Microsoft::Windows::RDS::CoreInput'
[17:50:57:332] [47174:0000b861] [DEBUG][com.freerdp.channels.drdynvc.client] - [drdynvc_process_create_request]: process_create_request: ChannelId=8 ChannelName=Microsoft::Windows::RDS::MouseCursor
[17:50:57:332] [47174:0000b861] [DEBUG][com.freerdp.channels.drdynvc.client] - [drdynvc_process_create_request]: no listener for 'Microsoft::Windows::RDS::MouseCursor'
[17:50:57:332] [47174:0000b861] [DEBUG][com.freerdp.channels.drdynvc.client] - [drdynvc_process_create_request]: process_create_request: ChannelId=7 ChannelName=Microsoft::Windows::RDS::Graphics
[17:50:57:332] [47174:0000b861] [DEBUG][com.freerdp.channels.drdynvc.client] - [dvcman_create_channel]: listener Microsoft::Windows::RDS::Graphics created new channel 7
[17:50:57:349] [47174:0000b848] [DEBUG][com.freerdp.client.x11] - [xf_event_ConfigureNotify]: x=0, y=74, w=2560, h=1526
[17:50:57:402] [47174:0000b848] [DEBUG][com.freerdp.client.x11] - [xf_touch_force_cancel]: force_cancel: invoked, active_contacts=0 rdpei=(nil) pinch=0 drag=0
[17:50:57:417] [47174:0000b861] [DEBUG][com.freerdp.channels.drdynvc.client] - [drdynvc_process_create_request]: channel created
[17:50:57:417] [47174:0000b861] [DEBUG][com.freerdp.channels.drdynvc.client] - [dvcman_open_channel]: open_channel: ChannelId 7
[17:50:57:428] [47174:0000b848] [DEBUG][com.freerdp.client.x11] - [xf_event_ConfigureNotify]: x=0, y=0, w=2560, h=1600
[17:50:57:428] [47174:0000b848] [DEBUG][com.freerdp.client.x11] - [xf_touch_force_cancel]: force_cancel: invoked, active_contacts=0 rdpei=(nil) pinch=0 drag=0
[17:50:57:580] [47174:0000b861] [DEBUG][com.freerdp.channels.drdynvc.client] - [drdynvc_process_create_request]: process_create_request: ChannelId=10 ChannelName=Microsoft::Windows::RDS::Video::Control::v08.01
[17:50:57:581] [47174:0000b861] [DEBUG][com.freerdp.channels.drdynvc.client] - [drdynvc_process_create_request]: no listener for 'Microsoft::Windows::RDS::Video::Control::v08.01'
[17:50:57:581] [47174:0000b861] [DEBUG][com.freerdp.channels.drdynvc.client] - [drdynvc_process_create_request]: process_create_request: ChannelId=11 ChannelName=Microsoft::Windows::RDS::Video::Data::v08.01
[17:50:57:581] [47174:0000b861] [DEBUG][com.freerdp.channels.drdynvc.client] - [drdynvc_process_create_request]: no listener for 'Microsoft::Windows::RDS::Video::Data::v08.01'
[17:50:57:581] [47174:0000b861] [DEBUG][com.freerdp.channels.drdynvc.client] - [drdynvc_process_create_request]: process_create_request: ChannelId=12 ChannelName=Microsoft::Windows::RDS::Geometry::v08.01
[17:50:57:581] [47174:0000b861] [DEBUG][com.freerdp.channels.drdynvc.client] - [drdynvc_process_create_request]: no listener for 'Microsoft::Windows::RDS::Geometry::v08.01'
[17:50:57:733] [47174:0000b861] [DEBUG][com.freerdp.channels.drdynvc.client] - [drdynvc_process_create_request]: process_create_request: ChannelId=16 ChannelName=AUDIO_PLAYBACK_DVC
[17:50:57:733] [47174:0000b861] [DEBUG][com.freerdp.channels.drdynvc.client] - [dvcman_create_channel]: listener AUDIO_PLAYBACK_DVC created new channel 16
[17:50:57:733] [47174:0000b861] [DEBUG][com.freerdp.channels.drdynvc.client] - [drdynvc_process_create_request]: channel created
[17:50:57:743] [47174:0000b861] [INFO][com.freerdp.channels.rdpsnd.client] - [rdpsnd_load_device_plugin]: [dynamic] Loaded pulse backend for rdpsnd
[17:50:57:743] [47174:0000b861] [DEBUG][com.freerdp.channels.drdynvc.client] - [dvcman_open_channel]: open_channel: ChannelId 16
[17:50:57:768] [47174:0000b848] [DEBUG][com.freerdp.client.x11] - [xf_Pointer_SetNull]: called
[17:50:57:771] [47174:0000b848] [DEBUG][com.freerdp.client.x11] - [xf_Pointer_New]: 0x7f74e024bce0
[17:50:57:771] [47174:0000b848] [DEBUG][com.freerdp.client.x11] - [xf_Pointer_Set]: 0x7f74e024bce0
[17:50:57:771] [47174:0000b848] [DEBUG][com.freerdp.client.x11] - [xf_Pointer_GetCursorForCurrentScale]: scaled: 2560x1600, desktop: 2560x1600
[17:50:57:771] [47174:0000b848] [DEBUG][com.freerdp.client.x11] - [xf_Pointer_GetCursorForCurrentScale]: cursorIndex -1 scaling pointer 41x39 --> 41x39 [1.000000x1.000000]
[17:50:57:778] [47174:0000b848] [DEBUG][com.freerdp.client.x11] - [xf_Pointer_New]: 0x7f74e024bfc0
[17:50:57:778] [47174:0000b848] [DEBUG][com.freerdp.client.x11] - [xf_Pointer_Set]: 0x7f74e024bfc0
[17:50:57:778] [47174:0000b848] [DEBUG][com.freerdp.client.x11] - [xf_Pointer_GetCursorForCurrentScale]: scaled: 2560x1600, desktop: 2560x1600
[17:50:57:778] [47174:0000b848] [DEBUG][com.freerdp.client.x11] - [xf_Pointer_GetCursorForCurrentScale]: cursorIndex -1 scaling pointer 41x39 --> 41x39 [1.000000x1.000000]
[17:50:57:778] [47174:0000b848] [DEBUG][com.freerdp.client.x11] - [xf_Pointer_Set]: 0x7f74e024bce0
[17:50:57:778] [47174:0000b848] [DEBUG][com.freerdp.client.x11] - [xf_Pointer_GetCursorForCurrentScale]: scaled: 2560x1600, desktop: 2560x1600
[17:50:57:778] [47174:0000b848] [DEBUG][com.freerdp.client.x11] - [xf_Pointer_GetCursorForCurrentScale]: using cached cursor 0
[17:50:57:809] [47174:0000b848] [DEBUG][com.freerdp.client.x11] - [xf_Pointer_New]: 0x7f74e024c200
[17:50:57:809] [47174:0000b848] [DEBUG][com.freerdp.client.x11] - [xf_Pointer_Set]: 0x7f74e024c200
[17:50:57:809] [47174:0000b848] [DEBUG][com.freerdp.client.x11] - [xf_Pointer_GetCursorForCurrentScale]: scaled: 2560x1600, desktop: 2560x1600
[17:50:57:810] [47174:0000b848] [DEBUG][com.freerdp.client.x11] - [xf_Pointer_GetCursorForCurrentScale]: cursorIndex -1 scaling pointer 73x71 --> 73x71 [1.000000x1.000000]
[17:50:57:846] [47174:0000b861] [DEBUG][com.freerdp.channels.drdynvc.client] - [drdynvc_process_create_request]: process_create_request: ChannelId=10 ChannelName=AUDIO_PLAYBACK_LOSSY_DVC
[17:50:57:846] [47174:0000b861] [DEBUG][com.freerdp.channels.drdynvc.client] - [drdynvc_process_create_request]: no listener for 'AUDIO_PLAYBACK_LOSSY_DVC'
[17:50:57:847] [47174:0000b848] [DEBUG][com.freerdp.client.x11] - [xf_Pointer_New]: 0x7f74e0061190
[17:50:57:847] [47174:0000b848] [DEBUG][com.freerdp.client.x11] - [xf_Pointer_Set]: 0x7f74e0061190
[17:50:57:847] [47174:0000b848] [DEBUG][com.freerdp.client.x11] - [xf_Pointer_GetCursorForCurrentScale]: scaled: 2560x1600, desktop: 2560x1600
[17:50:57:847] [47174:0000b848] [DEBUG][com.freerdp.client.x11] - [xf_Pointer_GetCursorForCurrentScale]: cursorIndex -1 scaling pointer 73x71 --> 73x71 [1.000000x1.000000]
[17:50:57:888] [47174:0000b848] [DEBUG][com.freerdp.client.x11] - [xf_Pointer_Set]: 0x7f74e024c200
[17:50:57:888] [47174:0000b848] [DEBUG][com.freerdp.client.x11] - [xf_Pointer_GetCursorForCurrentScale]: scaled: 2560x1600, desktop: 2560x1600
[17:50:57:888] [47174:0000b848] [DEBUG][com.freerdp.client.x11] - [xf_Pointer_GetCursorForCurrentScale]: using cached cursor 0
[17:50:57:954] [47174:0000b848] [DEBUG][com.freerdp.client.x11] - [xf_Pointer_New]: 0x7f74e0061580
[17:50:57:954] [47174:0000b848] [DEBUG][com.freerdp.client.x11] - [xf_Pointer_Set]: 0x7f74e0061580
[17:50:57:955] [47174:0000b848] [DEBUG][com.freerdp.client.x11] - [xf_Pointer_GetCursorForCurrentScale]: scaled: 2560x1600, desktop: 2560x1600
[17:50:57:955] [47174:0000b848] [DEBUG][com.freerdp.client.x11] - [xf_Pointer_GetCursorForCurrentScale]: cursorIndex -1 scaling pointer 73x71 --> 73x71 [1.000000x1.000000]
[17:50:57:955] [47174:0000b858] [DEBUG][com.freerdp.channels.rdpdr.client] - [rdpdr_state_advance]: [RDPDR] transition from RDPDR_CHANNEL_STATE_INITIAL to RDPDR_CHANNEL_STATE_ANNOUNCE
[17:50:57:955] [47174:0000b858] [DEBUG][com.freerdp.channels.rdpdr.client] - [rdpdr_process_server_announce_request]: [rdpdr] server announces version 1.13, client uses 1.13
[17:50:57:955] [47174:0000b858] [DEBUG][com.freerdp.channels.rdpdr.client] - [rdpdr_state_advance]: [RDPDR] transition from RDPDR_CHANNEL_STATE_ANNOUNCE to RDPDR_CHANNEL_STATE_ANNOUNCE_REPLY
[17:50:57:955] [47174:0000b858] [DEBUG][com.freerdp.channels.rdpdr.client] - [rdpdr_state_advance]: [RDPDR] transition from RDPDR_CHANNEL_STATE_ANNOUNCE_REPLY to RDPDR_CHANNEL_STATE_NAME_REQUEST
[17:50:57:955] [47174:0000b861] [DEBUG][com.freerdp.channels.drdynvc.client] - [drdynvc_process_create_request]: process_create_request: ChannelId=10 ChannelName=RDCamera_Device_Enumerator
[17:50:57:955] [47174:0000b861] [DEBUG][com.freerdp.channels.drdynvc.client] - [drdynvc_process_create_request]: no listener for 'RDCamera_Device_Enumerator'
[17:50:57:981] [47174:0000b848] [DEBUG][com.freerdp.client.x11] - [xf_Pointer_New]: 0x7f74e00619d0
[17:50:57:981] [47174:0000b848] [DEBUG][com.freerdp.client.x11] - [xf_Pointer_Set]: 0x7f74e00619d0
[17:50:57:981] [47174:0000b848] [DEBUG][com.freerdp.client.x11] - [xf_Pointer_GetCursorForCurrentScale]: scaled: 2560x1600, desktop: 2560x1600
[17:50:57:981] [47174:0000b848] [DEBUG][com.freerdp.client.x11] - [xf_Pointer_GetCursorForCurrentScale]: cursorIndex -1 scaling pointer 73x71 --> 73x71 [1.000000x1.000000]
[17:50:58:010] [47174:0000b848] [DEBUG][com.freerdp.client.x11] - [xf_Pointer_Set]: 0x7f74e0061190
[17:50:58:010] [47174:0000b848] [DEBUG][com.freerdp.client.x11] - [xf_Pointer_GetCursorForCurrentScale]: scaled: 2560x1600, desktop: 2560x1600
[17:50:58:010] [47174:0000b848] [DEBUG][com.freerdp.client.x11] - [xf_Pointer_GetCursorForCurrentScale]: using cached cursor 0
[17:50:58:049] [47174:0000b848] [DEBUG][com.freerdp.client.x11] - [xf_Pointer_New]: 0x7f74e024ae60
[17:50:58:049] [47174:0000b848] [DEBUG][com.freerdp.client.x11] - [xf_Pointer_Set]: 0x7f74e024ae60
[17:50:58:049] [47174:0000b848] [DEBUG][com.freerdp.client.x11] - [xf_Pointer_GetCursorForCurrentScale]: scaled: 2560x1600, desktop: 2560x1600
[17:50:58:049] [47174:0000b848] [DEBUG][com.freerdp.client.x11] - [xf_Pointer_GetCursorForCurrentScale]: cursorIndex -1 scaling pointer 73x71 --> 73x71 [1.000000x1.000000]
[17:50:58:049] [47174:0000b848] [DEBUG][com.freerdp.client.x11] - [xf_Pointer_Set]: 0x7f74e0061190
[17:50:58:049] [47174:0000b848] [DEBUG][com.freerdp.client.x11] - [xf_Pointer_GetCursorForCurrentScale]: scaled: 2560x1600, desktop: 2560x1600
[17:50:58:049] [47174:0000b848] [DEBUG][com.freerdp.client.x11] - [xf_Pointer_GetCursorForCurrentScale]: using cached cursor 0
[17:50:58:049] [47174:0000b858] [DEBUG][com.freerdp.channels.rdpdr.client] - [rdpdr_state_advance]: [RDPDR] transition from RDPDR_CHANNEL_STATE_NAME_REQUEST to RDPDR_CHANNEL_STATE_SERVER_CAPS
[17:50:58:049] [47174:0000b858] [DEBUG][com.freerdp.channels.rdpdr.client] - [rdpdr_state_advance]: [RDPDR] transition from RDPDR_CHANNEL_STATE_SERVER_CAPS to RDPDR_CHANNEL_STATE_CLIENT_CAPS
[17:50:58:049] [47174:0000b858] [DEBUG][com.freerdp.channels.rdpdr.client] - [rdpdr_state_advance]: [RDPDR] transition from RDPDR_CHANNEL_STATE_CLIENT_CAPS to RDPDR_CHANNEL_STATE_CLIENTID_CONFIRM
[17:50:58:049] [47174:0000b858] [DEBUG][com.freerdp.channels.rdpdr.client] - [rdpdr_state_advance]: [RDPDR] transition from RDPDR_CHANNEL_STATE_CLIENTID_CONFIRM to RDPDR_CHANNEL_STATE_READY
[17:50:58:488] [47174:0000b861] [DEBUG][com.freerdp.channels.drdynvc.client] - [drdynvc_process_close_request]: process_close_request: Sp=2 cbChId=0, ChannelId=16
[17:50:58:488] [47174:0000b861] [DEBUG][com.freerdp.channels.drdynvc.client] - [dvcman_channel_close]: sending close confirm for 'AUDIO_PLAYBACK_DVC'
[17:51:00:025] [47174:0000b861] [DEBUG][com.freerdp.channels.drdynvc.client] - [drdynvc_process_create_request]: process_create_request: ChannelId=10 ChannelName=AUDIO_PLAYBACK_DVC
[17:51:00:025] [47174:0000b861] [DEBUG][com.freerdp.channels.drdynvc.client] - [dvcman_create_channel]: listener AUDIO_PLAYBACK_DVC created new channel 10
[17:51:00:025] [47174:0000b861] [DEBUG][com.freerdp.channels.drdynvc.client] - [drdynvc_process_create_request]: channel c[17:51:00:183] [47174:0000b861] [WARN][com.freerdp.channels.drdynvc.client] - [check_open_close_receive]: {Microsoft::Windows::RDS::Input:16} OnOpen=(nil), OnClose=0x7f74f3923f50
reated
[17:51:00:028] [47174:0000b848] [DEBUG][com.freerdp.core.rdp] - [rdp_read_share_control_header][0x55822c379c30]: type=PDU_TYPE_DATA[0x00000007], tpktLength=1184, remainingLength=1178
[17:51:00:028] [47174:0000b848] [DEBUG][com.freerdp.core.rdp] - [rdp_recv_data_pdu][0x55822c379c30]: recv Save Session Info Data PDU (0x26), length: 1184
[17:51:00:028] [47174:0000b848] [DEBUG][com.freerdp.core.info] - [rdp_recv_logon_info_v2]: LogonInfoV2: SessionId: 0x00000002 UserName: [ngleh] Domain: [hoang]
[17:51:00:038] [47174:0000b861] [INFO][com.freerdp.channels.rdpsnd.client] - [rdpsnd_load_device_plugin]: [dynamic] Loaded pulse backend for rdpsnd
[17:51:00:038] [47174:0000b861] [DEBUG][com.freerdp.channels.drdynvc.client] - [dvcman_open_channel]: open_channel: ChannelId 10
[17:51:00:063] [47174:0000b848] [DEBUG][com.freerdp.core.rdp] - [rdp_read_share_control_header][0x55822c379c30]: type=PDU_TYPE_DATA[0x00000007], tpktLength=630, remainingLength=624
[17:51:00:063] [47174:0000b848] [DEBUG][com.freerdp.core.rdp] - [rdp_recv_data_pdu][0x55822c379c30]: recv Save Session Info Data PDU (0x26), length: 630
[17:51:00:063] [47174:0000b848] [DEBUG][com.freerdp.core.info] - [rdp_recv_logon_info_extended]: LogonInfoExtended: fieldsPresent: 0x00000001
[17:51:00:063] [47174:0000b848] [DEBUG][com.freerdp.core.info] - [rdp_read_server_auto_reconnect_cookie]: ServerAutoReconnectCookie: Version: 1 LogonId: 2 SecurityVerifier: 33C5D2A6F8624A6183ABD7290D934D59
[17:51:00:064] [47174:0000b861] [DEBUG][com.freerdp.channels.drdynvc.client] - [drdynvc_process_create_request]: process_create_request: ChannelId=11 ChannelName=TextInput_ServerToClientDVC
[17:51:00:064] [47174:0000b861] [DEBUG][com.freerdp.channels.drdynvc.client] - [drdynvc_process_create_request]: no listener for 'TextInput_ServerToClientDVC'
[17:51:00:064] [47174:0000b861] [DEBUG][com.freerdp.channels.drdynvc.client] - [drdynvc_process_create_request]: process_create_request: ChannelId=12 ChannelName=Microsoft::Windows::RDS::Geometry::v08.01
[17:51:00:064] [47174:0000b861] [DEBUG][com.freerdp.channels.drdynvc.client] - [drdynvc_process_create_request]: no listener for 'Microsoft::Windows::RDS::Geometry::v08.01'
[17:51:00:101] [47174:0000b861] [DEBUG][com.freerdp.channels.drdynvc.client] - [drdynvc_process_create_request]: process_create_request: ChannelId=16 ChannelName=Microsoft::Windows::RDS::Input
[17:51:00:101] [47174:0000b861] [DEBUG][com.freerdp.channels.drdynvc.client] - [dvcman_create_channel]: listener Microsoft::Windows::RDS::Input created new channel 16
[17:51:00:101] [47174:0000b861] [DEBUG][com.freerdp.channels.drdynvc.client] - [drdynvc_process_create_request]: channel created
[17:51:00:101] [47174:0000b861] [DEBUG][com.freerdp.channels.drdynvc.client] - [dvcman_open_channel]: open_channel: ChannelId 16
[17:51:00:141] [47174:0000b861] [DEBUG][com.freerdp.channels.drdynvc.client] - [drdynvc_process_create_request]: process_create_request: ChannelId=17 ChannelName=AUDIO_PLAYBACK_LOSSY_DVC
[17:51:00:141] [47174:0000b861] [DEBUG][com.freerdp.channels.drdynvc.client] - [drdynvc_process_create_request]: no listener for 'AUDIO_PLAYBACK_LOSSY_DVC'
[17:51:00:141] [47174:0000b861] [DEBUG][com.freerdp.channels.drdynvc.client] - [drdynvc_process_create_request]: process_create_request: ChannelId=18 ChannelName=Microsoft::Windows::RDS::Geometry::v08.01
[17:51:00:141] [47174:0000b861] [DEBUG][com.freerdp.channels.drdynvc.client] - [drdynvc_process_create_request]: no listener for 'Microsoft::Windows::RDS::Geometry::v08.01'
[17:51:00:221] [47174:0000b858] [DEBUG][com.freerdp.channels.rdpdr.client] - [rdpdr_state_advance]: [RDPDR] transition from RDPDR_CHANNEL_STATE_READY to RDPDR_CHANNEL_STATE_INITIAL
[17:51:00:221] [47174:0000b858] [DEBUG][com.freerdp.channels.rdpdr.client] - [rdpdr_state_advance]: [RDPDR] transition from RDPDR_CHANNEL_STATE_INITIAL to RDPDR_CHANNEL_STATE_ANNOUNCE
[17:51:00:221] [47174:0000b858] [DEBUG][com.freerdp.channels.rdpdr.client] - [rdpdr_process_server_announce_request]: [rdpdr] server announces version 1.13, client uses 1.13
[17:51:00:221] [47174:0000b858] [DEBUG][com.freerdp.channels.rdpdr.client] - [rdpdr_state_advance]: [RDPDR] transition from RDPDR_CHANNEL_STATE_ANNOUNCE to RDPDR_CHANNEL_STATE_ANNOUNCE_REPLY
[17:51:00:221] [47174:0000b858] [DEBUG][com.freerdp.channels.rdpdr.client] - [rdpdr_state_advance]: [RDPDR] transition from RDPDR_CHANNEL_STATE_ANNOUNCE_REPLY to RDPDR_CHANNEL_STATE_NAME_REQUEST
[17:51:00:259] [47174:0000b861] [DEBUG][com.freerdp.channels.drdynvc.client] - [drdynvc_process_create_request]: process_create_request: ChannelId=11 ChannelName=RDCamera_Device_Enumerator
[17:51:00:259] [47174:0000b861] [DEBUG][com.freerdp.channels.drdynvc.client] - [drdynvc_process_create_request]: no listener for 'RDCamera_Device_Enumerator'
[17:51:00:259] [47174:0000b861] [DEBUG][com.freerdp.channels.drdynvc.client] - [drdynvc_process_create_request]: process_create_request: ChannelId=12 ChannelName=Microsoft::Windows::RDS::Notify
[17:51:00:259] [47174:0000b861] [DEBUG][com.freerdp.channels.drdynvc.client] - [drdynvc_process_create_request]: no listener for 'Microsoft::Windows::RDS::Notify'
[17:51:00:259] [47174:0000b85d] [DEBUG][com.freerdp.channels.cliprdr.client] - [cliprdr_order_recv]: msgType: CB_CLIP_CAPS [0x0007] (7), msgFlags: NONE|[0x0000] dataLen: 16
[17:51:00:259] [47174:0000b85d] [DEBUG][com.freerdp.channels.cliprdr.client] - [cliprdr_process_clip_caps]: ServerCapabilities
[17:51:00:259] [47174:0000b85d] [DEBUG][com.freerdp.channels.cliprdr.client] - [cliprdr_process_general_capability]: Version: 2
[17:51:00:259] [47174:0000b85d] [DEBUG][com.freerdp.channels.cliprdr.client] - [cliprdr_print_general_capability_flags]: generalFlags (0x0000003E) {
[17:51:00:259] [47174:0000b85d] [DEBUG][com.freerdp.channels.cliprdr.client] - [cliprdr_print_general_capability_flags]: 	CB_USE_LONG_FORMAT_NAMES
[17:51:00:259] [47174:0000b85d] [DEBUG][com.freerdp.channels.cliprdr.client] - [cliprdr_print_general_capability_flags]: 	CB_STREAM_FILECLIP_ENABLED
[17:51:00:260] [47174:0000b85d] [DEBUG][com.freerdp.channels.cliprdr.client] - [cliprdr_print_general_capability_flags]: 	CB_FILECLIP_NO_FILE_PATHS
[17:51:00:260] [47174:0000b85d] [DEBUG][com.freerdp.channels.cliprdr.client] - [cliprdr_print_general_capability_flags]: 	CB_CAN_LOCK_CLIPDATA
[17:51:00:260] [47174:0000b85d] [DEBUG][com.freerdp.channels.cliprdr.client] - [cliprdr_print_general_capability_flags]: 	CB_HUGE_FILE_SUPPORT_ENABLED
[17:51:00:260] [47174:0000b85d] [DEBUG][com.freerdp.channels.cliprdr.client] - [cliprdr_print_general_capability_flags]: }
[17:51:00:260] [47174:0000b85d] [DEBUG][com.freerdp.channels.cliprdr.client] - [cliprdr_order_recv]: msgType: CB_MONITOR_READY [0x0001] (1), msgFlags: NONE|[0x0000] dataLen: 0
[17:51:00:260] [47174:0000b85d] [DEBUG][com.freerdp.channels.cliprdr.client] - [cliprdr_process_monitor_ready]: MonitorReady
[17:51:00:260] [47174:0000b85d] [DEBUG][com.freerdp.channels.cliprdr.client] - [cliprdr_client_capabilities]: ClientCapabilities
[17:51:00:260] [47174:0000b85d] [DEBUG][com.freerdp.channels.cliprdr.client] - [cliprdr_packet_send]: Cliprdr Sending (24 bytes)
[17:51:00:260] [47174:0000b85d] [DEBUG][com.freerdp.client.common.cliprdr.file] - [cliprdr_file_context_clear]: clear file clipboard...
[17:51:00:260] [47174:0000b85d] [DEBUG][com.freerdp.channels.cliprdr.client] - [cliprdr_client_format_list]: ClientFormatList: numFormats: 0
[17:51:00:260] [47174:0000b85d] [DEBUG][com.freerdp.channels.cliprdr.client] - [cliprdr_packet_send]: Cliprdr Sending (8 bytes)
[17:51:00:311] [47174:0000b858] [DEBUG][com.freerdp.channels.rdpdr.client] - [rdpdr_state_advance]: [RDPDR] transition from RDPDR_CHANNEL_STATE_NAME_REQUEST to RDPDR_CHANNEL_STATE_SERVER_CAPS
[17:51:00:312] [47174:0000b858] [DEBUG][com.freerdp.channels.rdpdr.client] - [rdpdr_state_advance]: [RDPDR] transition from RDPDR_CHANNEL_STATE_SERVER_CAPS to RDPDR_CHANNEL_STATE_CLIENT_CAPS
[17:51:00:312] [47174:0000b858] [DEBUG][com.freerdp.channels.rdpdr.client] - [rdpdr_state_advance]: [RDPDR] transition from RDPDR_CHANNEL_STATE_CLIENT_CAPS to RDPDR_CHANNEL_STATE_CLIENTID_CONFIRM
[17:51:00:312] [47174:0000b858] [DEBUG][com.freerdp.cha[17:51:00:633] [47174:0000b861] [WARN][com.freerdp.channels.drdynvc.client] - [check_open_close_receive]: {Microsoft::Windows::RDS::DisplayControl:11} OnOpen=(nil), OnClose=0x7f74f39302f0
nnels.rdpdr.client] - [rdpdr_state_advance]: [RDPDR] transition from RDPDR_CHANNEL_STATE_CLIENTID_CONFIRM to RDPDR_CHANNEL_STATE_READY
[17:51:00:363] [47174:0000b861] [DEBUG][com.freerdp.channels.drdynvc.client] - [drdynvc_process_create_request]: process_create_request: ChannelId=11 ChannelName=Microsoft::Windows::RDS::Geometry::v08.01
[17:51:00:363] [47174:0000b861] [DEBUG][com.freerdp.channels.drdynvc.client] - [drdynvc_process_create_request]: no listener for 'Microsoft::Windows::RDS::Geometry::v08.01'
[17:51:00:406] [47174:0000b85d] [DEBUG][com.freerdp.channels.cliprdr.client] - [cliprdr_order_recv]: msgType: CB_FORMAT_LIST_RESPONSE [0x0003] (3), msgFlags: CB_RESPONSE_OK|[0x0001] dataLen: 0
[17:51:00:406] [47174:0000b85d] [DEBUG][com.freerdp.channels.cliprdr.client] - [cliprdr_process_format_list_response]: ServerFormatListResponse
[17:51:00:406] [47174:0000b858] [DEBUG][com.freerdp.channels.rdpdr.client] - [rdpdr_state_advance]: [RDPDR] transition from RDPDR_CHANNEL_STATE_READY to RDPDR_CHANNEL_STATE_USER_LOGGEDON
[17:51:00:406] [47174:0000b858] [INFO][com.freerdp.channels.rdpdr.client] - [device_announce]: registered [    drive] device #1: Onemix (type= 8 id= 1)
[17:51:00:406] [47174:0000b858] [DEBUG][com.freerdp.channels.rdpdr.client] - [rdpdr_state_advance]: [RDPDR] transition from RDPDR_CHANNEL_STATE_USER_LOGGEDON to RDPDR_CHANNEL_STATE_READY
[17:51:00:503] [47174:0000b861] [DEBUG][com.freerdp.channels.drdynvc.client] - [drdynvc_process_create_request]: process_create_request: ChannelId=11 ChannelName=Microsoft::Windows::RDS::DisplayControl
[17:51:00:503] [47174:0000b861] [DEBUG][com.freerdp.channels.drdynvc.client] - [dvcman_create_channel]: listener Microsoft::Windows::RDS::DisplayControl created new channel 11
[17:51:00:503] [47174:0000b861] [DEBUG][com.freerdp.channels.drdynvc.client] - [drdynvc_process_create_request]: channel created
[17:51:00:503] [47174:0000b861] [DEBUG][com.freerdp.channels.drdynvc.client] - [dvcman_open_channel]: open_channel: ChannelId 11
[17:51:00:518] [47174:0000b848] [DEBUG][com.freerdp.client.x11] - [xf_Pointer_SetNull]: called
[17:51:00:541] [47174:0000b848] [DEBUG][com.freerdp.client.x11] - [xf_Pointer_New]: 0x7f74e024b5e0
[17:51:00:541] [47174:0000b848] [DEBUG][com.freerdp.client.x11] - [xf_Pointer_Set]: 0x7f74e024b5e0
[17:51:00:542] [47174:0000b848] [DEBUG][com.freerdp.client.x11] - [xf_Pointer_GetCursorForCurrentScale]: scaled: 2560x1600, desktop: 2560x1600
[17:51:00:542] [47174:0000b848] [DEBUG][com.freerdp.client.x11] - [xf_Pointer_GetCursorForCurrentScale]: cursorIndex -1 scaling pointer 64x64 --> 64x64 [1.000000x1.000000]
[17:51:00:633] [47174:0000b861] [DEBUG][com.freerdp.channels.drdynvc.client] - [drdynvc_process_create_request]: process_create_request: ChannelId=12 ChannelName=Microsoft::Windows::RDS::Location
[17:51:00:633] [47174:0000b861] [DEBUG][com.freerdp.channels.drdynvc.client] - [drdynvc_process_create_request]: no listener for 'Microsoft::Windows::RDS::Location'
[17:51:00:633] [47174:0000b861] [DEBUG][com.freerdp.channels.drdynvc.client] - [drdynvc_process_create_request]: process_create_request: ChannelId=17 ChannelName=Microsoft::Windows::RDS::Geometry::v08.01
[17:51:00:633] [47174:0000b861] [DEBUG][com.freerdp.channels.drdynvc.client] - [drdynvc_process_create_request]: no listener for 'Microsoft::Windows::RDS::Geometry::v08.01'
[17:51:03:856] [47174:0000b848] [DEBUG][com.freerdp.client.x11] - [xf_input_handle_event_remote]: checking for pen
[17:51:03:857] [47174:0000b848] [DEBUG][com.freerdp.client.x11] - [xf_input_touch_remote]: touch_remote: ev=Begin id=1872 x=2102 y=1554 rdpei=0x7f74e0214070 fallback=0
[17:51:03:858] [47174:0000b848] [DEBUG][com.freerdp.client.x11] - [xf_input_touch_remote]: touch_remote: ev=Other id=1872 x=0 y=0 rdpei=0x7f74e0214070 fallback=0
[17:51:03:865] [47174:0000b848] [DEBUG][com.freerdp.client.x11] - [xf_input_touch_remote]: touch_remote: ev=Update id=1872 x=2103 y=1554 rdpei=0x7f74e0214070 fallback=0
[17:51:03:875] [47174:0000b848] [DEBUG][com.freerdp.client.x11] - [xf_input_touch_remote]: touch_remote: ev=Update id=1872 x=2102 y=1556 rdpei=0x7f74e0214070 fallback=0
[17:51:03:887] [47174:0000b848] [DEBUG][com.freerdp.client.x11] - [xf_input_touch_remote]: touch_remote: ev=Update id=1872 x=2103 y=1554 rdpei=0x7f74e0214070 fallback=0
[17:51:03:896] [47174:0000b848] [DEBUG][com.freerdp.client.x11] - [xf_input_touch_remote]: touch_remote: ev=Update id=1872 x=2102 y=1555 rdpei=0x7f74e0214070 fallback=0
[17:51:03:905] [47174:0000b848] [DEBUG][com.freerdp.client.x11] - [xf_input_touch_remote]: touch_remote: ev=Update id=1872 x=2106 y=1551 rdpei=0x7f74e0214070 fallback=0
[17:51:03:925] [47174:0000b848] [DEBUG][com.freerdp.client.x11] - [xf_input_touch_remote]: touch_remote: ev=End id=1872 x=2106 y=1551 rdpei=0x7f74e0214070 fallback=0
[17:51:03:983] [47174:0000b848] [DEBUG][com.freerdp.client.x11] - [xf_Pointer_SetNull]: called
[17:51:04:732] [47174:0000b848] [DEBUG][com.freerdp.client.x11] - [xf_input_handle_event_remote]: checking for pen
[17:51:04:733] [47174:0000b848] [DEBUG][com.freerdp.client.x11] - [xf_input_touch_remote]: touch_remote: ev=Begin id=1873 x=2093 y=1559 rdpei=0x7f74e0214070 fallback=0
[17:51:04:733] [47174:0000b848] [DEBUG][com.freerdp.client.x11] - [xf_input_touch_remote]: touch_remote: ev=Other id=1873 x=0 y=0 rdpei=0x7f74e0214070 fallback=0
[17:51:04:742] [47174:0000b848] [DEBUG][com.freerdp.client.x11] - [xf_input_touch_remote]: touch_remote: ev=Update id=1873 x=2093 y=1559 rdpei=0x7f74e0214070 fallback=0
[17:51:04:752] [47174:0000b848] [DEBUG][com.freerdp.client.x11] - [xf_input_touch_remote]: touch_remote: ev=Update id=1873 x=2093 y=1559 rdpei=0x7f74e0214070 fallback=0
[17:51:04:762] [47174:0000b848] [DEBUG][com.freerdp.client.x11] - [xf_input_touch_remote]: touch_remote: ev=Update id=1873 x=2093 y=1559 rdpei=0x7f74e0214070 fallback=0
[17:51:04:772] [47174:0000b848] [DEBUG][com.freerdp.client.x11] - [xf_input_touch_remote]: touch_remote: ev=Update id=1873 x=2094 y=1558 rdpei=0x7f74e0214070 fallback=0
[17:51:04:782] [47174:0000b848] [DEBUG][com.freerdp.client.x11] - [xf_input_touch_remote]: touch_remote: ev=Update id=1873 x=2093 y=1559 rdpei=0x7f74e0214070 fallback=0
[17:51:04:792] [47174:0000b848] [DEBUG][com.freerdp.client.x11] - [xf_input_touch_remote]: touch_remote: ev=Update id=1873 x=2094 y=1559 rdpei=0x7f74e0214070 fallback=0
[17:51:04:803] [47174:0000b848] [DEBUG][com.freerdp.client.x11] - [xf_input_touch_remote]: touch_remote: ev=Update id=1873 x=2099 y=1554 rdpei=0x7f74e0214070 fallback=0
[17:51:04:820] [47174:0000b848] [DEBUG][com.freerdp.client.x11] - [xf_Pointer_SetNull]: called
[17:51:04:820] [47174:0000b848] [DEBUG][com.freerdp.client.x11] - [xf_Pointer_SetNull]: called
[17:51:04:822] [47174:0000b848] [DEBUG][com.freerdp.client.x11] - [xf_input_touch_remote]: touch_remote: ev=End id=1873 x=2099 y=1554 rdpei=0x7f74e0214070 fallback=0
[17:51:05:514] [47174:0000b848] [DEBUG][com.freerdp.client.x11] - [xf_input_handle_event_remote]: checking for pen
[17:51:05:515] [47174:0000b848] [DEBUG][com.freerdp.client.x11] - [xf_input_touch_remote]: touch_remote: ev=Begin id=1874 x=2108 y=1552 rdpei=0x7f74e0214070 fallback=0
[17:51:05:516] [47174:0000b848] [DEBUG][com.freerdp.client.x11] - [xf_input_touch_remote]: touch_remote: ev=Other id=1874 x=0 y=0 rdpei=0x7f74e0214070 fallback=0
[17:51:05:535] [47174:0000b848] [DEBUG][com.freerdp.client.x11] - [xf_input_touch_remote]: touch_remote: ev=Update id=1874 x=2108 y=1553 rdpei=0x7f74e0214070 fallback=0
[17:51:05:564] [47174:0000b848] [DEBUG][com.freerdp.client.x11] - [xf_input_touch_remote]: touch_remote: ev=Update id=1874 x=2109 y=1553 rdpei=0x7f74e0214070 fallback=0
[17:51:05:574] [47174:0000b848] [DEBUG][com.freerdp.client.x11] - [xf_input_touch_remote]: touch_remote: ev=Update id=1874 x=2109 y=1553 rdpei=0x7f74e0214070 fallback=0
[17:51:05:584] [47174:0000b848] [DEBUG][com.freerdp.client.x11] - [xf_input_touch_remote]: touch_remote: ev=Update id=1874 x=2109 y=1554 rdpei=0x7f74e0214070 fallback=0
[17:51:05:601] [47174:0000b848] [DEBUG][com.freerdp.client.x11] - [xf_Pointer_SetNull]: called
[17:51:05:604] [47174:0000b848] [DEBUG][com.freerdp.client.x11] - [xf_input_touch_remote]: touch_remote: ev=End id=1874 x=2109 y=1554 rdpei=0x7f74e0214070 fallback=0
[17:51:06:099] [47174:0000b848] [DEBUG][com.freerdp.client.x11] - [xf_input_handle_event_remote]: checking for pen
[17:51:06:100] [47174:0000b848] [DEBUG][com.freerdp.client.x11] - [xf_input_touch_remote]: touch_remote: ev=Begin id=1875 x=2110 y=1569 rdpei=0x7f74e0214070 fallback=0
[17:51:06:100] [47174:0000b848] [DEBUG][com.freerdp.client.x11] - [xf_input_touch_remote]: touch_remote: ev=Other id=1875 x=0 y=0 rdpei=0x7f74e0214070 fallback=0
[17:51:06:109] [47174:0000b848] [DEBUG][com.freerdp.client.x11] - [xf_input_touch_remote]: touch_remote: ev=Update id=1875 x=2108 y=1569 rdpei=0x7f74e0214070 fallback=0
[17:51:06:118] [47174:0000b848] [DEBUG][com.freerdp.client.x11] - [xf_input_touch_remote]: touch_remote: ev=Update id=1875 x=2109 y=1568 rdpei=0x7f74e0214070 fallback=0
[17:51:06:134] [47174:0000b848] [DEBUG][com.freerdp.client.x11] - [xf_input_touch_remote]: touch_remote: ev=Update id=1875 x=2108 y=1568 rdpei=0x7f74e0214070 fallback=0
[17:51:06:154] [47174:0000b848] [DEBUG][com.freerdp.client.x11] - [xf_input_touch_remote]: touch_remote: ev=Update id=1875 x=2108 y=1568 rdpei=0x7f74e0214070 fallback=0
[17:51:06:174] [47174:0000b848] [DEBUG][com.freerdp.client.x11] - [xf_input_touch_remote]: touch_remote: ev=Update id=1875 x=2109 y=1568 rdpei=0x7f74e0214070 fallback=0
[17:51:06:184] [47174:0000b848] [DEBUG][com.freerdp.client.x11] - [xf_input_touch_remote]: touch_remote: ev=Update id=1875 x=2111 y=1567 rdpei=0x7f74e0214070 fallback=0
[17:51:06:189] [47174:0000b848] [DEBUG][com.freerdp.client.x11] - [xf_Pointer_SetNull]: called
[17:51:06:204] [47174:0000b848] [DEBUG][com.freerdp.client.x11] - [xf_input_touch_remote]: touch_remote: ev=End id=1875 x=2111 y=1567 rdpei=0x7f74e0214070 fallback=0
[17:51:06:597] [47174:0000b848] [DEBUG][com.freerdp.client.x11] - [xf_input_handle_event_remote]: checking for pen
[17:51:06:599] [47174:0000b848] [DEBUG][com.freerdp.client.x11] - [xf_input_touch_remote]: touch_remote: ev=Begin id=1876 x=2068 y=1560 rdpei=0x7f74e0214070 fallback=0
[17:51:06:599] [47174:0000b848] [DEBUG][com.freerdp.client.x11] - [xf_input_touch_remote]: touch_remote: ev=Other id=1876 x=0 y=0 rdpei=0x7f74e0214070 fallback=0
[17:51:06:607] [47174:0000b848] [DEBUG][com.freerdp.client.x11] - [xf_input_touch_remote]: touch_remote: ev=Update id=1876 x=2068 y=1559 rdpei=0x7f74e0214070 fallback=0
[17:51:06:617] [47174:0000b848] [DEBUG][com.freerdp.client.x11] - [xf_input_touch_remote]: touch_remote: ev=Update id=1876 x=2068 y=1559 rdpei=0x7f74e0214070 fallback=0
[17:51:06:627] [47174:0000b848] [DEBUG][com.freerdp.client.x11] - [xf_input_touch_remote]: touch_remote: ev=Update id=1876 x=2068 y=1559 rdpei=0x7f74e0214070 fallback=0
[17:51:06:648] [47174:0000b848] [DEBUG][com.freerdp.client.x11] - [xf_input_touch_remote]: touch_remote: ev=Update id=1876 x=2068 y=1560 rdpei=0x7f74e0214070 fallback=0
[17:51:06:658] [47174:0000b848] [DEBUG][com.freerdp.client.x11] - [xf_input_touch_remote]: touch_remote: ev=Update id=1876 x=2072 y=1562 rdpei=0x7f74e0214070 fallback=0
[17:51:06:677] [47174:0000b848] [DEBUG][com.freerdp.client.x11] - [xf_input_touch_remote]: touch_remote: ev=End id=1876 x=2072 y=1562 rdpei=0x7f74e0214070 fallback=0
[17:51:06:682] [47174:0000b848] [DEBUG][com.freerdp.client.x11] - [xf_Pointer_Set]: 0x7f74e024b5e0
[17:51:06:682] [47174:0000b848] [DEBUG][com.freerdp.client.x11] - [xf_Pointer_GetCursorForCurrentScale]: scaled: 2560x1600, desktop: 2560x1600
[17:51:06:682] [47174:0000b848] [DEBUG][com.freerdp.client.x11] - [xf_Pointer_GetCursorForCurrentScale]: using cached cursor 0
[17:51:07:314] [47174:0000b848] [DEBUG][com.freerdp.client.x11] - [xf_input_handle_event_remote]: checking for pen
[17:51:07:315] [47174:0000b848] [DEBUG][com.freerdp.client.x11] - [xf_input_touch_remote]: touch_remote: ev=Begin id=1877 x=2101 y=1531 rdpei=0x7f74e0214070 fallback=0
[17:51:07:315] [47174:0000b848] [DEBUG][com.freerdp.client.x11] - [xf_input_touch_remote]: touch_remote: ev=Other id=1877 x=0 y=0 rdpei=0x7f74e0214070 fallback=0
[17:51:07:324] [47174:0000b848] [DEBUG][com.freerdp.client.x11] - [xf_input_touch_remote]: touch_remote: ev=Update id=1877 x=2100 y=1531 rdpei=0x7f74e0214070 fallback=0
[17:51:07:333] [47174:0000b848] [DEBUG][com.freerdp.client.x11] - [xf_input_touch_remote]: touch_remote: ev=Update id=1877 x=2100 y=1532 rdpei=0x7f74e0214070 fallback=0
[17:51:07:354] [47174:0000b848] [DEBUG][com.freerdp.client.x11] - [xf_input_touch_remote]: touch_remote: ev=Update id=1877 x=2100 y=1531 rdpei=0x7f74e0214070 fallback=0
[17:51:07:364] [47174:0000b848] [DEBUG][com.freerdp.client.x11] - [xf_input_touch_remote]: touch_remote: ev=Update id=1877 x=2100 y=1532 rdpei=0x7f74e0214070 fallback=0
[17:51:07:373] [47174:0000b848] [DEBUG][com.freerdp.client.x11] - [xf_input_touch_remote]: touch_remote: ev=Update id=1877 x=2100 y=1532 rdpei=0x7f74e0214070 fallback=0
[17:51:07:384] [47174:0000b848] [DEBUG][com.freerdp.client.x11] - [xf_input_touch_remote]: touch_remote: ev=Update id=1877 x=2101 y=1531 rdpei=0x7f74e0214070 fallback=0
[17:51:07:397] [47174:0000b848] [DEBUG][com.freerdp.client.x11] - [xf_Pointer_SetNull]: called
[17:51:07:404] [47174:0000b848] [DEBUG][com.freerdp.client.x11] - [xf_input_touch_remote]: touch_remote: ev=End id=1877 x=2101 y=1531 rdpei=0x7f74e0214070 fallback=0
[17:51:07:490] [47174:0000b861] [DEBUG][com.freerdp.channels.rdpgfx.client] - [rdpgfx_read_h264_metablock]: H264_METABLOCK: numRegionRects: 1
[17:51:07:490] [47174:0000b861] [DEBUG][com.freerdp.channels.rdpgfx.client] - [rdpgfx_read_h264_metablock]: regionRects[0]: left: 2016 top: 1472 right: 2176 bottom: 1600
[17:51:07:491] [47174:0000b861] [DEBUG][com.freerdp.channels.rdpgfx.client] - [rdpgfx_read_h264_metablock]: quantQualityVals[0]: qp: 26 r: 0 p: 0 qualityVal: 96
[17:51:07:527] [47174:0000b861] [DEBUG][com.freerdp.channels.rdpgfx.client] - [rdpgfx_read_h264_metablock]: H264_METABLOCK: numRegionRects: 1
[17:51:07:527] [47174:0000b861] [DEBUG][com.freerdp.channels.rdpgfx.client] - [rdpgfx_read_h264_metablock]: regionRects[0]: left: 2016 top: 1472 right: 2176 bottom: 1600
[17:51:07:527] [47174:0000b861] [DEBUG][com.freerdp.channels.rdpgfx.client] - [rdpgfx_read_h264_metablock]: quantQualityVals[0]: qp: 25 r: 0 p: 0 qualityVal: 100
[17:51:07:691] [47174:0000b861] [DEBUG][com.freerdp.channels.rdpgfx.client] - [rdpgfx_read_h264_metablock]: H264_METABLOCK: numRegionRects: 1
[17:51:07:691] [47174:0000b861] [DEBUG][com.freerdp.channels.rdpgfx.client] - [rdpgfx_read_h264_metablock]: regionRects[0]: left: 2016 top: 1472 right: 2176 bottom: 1600
[17:51:07:691] [47174:0000b861] [DEBUG][com.freerdp.channels.rdpgfx.client] - [rdpgfx_read_h264_metablock]: quantQualityVals[0]: qp: 25 r: 0 p: 0 qualityVal: 100
[17:51:07:750] [47174:0000b861] [DEBUG][com.freerdp.channels.rdpgfx.client] - [rdpgfx_read_h264_metablock]: H264_METABLOCK: numRegionRects: 1
[17:51:07:750] [47174:0000b861] [DEBUG][com.freerdp.channels.rdpgfx.client] - [rdpgfx_read_h264_metablock]: regionRects[0]: left: 2016 top: 1472 right: 2176 bottom: 1600
[17:51:07:750] [47174:0000b861] [DEBUG][com.freerdp.channels.rdpgfx.client] - [rdpgfx_read_h264_metablock]: quantQualityVals[0]: qp: 25 r: 0 p: 0 qualityVal: 100
[17:51:07:762] [47174:0000b861] [DEBUG][com.freerdp.channels.rdpgfx.client] - [rdpgfx_recv_evict_cache_entry_pdu]: RecvEvictCacheEntryPdu: cacheSlot: 33
[17:51:07:762] [47174:0000b861] [DEBUG][com.freerdp.channels.rdpgfx.client] - [rdpgfx_recv_evict_cache_entry_pdu]: RecvEvictCacheEntryPdu: cacheSlot: 34
[17:51:07:762] [47174:0000b861] [DEBUG][com.freerdp.channels.rdpgfx.client] - [rdpgfx_recv_evict_cache_entry_pdu]: RecvEvictCacheEntryPdu: cacheSlot: 35
[17:51:07:762] [47174:0000b861] [DEBUG][com.freerdp.channels.rdpgfx.client] - [rdpgfx_recv_evict_cache_entry_pdu]: RecvEvictCacheEntryPdu: cacheSlot: 36
[17:51:07:762] [47174:0000b861] [DEBUG][com.freerdp.channels.rdpgfx.client] - [rdpgfx_recv_evict_cache_entry_pdu]: RecvEvictCacheEntryPdu: cacheSlot: 37
[17:51:07:762] [47174:0000b861] [DEBUG][com.freerdp.channels.rdpgfx.client] - [rdpgfx_recv_evict_cache_entry_pdu]: RecvEvictCacheEntryPdu: cacheSlot: 38
[17:51:07:762] [47174:0000b861] [DEBUG][com.freerdp.channels.rdpgfx.client] - [rdpgfx_recv_evict_cache_entry_pdu]: RecvEvictCacheEntryPdu: cacheSlot: 39
[17:51:07:762] [47174:0000b861] [DEBUG][com.freerdp.channels.rdpgfx.client] - [rdpgfx_recv_evict_cache_entry_pdu]: RecvEvictCacheEntryPdu: cacheSlot: 40
[17:51:07:762] [47174:0000b861] [DEBUG][com.freerdp.channels.rdpgfx.client] - [rdpgfx_recv_evict_cache_entry_pdu]: RecvEvictCacheEntryPdu: cacheSlot: 41
[17:51:07:762] [47174:0000b861] [DEBUG][com.freerdp.channels.rdpgfx.client] - [rdpgfx_recv_evict_cache_entry_pdu]: RecvEvictCacheEntryPdu: cacheSlot: 42
[17:51:07:762] [47174:0000b861] [DEBUG][com.freerdp.channels.rdpgfx.client] - [rdpgfx_recv_evict_cache_entry_pdu]: RecvEvictCacheEntryPdu: cacheSlot: 43
[17:51:07:762] [47174:0000b861] [DEBUG][com.freerdp.channels.rdpgfx.client] - [rdpgfx_recv_evict_cache_entry_pdu]: RecvEvictCacheEntryPdu: cacheSlot: 44
[17:51:07:762] [47174:0000b861] [DEBUG][com.freerdp.channels.rdpgfx.client] - [rdpgfx_recv_evict_cache_entry_pdu]: RecvEvictCacheEntryPdu: cacheSlot: 45
[17:51:07:763] [47174:0000b861] [DEBUG][com.freerdp.channels.rdpgfx.client] - [rdpgfx_recv_evict_cache_entry_pdu]: RecvEvictCacheEntryPdu: cacheSlot: 46
[17:51:07:763] [47174:0000b861] [DEBUG][com.freerdp.channels.rdpgfx.client] - [rdpgfx_recv_evict_cache_entry_pdu]: RecvEvictCacheEntryPdu: cacheSlot: 47
[17:51:07:763] [47174:0000b861] [DEBUG][com.freerdp.channels.rdpgfx.client] - [rdpgfx_recv_evict_cache_entry_pdu]: RecvEvictCacheEntryPdu: cacheSlot: 48
[17:51:07:763] [47174:0000b861] [DEBUG][com.freerdp.channels.rdpgfx.client] - [rdpgfx_recv_evict_cache_entry_pdu]: RecvEvictCacheEntryPdu: cacheSlot: 49
[17:51:07:763] [47174:0000b861] [DEBUG][com.freerdp.channels.rdpgfx.client] - [rdpgfx_recv_evict_cache_entry_pdu]: RecvEvictCacheEntryPdu: cacheSlot: 50
[17:51:07:763] [47174:0000b861] [DEBUG][com.freerdp.channels.rdpgfx.client] - [rdpgfx_recv_evict_cache_entry_pdu]: RecvEvictCacheEntryPdu: cacheSlot: 51
[17:51:07:763] [47174:0000b861] [DEBUG][com.freerdp.channels.rdpgfx.client] - [rdpgfx_recv_evict_cache_entry_pdu]: RecvEvictCacheEntryPdu: cacheSlot: 52
[17:51:07:763] [47174:0000b861] [DEBUG][com.freerdp.channels.rdpgfx.client] - [rdpgfx_recv_evict_cache_entry_pdu]: RecvEvictCacheEntryPdu: cacheSlot: 53
[17:51:07:763] [47174:0000b861] [DEBUG][com.freerdp.channels.rdpgfx.client] - [rdpgfx_recv_evict_cache_entry_pdu]: RecvEvictCacheEntryPdu: cacheSlot: 54
[17:51:07:763] [47174:0000b861] [DEBUG][com.freerdp.channels.rdpgfx.client] - [rdpgfx_recv_evict_cache_entry_pdu]: RecvEvictCacheEntryPdu: cacheSlot: 55
[17:51:07:763] [47174:0000b861] [DEBUG][com.freerdp.channels.rdpgfx.client] - [rdpgfx_recv_evict_cache_entry_pdu]: RecvEvictCacheEntryPdu: cacheSlot: 56
[17:51:07:763] [47174:0000b861] [DEBUG][com.freerdp.channels.rdpgfx.client] - [rdpgfx_recv_evict_cache_entry_pdu]: RecvEvictCacheEntryPdu: cacheSlot: 57
[17:51:07:763] [47174:0000b861] [DEBUG][com.freerdp.channels.rdpgfx.client] - [rdpgfx_recv_evict_cache_entry_pdu]: RecvEvictCacheEntryPdu: cacheSlot: 58
[17:51:07:763] [47174:0000b861] [DEBUG][com.freerdp.channels.rdpgfx.client] - [rdpgfx_recv_evict_cache_entry_pdu]: RecvEvictCacheEntryPdu: cacheSlot: 59
[17:51:07:763] [47174:0000b861] [DEBUG][com.freerdp.channels.rdpgfx.client] - [rdpgfx_recv_evict_cache_entry_pdu]: RecvEvictCacheEntryPdu: cacheSlot: 60
[17:51:07:763] [47174:0000b861] [DEBUG][com.freerdp.channels.rdpgfx.client] - [rdpgfx_recv_evict_cache_entry_pdu]: RecvEvictCacheEntryPdu: cacheSlot: 61
[17:51:07:763] [47174:0000b861] [DEBUG][com.freerdp.channels.rdpgfx.client] - [rdpgfx_recv_evict_cache_entry_pdu]: RecvEvictCacheEntryPdu: cacheSlot: 62
[17:51:07:763] [47174:0000b861] [DEBUG][com.freerdp.channels.rdpgfx.client] - [rdpgfx_recv_evict_cache_entry_pdu]: RecvEvictCacheEntryPdu: cacheSlot: 63
[17:51:07:763] [47174:0000b861] [DEBUG][com.freerdp.channels.rdpgfx.client] - [rdpgfx_recv_evict_cache_entry_pdu]: RecvEvictCacheEntryPdu: cacheSlot: 64
[17:51:07:763] [47174:0000b861] [DEBUG][com.freerdp.channels.rdpgfx.client] - [rdpgfx_recv_evict_cache_entry_pdu]: RecvEvictCacheEntryPdu: cacheSlot: 65
[17:51:07:763] [47174:0000b861] [DEBUG][com.freerdp.channels.rdpgfx.client] - [rdpgfx_recv_evict_cache_entry_pdu]: RecvEvictCacheEntryPdu: cacheSlot: 66
[17:51:07:763] [47174:0000b861] [DEBUG][com.freerdp.channels.rdpgfx.client] - [rdpgfx_recv_evict_cache_entry_pdu]: RecvEvictCacheEntryPdu: cacheSlot: 67
[17:51:07:763] [47174:0000b861] [DEBUG][com.freerdp.channels.rdpgfx.client] - [rdpgfx_recv_evict_cache_entry_pdu]: RecvEvictCacheEntryPdu: cacheSlot: 68
[17:51:07:763] [47174:0000b861] [DEBUG][com.freerdp.channels.rdpgfx.client] - [rdpgfx_recv_evict_cache_entry_pdu]: RecvEvictCacheEntryPdu: cacheSlot: 69
[17:51:07:763] [47174:0000b861] [DEBUG][com.freerdp.channels.rdpgfx.client] - [rdpgfx_recv_evict_cache_entry_pdu]: RecvEvictCacheEntryPdu: cacheSlot: 70
[17:51:07:763] [47174:0000b861] [DEBUG][com.freerdp.channels.rdpgfx.client] - [rdpgfx_recv_evict_cache_entry_pdu]: RecvEvictCacheEntryPdu: cacheSlot: 71
[17:51:07:763] [47174:0000b861] [DEBUG][com.freerdp.channels.rdpgfx.client] - [rdpgfx_recv_evict_cache_entry_pdu]: RecvEvictCacheEntryPdu: cacheSlot: 72
[17:51:07:763] [47174:0000b861] [DEBUG][com.freerdp.channels.rdpgfx.client] - [rdpgfx_recv_evict_cache_entry_pdu]: RecvEvictCacheEntryPdu: cacheSlot: 73
[17:51:07:763] [47174:0000b861] [DEBUG][com.freerdp.channels.rdpgfx.client] - [rdpgfx_recv_evict_cache_entry_pdu]: RecvEvictCacheEntryPdu: cacheSlot: 74
[17:51:07:763] [47174:0000b861] [DEBUG][com.freerdp.channels.rdpgfx.client] - [rdpgfx_recv_evict_cache_entry_pdu]: RecvEvictCacheEntryPdu: cacheSlot: 75
[17:51:07:763] [47174:0000b861] [DEBUG][com.freerdp.channels.rdpgfx.client] - [rdpgfx_recv_evict_cache_entry_pdu]: RecvEvictCacheEntryPdu: cacheSlot: 76
[17:51:07:764] [47174:0000b861] [DEBUG][com.freerdp.channels.rdpgfx.client] - [rdpgfx_recv_evict_cache_entry_pdu]: RecvEvictCacheEntryPdu: cacheSlot: 77
[17:51:07:764] [47174:0000b861] [DEBUG][com.freerdp.channels.rdpgfx.client] - [rdpgfx_recv_evict_cache_entry_pdu]: RecvEvictCacheEntryPdu: cacheSlot: 78
[17:51:07:764] [47174:0000b861] [DEBUG][com.freerdp.channels.rdpgfx.client] - [rdpgfx_recv_evict_cache_entry_pdu]: RecvEvictCacheEntryPdu: cacheSlot: 79
[17:51:07:764] [47174:0000b861] [DEBUG][com.freerdp.channels.rdpgfx.client] - [rdpgfx_recv_evict_cache_entry_pdu]: RecvEvictCacheEntryPdu: cacheSlot: 80
[17:51:07:764] [47174:0000b861] [DEBUG][com.freerdp.channels.rdpgfx.client] - [rdpgfx_recv_evict_cache_entry_pdu]: RecvEvictCacheEntryPdu: cacheSlot: 81
[17:51:07:764] [47174:0000b861] [DEBUG][com.freerdp.channels.rdpgfx.client] - [rdpgfx_recv_evict_cache_entry_pdu]: RecvEvictCacheEntryPdu: cacheSlot: 82
[17:51:07:764] [47174:0000b861] [DEBUG][com.freerdp.channels.rdpgfx.client] - [rdpgfx_recv_evict_cache_entry_pdu]: RecvEvictCacheEntryPdu: cacheSlot: 83
[17:51:07:764] [47174:0000b861] [DEBUG][com.freerdp.channels.rdpgfx.client] - [rdpgfx_recv_evict_cache_entry_pdu]: RecvEvictCacheEntryPdu: cacheSlot: 84
[17:51:07:764] [47174:0000b861] [DEBUG][com.freerdp.channels.rdpgfx.client] - [rdpgfx_recv_evict_cache_entry_pdu]: RecvEvictCacheEntryPdu: cacheSlot: 85
[17:51:07:764] [47174:0000b861] [DEBUG][com.freerdp.channels.rdpgfx.client] - [rdpgfx_recv_evict_cache_entry_pdu]: RecvEvictCacheEntryPdu: cacheSlot: 86
[17:51:07:764] [47174:0000b861] [DEBUG][com.freerdp.channels.rdpgfx.client] - [rdpgfx_recv_evict_cache_entry_pdu]: RecvEvictCacheEntryPdu: cacheSlot: 87
[17:51:07:764] [47174:0000b861] [DEBUG][com.freerdp.channels.rdpgfx.client] - [rdpgfx_recv_evict_cache_entry_pdu]: RecvEvictCacheEntryPdu: cacheSlot: 88
[17:51:07:764] [47174:0000b861] [DEBUG][com.freerdp.channels.rdpgfx.client] - [rdpgfx_recv_evict_cache_entry_pdu]: RecvEvictCacheEntryPdu: cacheSlot: 89
[17:51:07:764] [47174:0000b861] [DEBUG][com.freerdp.channels.rdpgfx.client] - [rdpgfx_recv_evict_cache_entry_pdu]: RecvEvictCacheEntryPdu: cacheSlot: 90
[17:51:07:764] [47174:0000b861] [DEBUG][com.freerdp.channels.rdpgfx.client] - [rdpgfx_recv_evict_cache_entry_pdu]: RecvEvictCacheEntryPdu: cacheSlot: 91
[17:51:07:764] [47174:0000b861] [DEBUG][com.freerdp.channels.rdpgfx.client] - [rdpgfx_recv_evict_cache_entry_pdu]: RecvEvictCacheEntryPdu: cacheSlot: 92
[17:51:07:764] [47174:0000b861] [DEBUG][com.freerdp.channels.rdpgfx.client] - [rdpgfx_recv_evict_cache_entry_pdu]: RecvEvictCacheEntryPdu: cacheSlot: 93
[17:51:07:764] [47174:0000b861] [DEBUG][com.freerdp.channels.rdpgfx.client] - [rdpgfx_recv_evict_cache_entry_pdu]: RecvEvictCacheEntryPdu: cacheSlot: 94
[17:51:07:764] [47174:0000b861] [DEBUG][com.freerdp.channels.rdpgfx.client] - [rdpgfx_recv_evict_cache_entry_pdu]: RecvEvictCacheEntryPdu: cacheSlot: 95
[17:51:07:764] [47174:0000b861] [DEBUG][com.freerdp.channels.rdpgfx.client] - [rdpgfx_recv_evict_cache_entry_pdu]: RecvEvictCacheEntryPdu: cacheSlot: 96
[17:51:07:764] [47174:0000b861] [DEBUG][com.freerdp.channels.rdpgfx.client] - [rdpgfx_recv_evict_cache_entry_pdu]: RecvEvictCacheEntryPdu: cacheSlot: 97
[17:51:07:764] [47174:0000b861] [DEBUG][com.freerdp.channels.rdpgfx.client] - [rdpgfx_recv_evict_cache_entry_pdu]: RecvEvictCacheEntryPdu: cacheSlot: 98
[17:51:07:764] [47174:0000b861] [DEBUG][com.freerdp.channels.rdpgfx.client] - [rdpgfx_recv_evict_cache_entry_pdu]: RecvEvictCacheEntryPdu: cacheSlot: 99
[17:51:07:764] [47174:0000b861] [DEBUG][com.freerdp.channels.rdpgfx.client] - [rdpgfx_recv_evict_cache_entry_pdu]: RecvEvictCacheEntryPdu: cacheSlot: 100
[17:51:07:764] [47174:0000b861] [DEBUG][com.freerdp.channels.rdpgfx.client] - [rdpgfx_recv_evict_cache_entry_pdu]: RecvEvictCacheEntryPdu: cacheSlot: 101
[17:51:07:764] [47174:0000b861] [DEBUG][com.freerdp.channels.rdpgfx.client] - [rdpgfx_recv_evict_cache_entry_pdu]: RecvEvictCacheEntryPdu: cacheSlot: 102
[17:51:07:764] [47174:0000b861] [DEBUG][com.freerdp.channels.rdpgfx.client] - [rdpgfx_recv_evict_cache_entry_pdu]: RecvEvictCacheEntryPdu: cacheSlot: 103
[17:51:07:764] [47174:0000b861] [DEBUG][com.freerdp.channels.rdpgfx.client] - [rdpgfx_recv_evict_cache_entry_pdu]: RecvEvictCacheEntryPdu: cacheSlot: 104
[17:51:07:764] [47174:0000b861] [DEBUG][com.freerdp.channels.rdpgfx.client] - [rdpgfx_recv_evict_cache_entry_pdu]: RecvEvictCacheEntryPdu: cacheSlot: 105
[17:51:07:764] [47174:0000b861] [DEBUG][com.freerdp.channels.rdpgfx.client] - [rdpgfx_recv_evict_cache_entry_pdu]: RecvEvictCacheEntryPdu: cacheSlot: 106
[17:51:07:764] [47174:0000b861] [DEBUG][com.freerdp.channels.rdpgfx.client] - [rdpgfx_recv_evict_cache_entry_pdu]: RecvEvictCacheEntryPdu: cacheSlot: 107
[17:51:07:764] [47174:0000b861] [DEBUG][com.freerdp.channels.rdpgfx.client] - [rdpgfx_recv_evict_cache_entry_pdu]: RecvEvictCacheEntryPdu: cacheSlot: 109
[17:51:07:764] [47174:0000b861] [DEBUG][com.freerdp.channels.rdpgfx.client] - [rdpgfx_recv_evict_cache_entry_pdu]: RecvEvictCacheEntryPdu: cacheSlot: 110
[17:51:07:764] [47174:0000b861] [DEBUG][com.freerdp.channels.rdpgfx.client] - [rdpgfx_recv_evict_cache_entry_pdu]: RecvEvictCacheEntryPdu: cacheSlot: 111
[17:51:07:764] [47174:0000b861] [DEBUG][com.freerdp.channels.rdpgfx.client] - [rdpgfx_recv_evict_cache_entry_pdu]: RecvEvictCacheEntryPdu: cacheSlot: 112
[17:51:07:765] [47174:0000b861] [DEBUG][com.freerdp.channels.rdpgfx.client] - [rdpgfx_recv_evict_cache_entry_pdu]: RecvEvictCacheEntryPdu: cacheSlot: 113
[17:51:07:765] [47174:0000b861] [DEBUG][com.freerdp.channels.rdpgfx.client] - [rdpgfx_recv_evict_cache_entry_pdu]: RecvEvictCacheEntryPdu: cacheSlot: 114
[17:51:07:765] [47174:0000b861] [DEBUG][com.freerdp.channels.rdpgfx.client] - [rdpgfx_recv_evict_cache_entry_pdu]: RecvEvictCacheEntryPdu: cacheSlot: 115
[17:51:07:765] [47174:0000b861] [DEBUG][com.freerdp.channels.rdpgfx.client] - [rdpgfx_recv_evict_cache_entry_pdu]: RecvEvictCacheEntryPdu: cacheSlot: 116
[17:51:07:765] [47174:0000b861] [DEBUG][com.freerdp.channels.rdpgfx.client] - [rdpgfx_recv_evict_cache_entry_pdu]: RecvEvictCacheEntryPdu: cacheSlot: 117
[17:51:07:765] [47174:0000b861] [DEBUG][com.freerdp.channels.rdpgfx.client] - [rdpgfx_recv_evict_cache_entry_pdu]: RecvEvictCacheEntryPdu: cacheSlot: 118
[17:51:07:765] [47174:0000b861] [DEBUG][com.freerdp.channels.rdpgfx.client] - [rdpgfx_recv_evict_cache_entry_pdu]: RecvEvictCacheEntryPdu: cacheSlot: 119
[17:51:07:765] [47174:0000b861] [DEBUG][com.freerdp.channels.rdpgfx.client] - [rdpgfx_recv_evict_cache_entry_pdu]: RecvEvictCacheEntryPdu: cacheSlot: 120
[17:51:07:765] [47174:0000b861] [DEBUG][com.freerdp.channels.rdpgfx.client] - [rdpgfx_recv_evict_cache_entry_pdu]: RecvEvictCacheEntryPdu: cacheSlot: 121
[17:51:07:765] [47174:0000b861] [DEBUG][com.freerdp.channels.rdpgfx.client] - [rdpgfx_recv_evict_cache_entry_pdu]: RecvEvictCacheEntryPdu: cacheSlot: 122
[17:51:07:765] [47174:0000b861] [DEBUG][com.freerdp.channels.rdpgfx.client] - [rdpgfx_recv_evict_cache_entry_pdu]: RecvEvictCacheEntryPdu: cacheSlot: 123
[17:51:07:765] [47174:0000b861] [DEBUG][com.freerdp.channels.rdpgfx.client] - [rdpgfx_recv_evict_cache_entry_pdu]: RecvEvictCacheEntryPdu: cacheSlot: 124
[17:51:07:765] [47174:0000b861] [DEBUG][com.freerdp.channels.rdpgfx.client] - [rdpgfx_recv_evict_cache_entry_pdu]: RecvEvictCacheEntryPdu: cacheSlot: 125
[17:51:07:765] [47174:0000b861] [DEBUG][com.freerdp.channels.rdpgfx.client] - [rdpgfx_recv_evict_cache_entry_pdu]: RecvEvictCacheEntryPdu: cacheSlot: 126
[17:51:07:765] [47174:0000b861] [DEBUG][com.freerdp.channels.rdpgfx.client] - [rdpgfx_recv_evict_cache_entry_pdu]: RecvEvictCacheEntryPdu: cacheSlot: 127
[17:51:07:765] [47174:0000b861] [DEBUG][com.freerdp.channels.rdpgfx.client] - [rdpgfx_recv_evict_cache_entry_pdu]: RecvEvictCacheEntryPdu: cacheSlot: 128
[17:51:07:765] [47174:0000b861] [DEBUG][com.freerdp.channels.rdpgfx.client] - [rdpgfx_recv_evict_cache_entry_pdu]: RecvEvictCacheEntryPdu: cacheSlot: 129
[17:51:07:765] [47174:0000b861] [DEBUG][com.freerdp.channels.rdpgfx.client] - [rdpgfx_recv_evict_cache_entry_pdu]: RecvEvictCacheEntryPdu: cacheSlot: 130
[17:51:07:765] [47174:0000b861] [DEBUG][com.freerdp.channels.rdpgfx.client] - [rdpgfx_recv_evict_cache_entry_pdu]: RecvEvictCacheEntryPdu: cacheSlot: 131
[17:51:07:765] [47174:0000b861] [DEBUG][com.freerdp.channels.rdpgfx.client] - [rdpgfx_recv_evict_cache_entry_pdu]: RecvEvictCacheEntryPdu: cacheSlot: 132
[17:51:07:765] [47174:0000b861] [DEBUG][com.freerdp.channels.rdpgfx.client] - [rdpgfx_recv_evict_cache_entry_pdu]: RecvEvictCacheEntryPdu: cacheSlot: 133
[17:51:07:765] [47174:0000b861] [DEBUG][com.freerdp.channels.rdpgfx.client] - [rdpgfx_recv_evict_cache_entry_pdu]: RecvEvictCacheEntryPdu: cacheSlot: 134
[17:51:07:765] [47174:0000b861] [DEBUG][com.freerdp.channels.rdpgfx.client] - [rdpgfx_recv_evict_cache_entry_pdu]: RecvEvictCacheEntryPdu: cacheSlot: 135
[17:51:07:765] [47174:0000b861] [DEBUG][com.freerdp.channels.rdpgfx.client] - [rdpgfx_recv_evict_cache_entry_pdu]: RecvEvictCacheEntryPdu: cacheSlot: 136
[17:51:07:765] [47174:0000b861] [DEBUG][com.freerdp.channels.rdpgfx.client] - [rdpgfx_recv_evict_cache_entry_pdu]: RecvEvictCacheEntryPdu: cacheSlot: 137
[17:51:07:765] [47174:0000b861] [DEBUG][com.freerdp.channels.rdpgfx.client] - [rdpgfx_recv_evict_cache_entry_pdu]: RecvEvictCacheEntryPdu: cacheSlot: 138
[17:51:07:765] [47174:0000b861] [DEBUG][com.freerdp.channels.rdpgfx.client] - [rdpgfx_recv_evict_cache_entry_pdu]: RecvEvictCacheEntryPdu: cacheSlot: 139
[17:51:07:765] [47174:0000b861] [DEBUG][com.freerdp.channels.rdpgfx.client] - [rdpgfx_recv_evict_cache_entry_pdu]: RecvEvictCacheEntryPdu: cacheSlot: 140
[17:51:07:765] [47174:0000b861] [DEBUG][com.freerdp.channels.rdpgfx.client] - [rdpgfx_recv_evict_cache_entry_pdu]: RecvEvictCacheEntryPdu: cacheSlot: 141
[17:51:07:765] [47174:0000b861] [DEBUG][com.freerdp.channels.rdpgfx.client] - [rdpgfx_recv_evict_cache_entry_pdu]: RecvEvictCacheEntryPdu: cacheSlot: 142
[17:51:07:765] [47174:0000b861] [DEBUG][com.freerdp.channels.rdpgfx.client] - [rdpgfx_recv_evict_cache_entry_pdu]: RecvEvictCacheEntryPdu: cacheSlot: 143
[17:51:07:765] [47174:0000b861] [DEBUG][com.freerdp.channels.rdpgfx.client] - [rdpgfx_recv_evict_cache_entry_pdu]: RecvEvictCacheEntryPdu: cacheSlot: 144
[17:51:07:765] [47174:0000b861] [DEBUG][com.freerdp.channels.rdpgfx.client] - [rdpgfx_recv_evict_cache_entry_pdu]: RecvEvictCacheEntryPdu: cacheSlot: 145
[17:51:07:765] [47174:0000b861] [DEBUG][com.freerdp.channels.rdpgfx.client] - [rdpgfx_recv_evict_cache_entry_pdu]: RecvEvictCacheEntryPdu: cacheSlot: 146
[17:51:07:766] [47174:0000b861] [DEBUG][com.freerdp.channels.rdpgfx.client] - [rdpgfx_recv_evict_cache_entry_pdu]: RecvEvictCacheEntryPdu: cacheSlot: 147
[17:51:07:766] [47174:0000b861] [DEBUG][com.freerdp.channels.rdpgfx.client] - [rdpgfx_recv_evict_cache_entry_pdu]: RecvEvictCacheEntryPdu: cacheSlot: 148
[17:51:07:766] [47174:0000b861] [DEBUG][com.freerdp.channels.rdpgfx.client] - [rdpgfx_recv_evict_cache_entry_pdu]: RecvEvictCacheEntryPdu: cacheSlot: 149
[17:51:07:766] [47174:0000b861] [DEBUG][com.freerdp.channels.rdpgfx.client] - [rdpgfx_recv_evict_cache_entry_pdu]: RecvEvictCacheEntryPdu: cacheSlot: 150
[17:51:07:766] [47174:0000b861] [DEBUG][com.freerdp.channels.rdpgfx.client] - [rdpgfx_recv_evict_cache_entry_pdu]: RecvEvictCacheEntryPdu: cacheSlot: 151
[17:51:07:766] [47174:0000b861] [DEBUG][com.freerdp.channels.rdpgfx.client] - [rdpgfx_recv_evict_cache_entry_pdu]: RecvEvictCacheEntryPdu: cacheSlot: 152
[17:51:07:766] [47174:0000b861] [DEBUG][com.freerdp.channels.rdpgfx.client] - [rdpgfx_recv_evict_cache_entry_pdu]: RecvEvictCacheEntryPdu: cacheSlot: 153
[17:51:07:766] [47174:0000b861] [DEBUG][com.freerdp.channels.rdpgfx.client] - [rdpgfx_recv_evict_cache_entry_pdu]: RecvEvictCacheEntryPdu: cacheSlot: 154
[17:51:07:766] [47174:0000b861] [DEBUG][com.freerdp.channels.rdpgfx.client] - [rdpgfx_recv_evict_cache_entry_pdu]: RecvEvictCacheEntryPdu: cacheSlot: 155
[17:51:07:766] [47174:0000b861] [DEBUG][com.freerdp.channels.rdpgfx.client] - [rdpgfx_recv_evict_cache_entry_pdu]: RecvEvictCacheEntryPdu: cacheSlot: 156
[17:51:07:766] [47174:0000b861] [DEBUG][com.freerdp.channels.rdpgfx.client] - [rdpgfx_recv_evict_cache_entry_pdu]: RecvEvictCacheEntryPdu: cacheSlot: 157
[17:51:07:766] [47174:0000b861] [DEBUG][com.freerdp.channels.rdpgfx.client] - [rdpgfx_recv_evict_cache_entry_pdu]: RecvEvictCacheEntryPdu: cacheSlot: 158
[17:51:07:766] [47174:0000b861] [DEBUG][com.freerdp.channels.rdpgfx.client] - [rdpgfx_recv_evict_cache_entry_pdu]: RecvEvictCacheEntryPdu: cacheSlot: 159
[17:51:07:766] [47174:0000b861] [DEBUG][com.freerdp.channels.rdpgfx.client] - [rdpgfx_recv_evict_cache_entry_pdu]: RecvEvictCacheEntryPdu: cacheSlot: 160
[17:51:07:766] [47174:0000b861] [DEBUG][com.freerdp.channels.rdpgfx.client] - [rdpgfx_recv_evict_cache_entry_pdu]: RecvEvictCacheEntryPdu: cacheSlot: 161
[17:51:07:766] [47174:0000b861] [DEBUG][com.freerdp.channels.rdpgfx.client] - [rdpgfx_recv_evict_cache_entry_pdu]: RecvEvictCacheEntryPdu: cacheSlot: 162
[17:51:07:766] [47174:0000b861] [DEBUG][com.freerdp.channels.rdpgfx.client] - [rdpgfx_recv_evict_cache_entry_pdu]: RecvEvictCacheEntryPdu: cacheSlot: 163
[17:51:07:766] [47174:0000b861] [DEBUG][com.freerdp.channels.rdpgfx.client] - [rdpgfx_recv_evict_cache_entry_pdu]: RecvEvictCacheEntryPdu: cacheSlot: 164
[17:51:07:766] [47174:0000b861] [DEBUG][com.freerdp.channels.rdpgfx.client] - [rdpgfx_recv_evict_cache_entry_pdu]: RecvEvictCacheEntryPdu: cacheSlot: 165
[17:51:07:766] [47174:0000b861] [DEBUG][com.freerdp.channels.rdpgfx.client] - [rdpgfx_recv_evict_cache_entry_pdu]: RecvEvictCacheEntryPdu: cacheSlot: 166
[17:51:07:766] [47174:0000b861] [DEBUG][com.freerdp.channels.rdpgfx.client] - [rdpgfx_recv_evict_cache_entry_pdu]: RecvEvictCacheEntryPdu: cacheSlot: 167
[17:51:07:766] [47174:0000b861] [DEBUG][com.freerdp.channels.rdpgfx.client] - [rdpgfx_recv_evict_cache_entry_pdu]: RecvEvictCacheEntryPdu: cacheSlot: 168
[17:51:07:766] [47174:0000b861] [DEBUG][com.freerdp.channels.rdpgfx.client] - [rdpgfx_recv_evict_cache_entry_pdu]: RecvEvictCacheEntryPdu: cacheSlot: 169
[17:51:07:766] [47174:0000b861] [DEBUG][com.freerdp.channels.rdpgfx.client] - [rdpgfx_recv_evict_cache_entry_pdu]: RecvEvictCacheEntryPdu: cacheSlot: 170
[17:51:07:766] [47174:0000b861] [DEBUG][com.freerdp.channels.rdpgfx.client] - [rdpgfx_recv_evict_cache_entry_pdu]: RecvEvictCacheEntryPdu: cacheSlot: 171
[17:51:07:766] [47174:0000b861] [DEBUG][com.freerdp.channels.rdpgfx.client] - [rdpgfx_recv_evict_cache_entry_pdu]: RecvEvictCacheEntryPdu: cacheSlot: 172
[17:51:07:766] [47174:0000b861] [DEBUG][com.freerdp.channels.rdpgfx.client] - [rdpgfx_recv_evict_cache_entry_pdu]: RecvEvictCacheEntryPdu: cacheSlot: 173
[17:51:07:766] [47174:0000b861] [DEBUG][com.freerdp.channels.rdpgfx.client] - [rdpgfx_recv_evict_cache_entry_pdu]: RecvEvictCacheEntryPdu: cacheSlot: 174
[17:51:07:766] [47174:0000b861] [DEBUG][com.freerdp.channels.rdpgfx.client] - [rdpgfx_recv_evict_cache_entry_pdu]: RecvEvictCacheEntryPdu: cacheSlot: 175
[17:51:07:766] [47174:0000b861] [DEBUG][com.freerdp.channels.rdpgfx.client] - [rdpgfx_recv_evict_cache_entry_pdu]: RecvEvictCacheEntryPdu: cacheSlot: 176
[17:51:07:766] [47174:0000b861] [DEBUG][com.freerdp.channels.rdpgfx.client] - [rdpgfx_recv_evict_cache_entry_pdu]: RecvEvictCacheEntryPdu: cacheSlot: 177
[17:51:07:766] [47174:0000b861] [DEBUG][com.freerdp.channels.rdpgfx.client] - [rdpgfx_recv_evict_cache_entry_pdu]: RecvEvictCacheEntryPdu: cacheSlot: 178
[17:51:07:767] [47174:0000b861] [DEBUG][com.freerdp.channels.rdpgfx.client] - [rdpgfx_recv_evict_cache_entry_pdu]: RecvEvictCacheEntryPdu: cacheSlot: 179
[17:51:07:767] [47174:0000b861] [DEBUG][com.freerdp.channels.rdpgfx.client] - [rdpgfx_recv_evict_cache_entry_pdu]: RecvEvictCacheEntryPdu: cacheSlot: 180
[17:51:07:767] [47174:0000b861] [DEBUG][com.freerdp.channels.rdpgfx.client] - [rdpgfx_recv_evict_cache_entry_pdu]: RecvEvictCacheEntryPdu: cacheSlot: 181
[17:51:07:767] [47174:0000b861] [DEBUG][com.freerdp.channels.rdpgfx.client] - [rdpgfx_recv_evict_cache_entry_pdu]: RecvEvictCacheEntryPdu: cacheSlot: 182
[17:51:07:767] [47174:0000b861] [DEBUG][com.freerdp.channels.rdpgfx.client] - [rdpgfx_recv_evict_cache_entry_pdu]: RecvEvictCacheEntryPdu: cacheSlot: 183
[17:51:07:767] [47174:0000b861] [DEBUG][com.freerdp.channels.rdpgfx.client] - [rdpgfx_recv_evict_cache_entry_pdu]: RecvEvictCacheEntryPdu: cacheSlot: 184
[17:51:07:767] [47174:0000b861] [DEBUG][com.freerdp.channels.rdpgfx.client] - [rdpgfx_recv_evict_cache_entry_pdu]: RecvEvictCacheEntryPdu: cacheSlot: 185
[17:51:07:767] [47174:0000b861] [DEBUG][com.freerdp.channels.rdpgfx.client] - [rdpgfx_recv_evict_cache_entry_pdu]: RecvEvictCacheEntryPdu: cacheSlot: 186
[17:51:07:767] [47174:0000b861] [DEBUG][com.freerdp.channels.rdpgfx.client] - [rdpgfx_recv_evict_cache_entry_pdu]: RecvEvictCacheEntryPdu: cacheSlot: 187
[17:51:07:767] [47174:0000b861] [DEBUG][com.freerdp.channels.rdpgfx.client] - [rdpgfx_recv_evict_cache_entry_pdu]: RecvEvictCacheEntryPdu: cacheSlot: 188
[17:51:07:767] [47174:0000b861] [DEBUG][com.freerdp.channels.rdpgfx.client] - [rdpgfx_recv_evict_cache_entry_pdu]: RecvEvictCacheEntryPdu: cacheSlot: 189
[17:51:07:767] [47174:0000b861] [DEBUG][com.freerdp.channels.rdpgfx.client] - [rdpgfx_recv_evict_cache_entry_pdu]: RecvEvictCacheEntryPdu: cacheSlot: 190
[17:51:07:793] [47174:0000b861] [DEBUG][com.freerdp.channels.rdpgfx.client] - [rdpgfx_read_h264_metablock]: H264_METABLOCK: numRegionRects: 1
[17:51:07:793] [47174:0000b861] [DEBUG][com.freerdp.channels.rdpgfx.client] - [rdpgfx_read_h264_metablock]: regionRects[0]: left: 2016 top: 1472 right: 2176 bottom: 1600
[17:51:07:793] [47174:0000b861] [DEBUG][com.freerdp.channels.rdpgfx.client] - [rdpgfx_read_h264_metablock]: quantQualityVals[0]: qp: 25 r: 0 p: 0 qualityVal: 100
[17:51:07:817] [47174:0000b861] [DEBUG][com.freerdp.channels.rdpgfx.client] - [rdpgfx_read_h264_metablock]: H264_METABLOCK: numRegionRects: 1
[17:51:07:817] [47174:0000b861] [DEBUG][com.freerdp.channels.rdpgfx.client] - [rdpgfx_read_h264_metablock]: regionRects[0]: left: 2016 top: 1472 right: 2176 bottom: 1600
[17:51:07:817] [47174:0000b861] [DEBUG][com.freerdp.channels.rdpgfx.client] - [rdpgfx_read_h264_metablock]: quantQualityVals[0]: qp: 25 r: 0 p: 0 qualityVal: 100
[17:51:07:830] [47174:0000b861] [DEBUG][com.freerdp.channels.rdpgfx.client] - [rdpgfx_read_h264_metablock]: H264_METABLOCK: numRegionRects: 1
[17:51:07:830] [47174:0000b861] [DEBUG][com.freerdp.channels.rdpgfx.client] - [rdpgfx_read_h264_metablock]: regionRects[0]: left: 2016 top: 1472 right: 2176 bottom: 1600
[17:51:07:830] [47174:0000b861] [DEBUG][com.freerdp.channels.rdpgfx.client] - [rdpgfx_read_h264_metablock]: quantQualityVals[0]: qp: 25 r: 0 p: 0 qualityVal: 100
[17:51:07:842] [47174:0000b861] [DEBUG][com.freerdp.channels.rdpgfx.client] - [rdpgfx_read_h264_metablock]: H264_METABLOCK: numRegionRects: 1
[17:51:07:842] [47174:0000b861] [DEBUG][com.freerdp.channels.rdpgfx.client] - [rdpgfx_read_h264_metablock]: regionRects[0]: left: 2016 top: 1472 right: 2176 bottom: 1600
[17:51:07:842] [47174:0000b861] [DEBUG][com.freerdp.channels.rdpgfx.client] - [rdpgfx_read_h264_metablock]: quantQualityVals[0]: qp: 25 r: 0 p: 0 qualityVal: 100
[17:51:07:853] [47174:0000b861] [DEBUG][com.freerdp.channels.rdpgfx.client] - [rdpgfx_read_h264_metablock]: H264_METABLOCK: numRegionRects: 1
[17:51:07:853] [47174:0000b861] [DEBUG][com.freerdp.channels.rdpgfx.client] - [rdpgfx_read_h264_metablock]: regionRects[0]: left: 2016 top: 1472 right: 2176 bottom: 1600
[17:51:07:853] [47174:0000b861] [DEBUG][com.freerdp.channels.rdpgfx.client] - [rdpgfx_read_h264_metablock]: quantQualityVals[0]: qp: 25 r: 0 p: 0 qualityVal: 100
[17:51:07:864] [47174:0000b861] [DEBUG][com.freerdp.channels.rdpgfx.client] - [rdpgfx_read_h264_metablock]: H264_METABLOCK: numRegionRects: 1
[17:51:07:864] [47174:0000b861] [DEBUG][com.freerdp.channels.rdpgfx.client] - [rdpgfx_read_h264_metablock]: regionRects[0]: left: 2016 top: 1472 right: 2176 bottom: 1600
[17:51:07:864] [47174:0000b861] [DEBUG][com.freerdp.channels.rdpgfx.client] - [rdpgfx_read_h264_metablock]: quantQualityVals[0]: qp: 25 r: 0 p: 0 qualityVal: 100
[17:51:07:874] [47174:0000b861] [DEBUG][com.freerdp.channels.rdpgfx.client] - [rdpgfx_read_h264_metablock]: H264_METABLOCK: numRegionRects: 1
[17:51:07:874] [47174:0000b861] [DEBUG][com.freerdp.channels.rdpgfx.client] - [rdpgfx_read_h264_metablock]: regionRects[0]: left: 2016 top: 1472 right: 2176 bottom: 1600
[17:51:07:874] [47174:0000b861] [DEBUG][com.freerdp.channels.rdpgfx.client] - [rdpgfx_read_h264_metablock]: quantQualityVals[0]: qp: 25 r: 0 p: 0 qualityVal: 100
[17:51:08:249] [47174:0000b861] [DEBUG][com.freerdp.channels.rdpgfx.client] - [rdpgfx_recv_evict_cache_entry_pdu]: RecvEvictCacheEntryPdu: cacheSlot: 191
[17:51:08:249] [47174:0000b861] [DEBUG][com.freerdp.channels.rdpgfx.client] - [rdpgfx_recv_evict_cache_entry_pdu]: RecvEvictCacheEntryPdu: cacheSlot: 192
[17:51:08:249] [47174:0000b861] [DEBUG][com.freerdp.channels.rdpgfx.client] - [rdpgfx_recv_evict_cache_entry_pdu]: RecvEvictCacheEntryPdu: cacheSlot: 193
[17:51:08:249] [47174:0000b861] [DEBUG][com.freerdp.channels.rdpgfx.client] - [rdpgfx_recv_evict_cache_entry_pdu]: RecvEvictCacheEntryPdu: cacheSlot: 194
[17:51:08:250] [47174:0000b861] [DEBUG][com.freerdp.channels.rdpgfx.client] - [rdpgfx_recv_evict_cache_entry_pdu]: RecvEvictCacheEntryPdu: cacheSlot: 195
[17:51:08:250] [47174:0000b861] [DEBUG][com.freerdp.channels.rdpgfx.client] - [rdpgfx_recv_evict_cache_entry_pdu]: RecvEvictCacheEntryPdu: cacheSlot: 196
[17:51:08:250] [47174:0000b861] [DEBUG][com.freerdp.channels.rdpgfx.client] - [rdpgfx_recv_evict_cache_entry_pdu]: RecvEvictCacheEntryPdu: cacheSlot: 197
[17:51:08:250] [47174:0000b861] [DEBUG][com.freerdp.channels.rdpgfx.client] - [rdpgfx_recv_evict_cache_entry_pdu]: RecvEvictCacheEntryPdu: cacheSlot: 198
[17:51:08:250] [47174:0000b861] [DEBUG][com.freerdp.channels.rdpgfx.client] - [rdpgfx_recv_evict_cache_entry_pdu]: RecvEvictCacheEntryPdu: cacheSlot: 199
[17:51:08:250] [47174:0000b861] [DEBUG][com.freerdp.channels.rdpgfx.client] - [rdpgfx_recv_evict_cache_entry_pdu]: RecvEvictCacheEntryPdu: cacheSlot: 200
[17:51:08:250] [47174:0000b861] [DEBUG][com.freerdp.channels.rdpgfx.client] - [rdpgfx_recv_evict_cache_entry_pdu]: RecvEvictCacheEntryPdu: cacheSlot: 201
[17:51:08:250] [47174:0000b861] [DEBUG][com.freerdp.channels.rdpgfx.client] - [rdpgfx_recv_evict_cache_entry_pdu]: RecvEvictCacheEntryPdu: cacheSlot: 202
[17:51:08:250] [47174:0000b861] [DEBUG][com.freerdp.channels.rdpgfx.client] - [rdpgfx_recv_evict_cache_entry_pdu]: RecvEvictCacheEntryPdu: cacheSlot: 203
[17:51:08:250] [47174:0000b861] [DEBUG][com.freerdp.channels.rdpgfx.client] - [rdpgfx_recv_evict_cache_entry_pdu]: RecvEvictCacheEntryPdu: cacheSlot: 204
[17:51:08:250] [47174:0000b861] [DEBUG][com.freerdp.channels.rdpgfx.client] - [rdpgfx_recv_evict_cache_entry_pdu]: RecvEvictCacheEntryPdu: cacheSlot: 205
[17:51:08:250] [47174:0000b861] [DEBUG][com.freerdp.channels.rdpgfx.client] - [rdpgfx_recv_evict_cache_entry_pdu]: RecvEvictCacheEntryPdu: cacheSlot: 206
[17:51:08:250] [47174:0000b861] [DEBUG][com.freerdp.channels.rdpgfx.client] - [rdpgfx_recv_evict_cache_entry_pdu]: RecvEvictCacheEntryPdu: cacheSlot: 207
[17:51:08:250] [47174:0000b861] [DEBUG][com.freerdp.channels.rdpgfx.client] - [rdpgfx_recv_evict_cache_entry_pdu]: RecvEvictCacheEntryPdu: cacheSlot: 208
[17:51:08:250] [47174:0000b861] [DEBUG][com.freerdp.channels.rdpgfx.client] - [rdpgfx_recv_evict_cache_entry_pdu]: RecvEvictCacheEntryPdu: cacheSlot: 209
[17:51:08:250] [47174:0000b861] [DEBUG][com.freerdp.channels.rdpgfx.client] - [rdpgfx_recv_evict_cache_entry_pdu]: RecvEvictCacheEntryPdu: cacheSlot: 210
[17:51:08:250] [47174:0000b861] [DEBUG][com.freerdp.channels.rdpgfx.client] - [rdpgfx_recv_evict_cache_entry_pdu]: RecvEvictCacheEntryPdu: cacheSlot: 211
[17:51:08:250] [47174:0000b861] [DEBUG][com.freerdp.channels.rdpgfx.client] - [rdpgfx_recv_evict_cache_entry_pdu]: RecvEvictCacheEntryPdu: cacheSlot: 212
[17:51:08:250] [47174:0000b861] [DEBUG][com.freerdp.channels.rdpgfx.client] - [rdpgfx_recv_evict_cache_entry_pdu]: RecvEvictCacheEntryPdu: cacheSlot: 213
[17:51:08:250] [47174:0000b861] [DEBUG][com.freerdp.channels.rdpgfx.client] - [rdpgfx_recv_evict_cache_entry_pdu]: RecvEvictCacheEntryPdu: cacheSlot: 214
[17:51:08:250] [47174:0000b861] [DEBUG][com.freerdp.channels.rdpgfx.client] - [rdpgfx_recv_evict_cache_entry_pdu]: RecvEvictCacheEntryPdu: cacheSlot: 215
[17:51:08:251] [47174:0000b861] [DEBUG][com.freerdp.channels.rdpgfx.client] - [rdpgfx_recv_evict_cache_entry_pdu]: RecvEvictCacheEntryPdu: cacheSlot: 216
[17:51:08:251] [47174:0000b861] [DEBUG][com.freerdp.channels.rdpgfx.client] - [rdpgfx_recv_evict_cache_entry_pdu]: RecvEvictCacheEntryPdu: cacheSlot: 217
[17:51:08:251] [47174:0000b861] [DEBUG][com.freerdp.channels.rdpgfx.client] - [rdpgfx_recv_evict_cache_entry_pdu]: RecvEvictCacheEntryPdu: cacheSlot: 218
[17:51:08:251] [47174:0000b861] [DEBUG][com.freerdp.channels.rdpgfx.client] - [rdpgfx_recv_evict_cache_entry_pdu]: RecvEvictCacheEntryPdu: cacheSlot: 219
[17:51:08:251] [47174:0000b861] [DEBUG][com.freerdp.channels.rdpgfx.client] - [rdpgfx_recv_evict_cache_entry_pdu]: RecvEvictCacheEntryPdu: cacheSlot: 220
[17:51:08:251] [47174:0000b861] [DEBUG][com.freerdp.channels.rdpgfx.client] - [rdpgfx_recv_evict_cache_entry_pdu]: RecvEvictCacheEntryPdu: cacheSlot: 221
[17:51:08:251] [47174:0000b861] [DEBUG][com.freerdp.channels.rdpgfx.client] - [rdpgfx_recv_evict_cache_entry_pdu]: RecvEvictCacheEntryPdu: cacheSlot: 222
[17:51:08:251] [47174:0000b861] [DEBUG][com.freerdp.channels.rdpgfx.client] - [rdpgfx_recv_evict_cache_entry_pdu]: RecvEvictCacheEntryPdu: cacheSlot: 223
[17:51:08:251] [47174:0000b861] [DEBUG][com.freerdp.channels.rdpgfx.client] - [rdpgfx_recv_evict_cache_entry_pdu]: RecvEvictCacheEntryPdu: cacheSlot: 224
[17:51:08:251] [47174:0000b861] [DEBUG][com.freerdp.channels.rdpgfx.client] - [rdpgfx_recv_evict_cache_entry_pdu]: RecvEvictCacheEntryPdu: cacheSlot: 225
[17:51:08:251] [47174:0000b861] [DEBUG][com.freerdp.channels.rdpgfx.client] - [rdpgfx_recv_evict_cache_entry_pdu]: RecvEvictCacheEntryPdu: cacheSlot: 226
[17:51:08:251] [47174:0000b861] [DEBUG][com.freerdp.channels.rdpgfx.client] - [rdpgfx_recv_evict_cache_entry_pdu]: RecvEvictCacheEntryPdu: cacheSlot: 227
[17:51:08:251] [47174:0000b861] [DEBUG][com.freerdp.channels.rdpgfx.client] - [rdpgfx_recv_evict_cache_entry_pdu]: RecvEvictCacheEntryPdu: cacheSlot: 228
[17:51:08:251] [47174:0000b861] [DEBUG][com.freerdp.channels.rdpgfx.client] - [rdpgfx_recv_evict_cache_entry_pdu]: RecvEvictCacheEntryPdu: cacheSlot: 229
[17:51:08:251] [47174:0000b861] [DEBUG][com.freerdp.channels.rdpgfx.client] - [rdpgfx_recv_evict_cache_entry_pdu]: RecvEvictCacheEntryPdu: cacheSlot: 230
[17:51:08:251] [47174:0000b861] [DEBUG][com.freerdp.channels.rdpgfx.client] - [rdpgfx_recv_evict_cache_entry_pdu]: RecvEvictCacheEntryPdu: cacheSlot: 231
[17:51:08:251] [47174:0000b861] [DEBUG][com.freerdp.channels.rdpgfx.client] - [rdpgfx_recv_evict_cache_entry_pdu]: RecvEvictCacheEntryPdu: cacheSlot: 232
[17:51:08:252] [47174:0000b861] [DEBUG][com.freerdp.channels.rdpgfx.client] - [rdpgfx_recv_evict_cache_entry_pdu]: RecvEvictCacheEntryPdu: cacheSlot: 233
[17:51:08:252] [47174:0000b861] [DEBUG][com.freerdp.channels.rdpgfx.client] - [rdpgfx_recv_evict_cache_entry_pdu]: RecvEvictCacheEntryPdu: cacheSlot: 234
[17:51:08:252] [47174:0000b861] [DEBUG][com.freerdp.channels.rdpgfx.client] - [rdpgfx_recv_evict_cache_entry_pdu]: RecvEvictCacheEntryPdu: cacheSlot: 235
[17:51:08:252] [47174:0000b861] [DEBUG][com.freerdp.channels.rdpgfx.client] - [rdpgfx_recv_evict_cache_entry_pdu]: RecvEvictCacheEntryPdu: cacheSlot: 236
[17:51:08:252] [47174:0000b861] [DEBUG][com.freerdp.channels.rdpgfx.client] - [rdpgfx_recv_evict_cache_entry_pdu]: RecvEvictCacheEntryPdu: cacheSlot: 237
[17:51:08:252] [47174:0000b861] [DEBUG][com.freerdp.channels.rdpgfx.client] - [rdpgfx_recv_evict_cache_entry_pdu]: RecvEvictCacheEntryPdu: cacheSlot: 238
[17:51:08:252] [47174:0000b861] [DEBUG][com.freerdp.channels.rdpgfx.client] - [rdpgfx_recv_evict_cache_entry_pdu]: RecvEvictCacheEntryPdu: cacheSlot: 239
[17:51:08:252] [47174:0000b861] [DEBUG][com.freerdp.channels.rdpgfx.client] - [rdpgfx_recv_evict_cache_entry_pdu]: RecvEvictCacheEntryPdu: cacheSlot: 240
[17:51:08:252] [47174:0000b861] [DEBUG][com.freerdp.channels.rdpgfx.client] - [rdpgfx_recv_evict_cache_entry_pdu]: RecvEvictCacheEntryPdu: cacheSlot: 241
[17:51:08:252] [47174:0000b861] [DEBUG][com.freerdp.channels.rdpgfx.client] - [rdpgfx_recv_evict_cache_entry_pdu]: RecvEvictCacheEntryPdu: cacheSlot: 242
[17:51:08:252] [47174:0000b861] [DEBUG][com.freerdp.channels.rdpgfx.client] - [rdpgfx_recv_evict_cache_entry_pdu]: RecvEvictCacheEntryPdu: cacheSlot: 243
[17:51:08:252] [47174:0000b861] [DEBUG][com.freerdp.channels.rdpgfx.client] - [rdpgfx_recv_evict_cache_entry_pdu]: RecvEvictCacheEntryPdu: cacheSlot: 244
[17:51:08:252] [47174:0000b861] [DEBUG][com.freerdp.channels.rdpgfx.client] - [rdpgfx_recv_evict_cache_entry_pdu]: RecvEvictCacheEntryPdu: cacheSlot: 245
[17:51:08:252] [47174:0000b861] [DEBUG][com.freerdp.channels.rdpgfx.client] - [rdpgfx_recv_evict_cache_entry_pdu]: RecvEvictCacheEntryPdu: cacheSlot: 246
[17:51:08:252] [47174:0000b861] [DEBUG][com.freerdp.channels.rdpgfx.client] - [rdpgfx_recv_evict_cache_entry_pdu]: RecvEvictCacheEntryPdu: cacheSlot: 247
[17:51:08:252] [47174:0000b861] [DEBUG][com.freerdp.channels.rdpgfx.client] - [rdpgfx_recv_evict_cache_entry_pdu]: RecvEvictCacheEntryPdu: cacheSlot: 248
[17:51:08:252] [47174:0000b861] [DEBUG][com.freerdp.channels.rdpgfx.client] - [rdpgfx_recv_evict_cache_entry_pdu]: RecvEvictCacheEntryPdu: cacheSlot: 249
[17:51:08:252] [47174:0000b861] [DEBUG][com.freerdp.channels.rdpgfx.client] - [rdpgfx_recv_evict_cache_entry_pdu]: RecvEvictCacheEntryPdu: cacheSlot: 250
[17:51:08:253] [47174:0000b861] [DEBUG][com.freerdp.channels.rdpgfx.client] - [rdpgfx_recv_evict_cache_entry_pdu]: RecvEvictCacheEntryPdu: cacheSlot: 251
[17:51:08:271] [47174:0000b848] [DEBUG][com.freerdp.client.x11] - [xf_input_handle_event_remote]: checking for pen
[17:51:08:276] [47174:0000b848] [DEBUG][com.freerdp.client.x11] - [xf_input_touch_remote]: touch_remote: ev=Begin id=1878 x=2094 y=1527 rdpei=0x7f74e0214070 fallback=0
[17:51:08:276] [47174:0000b848] [DEBUG][com.freerdp.client.x11] - [xf_input_touch_remote]: touch_remote: ev=Other id=1878 x=0 y=0 rdpei=0x7f74e0214070 fallback=0
[17:51:08:281] [47174:0000b848] [DEBUG][com.freerdp.client.x11] - [xf_input_touch_remote]: touch_remote: ev=Update id=1878 x=2094 y=1527 rdpei=0x7f74e0214070 fallback=0
[17:51:08:291] [47174:0000b848] [DEBUG][com.freerdp.client.x11] - [xf_input_touch_remote]: touch_remote: ev=Update id=1878 x=2094 y=1527 rdpei=0x7f74e0214070 fallback=0
[17:51:08:301] [47174:0000b848] [DEBUG][com.freerdp.client.x11] - [xf_input_touch_remote]: touch_remote: ev=Update id=1878 x=2094 y=1527 rdpei=0x7f74e0214070 fallback=0
[17:51:08:311] [47174:0000b848] [DEBUG][com.freerdp.client.x11] - [xf_input_touch_remote]: touch_remote: ev=Update id=1878 x=2094 y=1527 rdpei=0x7f74e0214070 fallback=0
[17:51:08:321] [47174:0000b848] [DEBUG][com.freerdp.client.x11] - [xf_input_touch_remote]: touch_remote: ev=Update id=1878 x=2095 y=1527 rdpei=0x7f74e0214070 fallback=0
[17:51:08:331] [47174:0000b848] [DEBUG][com.freerdp.client.x11] - [xf_input_touch_remote]: touch_remote: ev=Update id=1878 x=2095 y=1525 rdpei=0x7f74e0214070 fallback=0
[17:51:08:351] [47174:0000b848] [DEBUG][com.freerdp.client.x11] - [xf_input_touch_remote]: touch_remote: ev=End id=1878 x=2095 y=1525 rdpei=0x7f74e0214070 fallback=0
[17:51:08:359] [47174:0000b848] [DEBUG][com.freerdp.client.x11] - [xf_Pointer_Set]: 0x7f74e024b5e0
[17:51:08:359] [47174:0000b848] [DEBUG][com.freerdp.client.x11] - [xf_Pointer_GetCursorForCurrentScale]: scaled: 2560x1600, desktop: 2560x1600
[17:51:08:359] [47174:0000b848] [DEBUG][com.freerdp.client.x11] - [xf_Pointer_GetCursorForCurrentScale]: using cached cursor 0
[17:51:08:448] [47174:0000b848] [DEBUG][com.freerdp.client.x11] - [xf_Pointer_Set]: 0x7f74e024b5e0
[17:51:08:448] [47174:0000b848] [DEBUG][com.freerdp.client.x11] - [xf_Pointer_GetCursorForCurrentScale]: scaled: 2560x1600, desktop: 2560x1600
[17:51:08:448] [47174:0000b848] [DEBUG][com.freerdp.client.x11] - [xf_Pointer_GetCursorForCurrentScale]: using cached cursor 0
[17:51:08:983] [47174:0000b848] [DEBUG][com.freerdp.client.x11] - [xf_input_handle_event_remote]: checking for pen
[17:51:08:984] [47174:0000b848] [DEBUG][com.freerdp.client.x11] - [xf_input_touch_remote]: touch_remote: ev=Begin id=1879 x=2105 y=1544 rdpei=0x7f74e0214070 fallback=0
[17:51:08:984] [47174:0000b848] [DEBUG][com.freerdp.client.x11] - [xf_input_touch_remote]: touch_remote: ev=Other id=1879 x=0 y=0 rdpei=0x7f74e0214070 fallback=0
[17:51:09:003] [47174:0000b848] [DEBUG][com.freerdp.client.x11] - [xf_input_touch_remote]: touch_remote: ev=Update id=1879 x=2105 y=1545 rdpei=0x7f74e0214070 fallback=0
[17:51:09:022] [47174:0000b848] [DEBUG][com.freerdp.client.x11] - [xf_input_touch_remote]: touch_remote: ev=Update id=1879 x=2106 y=1544 rdpei=0x7f74e0214070 fallback=0
[17:51:09:033] [47174:0000b848] [DEBUG][com.freerdp.client.x11] - [xf_input_touch_remote]: touch_remote: ev=Update id=1879 x=2107 y=1544 rdpei=0x7f74e0214070 fallback=0
[17:51:09:052] [47174:0000b848] [DEBUG][com.freerdp.client.x11] - [xf_input_touch_remote]: touch_remote: ev=End id=1879 x=2107 y=1544 rdpei=0x7f74e0214070 fallback=0
[17:51:09:075] [47174:0000b848] [DEBUG][com.freerdp.client.x11] - [xf_Pointer_SetNull]: called
[17:51:09:166] [47174:0000b861] [DEBUG][com.freerdp.channels.rdpgfx.client] - [rdpgfx_read_h264_metablock]: H264_METABLOCK: numRegionRects: 1
[17:51:09:166] [47174:0000b861] [DEBUG][com.freerdp.channels.rdpgfx.client] - [rdpgfx_read_h264_metablock]: regionRects[0]: left: 2016 top: 1472 right: 2176 bottom: 1600
[17:51:09:166] [47174:0000b861] [DEBUG][com.freerdp.channels.rdpgfx.client] - [rdpgfx_read_h264_metablock]: quantQualityVals[0]: qp: 25 r: 0 p: 0 qualityVal: 100
[17:51:09:173] [47174:0000b861] [DEBUG][com.freerdp.channels.rdpgfx.client] - [rdpgfx_recv_evict_cache_entry_pdu]: RecvEvictCacheEntryPdu: cacheSlot: 252
[17:51:09:212] [47174:0000b861] [DEBUG][com.freerdp.channels.rdpgfx.client] - [rdpgfx_read_h264_metablock]: H264_METABLOCK: numRegionRects: 1
[17:51:09:212] [47174:0000b861] [DEBUG][com.freerdp.channels.rdpgfx.client] - [rdpgfx_read_h264_metablock]: regionRects[0]: left: 2016 top: 1472 right: 2176 bottom: 1600
[17:51:09:212] [47174:0000b861] [DEBUG][com.freerdp.channels.rdpgfx.client] - [rdpgfx_read_h264_metablock]: quantQualityVals[0]: qp: 25 r: 0 p: 0 qualityVal: 100
[17:51:09:260] [47174:0000b861] [DEBUG][com.freerdp.channels.rdpgfx.client] - [rdpgfx_read_h264_metablock]: H264_METABLOCK: numRegionRects: 1
[17:51:09:260] [47174:0000b861] [DEBUG][com.freerdp.channels.rdpgfx.client] - [rdpgfx_read_h264_metablock]: regionRects[0]: left: 2016 top: 1472 right: 2176 bottom: 1600
[17:51:09:260] [47174:0000b861] [DEBUG][com.freerdp.channels.rdpgfx.client] - [rdpgfx_read_h264_metablock]: quantQualityVals[0]: qp: 25 r: 0 p: 0 qualityVal: 100
[17:51:09:275] [47174:0000b861] [DEBUG][com.freerdp.channels.rdpgfx.client] - [rdpgfx_read_h264_metablock]: H264_METABLOCK: numRegionRects: 1
[17:51:09:275] [47174:0000b861] [DEBUG][com.freerdp.channels.rdpgfx.client] - [rdpgfx_read_h264_metablock]: regionRects[0]: left: 2016 top: 1472 right: 2176 bottom: 1600
[17:51:09:275] [47174:0000b861] [DEBUG][com.freerdp.channels.rdpgfx.client] - [rdpgfx_read_h264_metablock]: quantQualityVals[0]: qp: 25 r: 0 p: 0 qualityVal: 100
[17:51:09:317] [47174:0000b861] [DEBUG][com.freerdp.channels.rdpgfx.client] - [rdpgfx_read_h264_metablock]: H264_METABLOCK: numRegionRects: 1
[17:51:09:317] [47174:0000b861] [DEBUG][com.freerdp.channels.rdpgfx.client] - [rdpgfx_read_h264_metablock]: regionRects[0]: left: 2016 top: 1472 right: 2176 bottom: 1600
[17:51:09:317] [47174:0000b861] [DEBUG][com.freerdp.channels.rdpgfx.client] - [rdpgfx_read_h264_metablock]: quantQualityVals[0]: qp: 25 r: 0 p: 0 qualityVal: 100
[17:51:09:324] [47174:0000b861] [DEBUG][com.freerdp.channels.rdpgfx.client] - [rdpgfx_read_h264_metablock]: H264_METABLOCK: numRegionRects: 1
[17:51:09:324] [47174:0000b861] [DEBUG][com.freerdp.channels.rdpgfx.client] - [rdpgfx_read_h264_metablock]: regionRects[0]: left: 2016 top: 1472 right: 2176 bottom: 1600
[17:51:09:324] [47174:0000b861] [DEBUG][com.freerdp.channels.rdpgfx.client] - [rdpgfx_read_h264_metablock]: quantQualityVals[0]: qp: 25 r: 0 p: 0 qualityVal: 100
[17:51:09:378] [47174:0000b861] [DEBUG][com.freerdp.channels.rdpgfx.client] - [rdpgfx_read_h264_metablock]: H264_METABLOCK: numRegionRects: 1
[17:51:09:378] [47174:0000b861] [DEBUG][com.freerdp.channels.rdpgfx.client] - [rdpgfx_read_h264_metablock]: regionRects[0]: left: 2016 top: 1472 right: 2176 bottom: 1600
[17:51:09:378] [47174:0000b861] [DEBUG][com.freerdp.channels.rdpgfx.client] - [rdpgfx_read_h264_metablock]: quantQualityVals[0]: qp: 25 r: 0 p: 0 qualityVal: 100
[17:51:09:419] [47174:0000b861] [DEBUG][com.freerdp.channels.rdpgfx.client] - [rdpgfx_read_h264_metablock]: H264_METABLOCK: numRegionRects: 1
[17:51:09:419] [47174:0000b861] [DEBUG][com.freerdp.channels.rdpgfx.client] - [rdpgfx_read_h264_metablock]: regionRects[0]: left: 2016 top: 1472 right: 2176 bottom: 1600
[17:51:09:419] [47174:0000b861] [DEBUG][com.freerdp.channels.rdpgfx.client] - [rdpgfx_read_h264_metablock]: quantQualityVals[0]: qp: 25 r: 0 p: 0 qualityVal: 100
[17:51:09:429] [47174:0000b861] [DEBUG][com.freerdp.channels.rdpgfx.client] - [rdpgfx_read_h264_metablock]: H264_METABLOCK: numRegionRects: 1
[17:51:09:429] [47174:0000b861] [DEBUG][com.freerdp.channels.rdpgfx.client] - [rdpgfx_read_h264_metablock]: regionRects[0]: left: 2016 top: 1472 right: 2176 bottom: 1600
[17:51:09:429] [47174:0000b861] [DEBUG][com.freerdp.channels.rdpgfx.client] - [rdpgfx_read_h264_metablock]: quantQualityVals[0]: qp: 25 r: 0 p: 0 qualityVal: 100
[17:51:09:476] [47174:0000b861] [DEBUG][com.freerdp.channels.rdpgfx.client] - [rdpgfx_read_h264_metablock]: H264_METABLOCK: numRegionRects: 1
[17:51:09:476] [47174:0000b861] [DEBUG][com.freerdp.channels.rdpgfx.client] - [rdpgfx_read_h264_metablock]: regionRects[0]: left: 2016 top: 1472 right: 2176 bottom: 1600
[17:51:09:476] [47174:0000b861] [DEBUG][com.freerdp.channels.rdpgfx.client] - [rdpgfx_read_h264_metablock]: quantQualityVals[0]: qp: 25 r: 0 p: 0 qualityVal: 100
[17:51:09:482] [47174:0000b861] [DEBUG][com.freerdp.channels.rdpgfx.client] - [rdpgfx_read_h264_metablock]: H264_METABLOCK: numRegionRects: 1
[17:51:09:482] [47174:0000b861] [DEBUG][com.freerdp.channels.rdpgfx.client] - [rdpgfx_read_h264_metablock]: regionRects[0]: left: 2016 top: 1472 right: 2176 bottom: 1600
[17:51:09:482] [47174:0000b861] [DEBUG][com.freerdp.channels.rdpgfx.client] - [rdpgfx_read_h264_metablock]: quantQualityVals[0]: qp: 25 r: 0 p: 0 qualityVal: 100
[17:51:09:526] [47174:0000b861] [DEBUG][com.freerdp.channels.rdpgfx.client] - [rdpgfx_read_h264_metablock]: H264_METABLOCK: numRegionRects: 1
[17:51:09:526] [47174:0000b861] [DEBUG][com.freerdp.channels.rdpgfx.client] - [rdpgfx_read_h264_metablock]: regionRects[0]: left: 2016 top: 1472 right: 2176 bottom: 1600
[17:51:09:526] [47174:0000b861] [DEBUG][com.freerdp.channels.rdpgfx.client] - [rdpgfx_read_h264_metablock]: quantQualityVals[0]: qp: 25 r: 0 p: 0 qualityVal: 100
[17:51:09:575] [47174:0000b861] [DEBUG][com.freerdp.channels.rdpgfx.client] - [rdpgfx_read_h264_metablock]: H264_METABLOCK: numRegionRects: 1
[17:51:09:575] [47174:0000b861] [DEBUG][com.freerdp.channels.rdpgfx.client] - [rdpgfx_read_h264_metablock]: regionRects[0]: left: 2016 top: 1472 right: 2176 bottom: 1600
[17:51:09:575] [47174:0000b861] [DEBUG][com.freerdp.channels.rdpgfx.client] - [rdpgfx_read_h264_metablock]: quantQualityVals[0]: qp: 25 r: 0 p: 0 qualityVal: 100
[17:51:09:584] [47174:0000b861] [DEBUG][com.freerdp.channels.rdpgfx.client] - [rdpgfx_read_h264_metablock]: H264_METABLOCK: numRegionRects: 1
[17:51:09:584] [47174:0000b861] [DEBUG][com.freerdp.channels.rdpgfx.client] - [rdpgfx_read_h264_metablock]: regionRects[0]: left: 2016 top: 1472 right: 2176 bottom: 1600
[17:51:09:584] [47174:0000b861] [DEBUG][com.freerdp.channels.rdpgfx.client] - [rdpgfx_read_h264_metablock]: quantQualityVals[0]: qp: 25 r: 0 p: 0 qualityVal: 100
[17:51:09:622] [47174:0000b861] [DEBUG][com.freerdp.channels.rdpgfx.client] - [rdpgfx_read_h264_metablock]: H264_METABLOCK: numRegionRects: 1
[17:51:09:622] [47174:0000b861] [DEBUG][com.freerdp.channels.rdpgfx.client] - [rdpgfx_read_h264_metablock]: regionRects[0]: left: 2016 top: 1472 right: 2176 bottom: 1600
[17:51:09:622] [47174:0000b861] [DEBUG][com.freerdp.channels.rdpgfx.client] - [rdpgfx_read_h264_metablock]: quantQualityVals[0]: qp: 25 r: 0 p: 0 qualityVal: 100
[17:51:09:634] [47174:0000b861] [DEBUG][com.freerdp.channels.rdpgfx.client] - [rdpgfx_read_h264_metablock]: H264_METABLOCK: numRegionRects: 1
[17:51:09:634] [47174:0000b861] [DEBUG][com.freerdp.channels.rdpgfx.client] - [rdpgfx_read_h264_metablock]: regionRects[0]: left: 2016 top: 1472 right: 2176 bottom: 1600
[17:51:09:634] [47174:0000b861] [DEBUG][com.freerdp.channels.rdpgfx.client] - [rdpgfx_read_h264_metablock]: quantQualityVals[0]: qp: 25 r: 0 p: 0 qualityVal: 100
[17:51:09:663] [47174:0000b861] [DEBUG][com.freerdp.channels.rdpgfx.client] - [rdpgfx_read_h264_metablock]: H264_METABLOCK: numRegionRects: 1
[17:51:09:663] [47174:0000b861] [DEBUG][com.freerdp.channels.rdpgfx.client] - [rdpgfx_read_h264_metablock]: regionRects[0]: left: 2016 top: 1472 right: 2176 bottom: 1600
[17:51:09:663] [47174:0000b861] [DEBUG][com.freerdp.channels.rdpgfx.client] - [rdpgfx_read_h264_metablock]: quantQualityVals[0]: qp: 25 r: 0 p: 0 qualityVal: 100
[17:51:09:715] [47174:0000b861] [DEBUG][com.freerdp.channels.rdpgfx.client] - [rdpgfx_read_h264_metablock]: H264_METABLOCK: numRegionRects: 1
[17:51:09:715] [47174:0000b861] [DEBUG][com.freerdp.channels.rdpgfx.client] - [rdpgfx_read_h264_metablock]: regionRects[0]: left: 2016 top: 1472 right: 2176 bottom: 1600
[17:51:09:715] [47174:0000b861] [DEBUG][com.freerdp.channels.rdpgfx.client] - [rdpgfx_read_h264_metablock]: quantQualityVals[0]: qp: 25 r: 0 p: 0 qualityVal: 100
[17:51:09:809] [47174:0000b848] [DEBUG][com.freerdp.client.x11] - [xf_input_handle_event_remote]: checking for pen
[17:51:09:810] [47174:0000b848] [DEBUG][com.freerdp.client.x11] - [xf_input_touch_remote]: touch_remote: ev=Begin id=1880 x=2092 y=1560 rdpei=0x7f74e0214070 fallback=0
[17:51:09:810] [47174:0000b848] [DEBUG][com.freerdp.client.x11] - [xf_input_touch_remote]: touch_remote: ev=Other id=1880 x=0 y=0 rdpei=0x7f74e0214070 fallback=0
[17:51:09:819] [47174:0000b848] [DEBUG][com.freerdp.client.x11] - [xf_input_touch_remote]: touch_remote: ev=Update id=1880 x=2092 y=1559 rdpei=0x7f74e0214070 fallback=0
[17:51:09:853] [47174:0000b848] [DEBUG][com.freerdp.client.x11] - [xf_input_touch_remote]: touch_remote: ev=Update id=1880 x=2092 y=1560 rdpei=0x7f74e0214070 fallback=0
[17:51:09:862] [47174:0000b848] [DEBUG][com.freerdp.client.x11] - [xf_input_touch_remote]: touch_remote: ev=Update id=1880 x=2092 y=1560 rdpei=0x7f74e0214070 fallback=0
[17:51:09:873] [47174:0000b848] [DEBUG][com.freerdp.client.x11] - [xf_input_touch_remote]: touch_remote: ev=Update id=1880 x=2092 y=1560 rdpei=0x7f74e0214070 fallback=0
[17:51:09:893] [47174:0000b848] [DEBUG][com.freerdp.client.x11] - [xf_input_touch_remote]: touch_remote: ev=End id=1880 x=2092 y=1560 rdpei=0x7f74e0214070 fallback=0
[17:51:09:894] [47174:0000b848] [DEBUG][com.freerdp.client.x11] - [xf_Pointer_Set]: 0x7f74e024b5e0
[17:51:09:894] [47174:0000b848] [DEBUG][com.freerdp.client.x11] - [xf_Pointer_GetCursorForCurrentScale]: scaled: 2560x1600, desktop: 2560x1600
[17:51:09:894] [47174:0000b848] [DEBUG][com.freerdp.client.x11] - [xf_Pointer_GetCursorForCurrentScale]: using cached cursor 0
[17:51:10:080] [47174:0000b848] [DEBUG][com.freerdp.client.x11] - [xf_Pointer_Set]: 0x7f74e024b5e0
[17:51:10:080] [47174:0000b848] [DEBUG][com.freerdp.client.x11] - [xf_Pointer_GetCursorForCurrentScale]: scaled: 2560x1600, desktop: 2560x1600
[17:51:10:080] [47174:0000b848] [DEBUG][com.freerdp.client.x11] - [xf_Pointer_GetCursorForCurrentScale]: using cached cursor 0
[17:51:10:599] [47174:0000b848] [DEBUG][com.freerdp.client.x11] - [xf_input_handle_event_remote]: checking for pen
[17:51:10:600] [47174:0000b848] [DEBUG][com.freerdp.client.x11] - [xf_input_touch_remote]: touch_remote: ev=Begin id=1881 x=2096 y=1539 rdpei=0x7f74e0214070 fallback=0
[17:51:10:600] [47174:0000b848] [DEBUG][com.freerdp.client.x11] - [xf_input_touch_remote]: touch_remote: ev=Other id=1881 x=0 y=0 rdpei=0x7f74e0214070 fallback=0
[17:51:10:609] [47174:0000b848] [DEBUG][com.freerdp.client.x11] - [xf_input_touch_remote]: touch_remote: ev=Update id=1881 x=2097 y=1539 rdpei=0x7f74e0214070 fallback=0
[17:51:10:619] [47174:0000b848] [DEBUG][com.freerdp.client.x11] - [xf_input_touch_remote]: touch_remote: ev=Update id=1881 x=2097 y=1539 rdpei=0x7f74e0214070 fallback=0
[17:51:10:629] [47174:0000b848] [DEBUG][com.freerdp.client.x11] - [xf_input_touch_remote]: touch_remote: ev=Update id=1881 x=2096 y=1540 rdpei=0x7f74e0214070 fallback=0
[17:51:10:649] [47174:0000b848] [DEBUG][com.freerdp.client.x11] - [xf_input_touch_remote]: touch_remote: ev=Update id=1881 x=2097 y=1540 rdpei=0x7f74e0214070 fallback=0
[17:51:10:685] [47174:0000b848] [DEBUG][com.freerdp.client.x11] - [xf_input_touch_remote]: touch_remote: ev=End id=1881 x=2097 y=1540 rdpei=0x7f74e0214070 fallback=0
[17:51:11:815] [47174:0000b848] [DEBUG][com.freerdp.client.x11] - [xf_input_handle_event_remote]: checking for pen
[17:51:11:816] [47174:0000b848] [DEBUG][com.freerdp.client.x11] - [xf_input_touch_remote]: touch_remote: ev=Begin id=1882 x=2088 y=1562 rdpei=0x7f74e0214070 fallback=0
[17:51:11:816] [47174:0000b848] [DEBUG][com.freerdp.client.x11] - [xf_input_touch_remote]: touch_remote: ev=Other id=1882 x=0 y=0 rdpei=0x7f74e0214070 fallback=0
[17:51:11:824] [47174:0000b848] [DEBUG][com.freerdp.client.x11] - [xf_input_touch_remote]: touch_remote: ev=Update id=1882 x=2088 y=1561 rdpei=0x7f74e0214070 fallback=0
[17:51:11:835] [47174:0000b848] [DEBUG][com.freerdp.client.x11] - [xf_input_touch_remote]: touch_remote: ev=Update id=1882 x=2088 y=1562 rdpei=0x7f74e0214070 fallback=0
[17:51:11:844] [47174:0000b848] [DEBUG][com.freerdp.client.x11] - [xf_input_touch_remote]: touch_remote: ev=Update id=1882 x=2088 y=1561 rdpei=0x7f74e0214070 fallback=0
[17:51:11:854] [47174:0000b848] [DEBUG][com.freerdp.client.x11] - [xf_input_touch_remote]: touch_remote: ev=Update id=1882 x=2088 y=1562 rdpei=0x7f74e0214070 fallback=0
[17:51:11:864] [47174:0000b848] [DEBUG][com.freerdp.client.x11] - [xf_input_touch_remote]: touch_remote: ev=Update id=1882 x=2088 y=1561 rdpei=0x7f74e0214070 fallback=0
[17:51:11:875] [47174:0000b848] [DEBUG][com.freerdp.client.x11] - [xf_input_touch_remote]: touch_remote: ev=Update id=1882 x=2088 y=1562 rdpei=0x7f74e0214070 fallback=0
[17:51:11:885] [47174:0000b848] [DEBUG][com.freerdp.client.x11] - [xf_input_touch_remote]: touch_remote: ev=Update id=1882 x=2088 y=1562 rdpei=0x7f74e0214070 fallback=0
[17:51:11:895] [47174:0000b848] [DEBUG][com.freerdp.client.x11] - [xf_input_touch_remote]: touch_remote: ev=Update id=1882 x=2088 y=1562 rdpei=0x7f74e0214070 fallback=0
[17:51:11:915] [47174:0000b848] [DEBUG][com.freerdp.client.x11] - [xf_input_touch_remote]: touch_remote: ev=Update id=1882 x=2089 y=1564 rdpei=0x7f74e0214070 fallback=0
[17:51:11:935] [47174:0000b848] [DEBUG][com.freerdp.client.x11] - [xf_input_touch_remote]: touch_remote: ev=End id=1882 x=2089 y=1564 rdpei=0x7f74e0214070 fallback=0
[17:51:12:409] [47174:0000b848] [DEBUG][com.freerdp.client.x11] - [xf_input_handle_event_remote]: checking for pen
[17:51:12:411] [47174:0000b848] [DEBUG][com.freerdp.client.x11] - [xf_input_touch_remote]: touch_remote: ev=Begin id=1883 x=2106 y=1532 rdpei=0x7f74e0214070 fallback=0
[17:51:12:411] [47174:0000b848] [DEBUG][com.freerdp.client.x11] - [xf_input_touch_remote]: touch_remote: ev=Other id=1883 x=0 y=0 rdpei=0x7f74e0214070 fallback=0
[17:51:12:419] [47174:0000b848] [DEBUG][com.freerdp.client.x11] - [xf_input_touch_remote]: touch_remote: ev=Update id=1883 x=2106 y=1534 rdpei=0x7f74e0214070 fallback=0
[17:51:12:429] [47174:0000b848] [DEBUG][com.freerdp.client.x11] - [xf_input_touch_remote]: touch_remote: ev=Update id=1883 x=2106 y=1534 rdpei=0x7f74e0214070 fallback=0
[17:51:12:439] [47174:0000b848] [DEBUG][com.freerdp.client.x11] - [xf_input_touch_remote]: touch_remote: ev=Update id=1883 x=2105 y=1534 rdpei=0x7f74e0214070 fallback=0
[17:51:12:449] [47174:0000b848] [DEBUG][com.freerdp.client.x11] - [xf_input_touch_remote]: touch_remote: ev=Update id=1883 x=2105 y=1534 rdpei=0x7f74e0214070 fallback=0
[17:51:12:460] [47174:0000b848] [DEBUG][com.freerdp.client.x11] - [xf_input_touch_remote]: touch_remote: ev=Update id=1883 x=2106 y=1534 rdpei=0x7f74e0214070 fallback=0
[17:51:12:469] [47174:0000b848] [DEBUG][com.freerdp.client.x11] - [xf_input_touch_remote]: touch_remote: ev=Update id=1883 x=2106 y=1535 rdpei=0x7f74e0214070 fallback=0
[17:51:12:480] [47174:0000b848] [DEBUG][com.freerdp.client.x11] - [xf_input_touch_remote]: touch_remote: ev=Update id=1883 x=2105 y=1534 rdpei=0x7f74e0214070 fallback=0
[17:51:12:489] [47174:0000b848] [DEBUG][com.freerdp.client.x11] - [xf_input_touch_remote]: touch_remote: ev=Update id=1883 x=2106 y=1535 rdpei=0x7f74e0214070 fallback=0
[17:51:12:495] [47174:0000b848] [DEBUG][com.freerdp.client.x11] - [xf_Pointer_SetNull]: called
[17:51:12:510] [47174:0000b848] [DEBUG][com.freerdp.client.x11] - [xf_input_touch_remote]: touch_remote: ev=Update id=1883 x=2108 y=1534 rdpei=0x7f74e0214070 fallback=0
[17:51:12:530] [47174:0000b848] [DEBUG][com.freerdp.client.x11] - [xf_input_touch_remote]: touch_remote: ev=End id=1883 x=2108 y=1534 rdpei=0x7f74e0214070 fallback=0
[17:51:12:533] [47174:0000b861] [DEBUG][com.freerdp.channels.rdpgfx.client] - [rdpgfx_read_h264_metablock]: H264_METABLOCK: numRegionRects: 1
[17:51:12:533] [47174:0000b861] [DEBUG][com.freerdp.channels.rdpgfx.client] - [rdpgfx_read_h264_metablock]: regionRects[0]: left: 2016 top: 1472 right: 2176 bottom: 1600
[17:51:12:533] [47174:0000b861] [DEBUG][com.freerdp.channels.rdpgfx.client] - [rdpgfx_read_h264_metablock]: quantQualityVals[0]: qp: 25 r: 0 p: 0 qualityVal: 100
[17:51:12:574] [47174:0000b861] [DEBUG][com.freerdp.channels.rdpgfx.client] - [rdpgfx_read_h264_metablock]: H264_METABLOCK: numRegionRects: 1
[17:51:12:574] [47174:0000b861] [DEBUG][com.freerdp.channels.rdpgfx.client] - [rdpgfx_read_h264_metablock]: regionRects[0]: left: 2016 top: 1472 right: 2176 bottom: 1600
[17:51:12:575] [47174:0000b861] [DEBUG][com.freerdp.channels.rdpgfx.client] - [rdpgfx_read_h264_metablock]: quantQualityVals[0]: qp: 25 r: 0 p: 0 qualityVal: 100
[17:51:12:621] [47174:0000b861] [DEBUG][com.freerdp.channels.rdpgfx.client] - [rdpgfx_read_h264_metablock]: H264_METABLOCK: numRegionRects: 1
[17:51:12:621] [47174:0000b861] [DEBUG][com.freerdp.channels.rdpgfx.client] - [rdpgfx_read_h264_metablock]: regionRects[0]: left: 2016 top: 1472 right: 2176 bottom: 1600
[17:51:12:621] [47174:0000b861] [DEBUG][com.freerdp.channels.rdpgfx.client] - [rdpgfx_read_h264_metablock]: quantQualityVals[0]: qp: 25 r: 0 p: 0 qualityVal: 100
[17:51:12:669] [47174:0000b861] [DEBUG][com.freerdp.channels.rdpgfx.client] - [rdpgfx_read_h264_metablock]: H264_METABLOCK: numRegionRects: 1
[17:51:12:669] [47174:0000b861] [DEBUG][com.freerdp.channels.rdpgfx.client] - [rdpgfx_read_h264_metablock]: regionRects[0]: left: 2016 top: 1472 right: 2176 bottom: 1600
[17:51:12:669] [47174:0000b861] [DEBUG][com.freerdp.channels.rdpgfx.client] - [rdpgfx_read_h264_metablock]: quantQualityVals[0]: qp: 25 r: 0 p: 0 qualityVal: 100
[17:51:12:718] [47174:0000b861] [DEBUG][com.freerdp.channels.rdpgfx.client] - [rdpgfx_read_h264_metablock]: H264_METABLOCK: numRegionRects: 1
[17:51:12:718] [47174:0000b861] [DEBUG][com.freerdp.channels.rdpgfx.client] - [rdpgfx_read_h264_metablock]: regionRects[0]: left: 2016 top: 1472 right: 2176 bottom: 1600
[17:51:12:719] [47174:0000b861] [DEBUG][com.freerdp.channels.rdpgfx.client] - [rdpgfx_read_h264_metablock]: quantQualityVals[0]: qp: 25 r: 0 p: 0 qualityVal: 100
[17:51:12:725] [47174:0000b861] [DEBUG][com.freerdp.channels.rdpgfx.client] - [rdpgfx_read_h264_metablock]: H264_METABLOCK: numRegionRects: 1
[17:51:12:725] [47174:0000b861] [DEBUG][com.freerdp.channels.rdpgfx.client] - [rdpgfx_read_h264_metablock]: regionRects[0]: left: 2016 top: 1472 right: 2176 bottom: 1600
[17:51:12:725] [47174:0000b861] [DEBUG][com.freerdp.channels.rdpgfx.client] - [rdpgfx_read_h264_metablock]: quantQualityVals[0]: qp: 25 r: 0 p: 0 qualityVal: 100
[17:51:12:768] [47174:0000b861] [DEBUG][com.freerdp.channels.rdpgfx.client] - [rdpgfx_read_h264_metablock]: H264_METABLOCK: numRegionRects: 1
[17:51:12:768] [47174:0000b861] [DEBUG][com.freerdp.channels.rdpgfx.client] - [rdpgfx_read_h264_metablock]: regionRects[0]: left: 2016 top: 1472 right: 2176 bottom: 1600
[17:51:12:768] [47174:0000b861] [DEBUG][com.freerdp.channels.rdpgfx.client] - [rdpgfx_read_h264_metablock]: quantQualityVals[0]: qp: 25 r: 0 p: 0 qualityVal: 100
[17:51:12:814] [47174:0000b861] [DEBUG][com.freerdp.channels.rdpgfx.client] - [rdpgfx_read_h264_metablock]: H264_METABLOCK: numRegionRects: 1
[17:51:12:814] [47174:0000b861] [DEBUG][com.freerdp.channels.rdpgfx.client] - [rdpgfx_read_h264_metablock]: regionRects[0]: left: 2016 top: 1472 right: 2176 bottom: 1600
[17:51:12:814] [47174:0000b861] [DEBUG][com.freerdp.channels.rdpgfx.client] - [rdpgfx_read_h264_metablock]: quantQualityVals[0]: qp: 25 r: 0 p: 0 qualityVal: 100
[17:51:12:819] [47174:0000b861] [DEBUG][com.freerdp.channels.rdpgfx.client] - [rdpgfx_read_h264_metablock]: H264_METABLOCK: numRegionRects: 1
[17:51:12:819] [47174:0000b861] [DEBUG][com.freerdp.channels.rdpgfx.client] - [rdpgfx_read_h264_metablock]: regionRects[0]: left: 2016 top: 1472 right: 2176 bottom: 1600
[17:51:12:819] [47174:0000b861] [DEBUG][com.freerdp.channels.rdpgfx.client] - [rdpgfx_read_h264_metablock]: quantQualityVals[0]: qp: 25 r: 0 p: 0 qualityVal: 100
[17:51:12:859] [47174:0000b861] [DEBUG][com.freerdp.channels.rdpgfx.client] - [rdpgfx_read_h264_metablock]: H264_METABLOCK: numRegionRects: 1
[17:51:12:859] [47174:0000b861] [DEBUG][com.freerdp.channels.rdpgfx.client] - [rdpgfx_read_h264_metablock]: regionRects[0]: left: 2016 top: 1472 right: 2176 bottom: 1600
[17:51:12:859] [47174:0000b861] [DEBUG][com.freerdp.channels.rdpgfx.client] - [rdpgfx_read_h264_metablock]: quantQualityVals[0]: qp: 25 r: 0 p: 0 qualityVal: 100
[17:51:12:901] [47174:0000b861] [DEBUG][com.freerdp.channels.rdpgfx.client] - [rdpgfx_read_h264_metablock]: H264_METABLOCK: numRegionRects: 1
[17:51:12:901] [47174:0000b861] [DEBUG][com.freerdp.channels.rdpgfx.client] - [rdpgfx_read_h264_metablock]: regionRects[0]: left: 2016 top: 1472 right: 2176 bottom: 1600
[17:51:12:901] [47174:0000b861] [DEBUG][com.freerdp.channels.rdpgfx.client] - [rdpgfx_read_h264_metablock]: quantQualityVals[0]: qp: 25 r: 0 p: 0 qualityVal: 100
[17:51:13:236] [47174:0000b848] [DEBUG][com.freerdp.client.x11] - [xf_input_handle_event_remote]: checking for pen
[17:51:13:237] [47174:0000b848] [DEBUG][com.freerdp.client.x11] - [xf_input_touch_remote]: touch_remote: ev=Begin id=1884 x=2100 y=1587 rdpei=0x7f74e0214070 fallback=0
[17:51:13:237] [47174:0000b848] [DEBUG][com.freerdp.client.x11] - [xf_input_touch_remote]: touch_remote: ev=Other id=1884 x=0 y=0 rdpei=0x7f74e0214070 fallback=0
[17:51:13:256] [47174:0000b848] [DEBUG][com.freerdp.client.x11] - [xf_input_touch_remote]: touch_remote: ev=Update id=1884 x=2099 y=1587 rdpei=0x7f74e0214070 fallback=0
[17:51:13:266] [47174:0000b848] [DEBUG][com.freerdp.client.x11] - [xf_input_touch_remote]: touch_remote: ev=Update id=1884 x=2100 y=1587 rdpei=0x7f74e0214070 fallback=0
[17:51:13:286] [47174:0000b848] [DEBUG][com.freerdp.client.x11] - [xf_input_touch_remote]: touch_remote: ev=Update id=1884 x=2100 y=1586 rdpei=0x7f74e0214070 fallback=0
[17:51:13:296] [47174:0000b848] [DEBUG][com.freerdp.client.x11] - [xf_input_touch_remote]: touch_remote: ev=Update id=1884 x=2100 y=1587 rdpei=0x7f74e0214070 fallback=0
[17:51:13:306] [47174:0000b848] [DEBUG][com.freerdp.client.x11] - [xf_input_touch_remote]: touch_remote: ev=Update id=1884 x=2100 y=1586 rdpei=0x7f74e0214070 fallback=0
[17:51:13:326] [47174:0000b848] [DEBUG][com.freerdp.client.x11] - [xf_input_touch_remote]: touch_remote: ev=Update id=1884 x=2099 y=1589 rdpei=0x7f74e0214070 fallback=0
[17:51:13:335] [47174:0000b848] [DEBUG][com.freerdp.client.x11] - [xf_Pointer_SetNull]: called
[17:51:13:346] [47174:0000b848] [DEBUG][com.freerdp.client.x11] - [xf_input_touch_remote]: touch_remote: ev=End id=1884 x=2099 y=1589 rdpei=0x7f74e0214070 fallback=0
[17:51:13:465] [47174:0000b861] [DEBUG][com.freerdp.channels.rdpgfx.client] - [rdpgfx_read_h264_metablock]: H264_METABLOCK: numRegionRects: 1
[17:51:13:465] [47174:0000b861] [DEBUG][com.freerdp.channels.rdpgfx.client] - [rdpgfx_read_h264_metablock]: regionRects[0]: left: 2016 top: 1472 right: 2176 bottom: 1600
[17:51:13:465] [47174:0000b861] [DEBUG][com.freerdp.channels.rdpgfx.client] - [rdpgfx_read_h264_metablock]: quantQualityVals[0]: qp: 25 r: 0 p: 0 qualityVal: 100
[17:51:13:510] [47174:0000b861] [DEBUG][com.freerdp.channels.rdpgfx.client] - [rdpgfx_read_h264_metablock]: H264_METABLOCK: numRegionRects: 1
[17:51:13:510] [47174:0000b861] [DEBUG][com.freerdp.channels.rdpgfx.client] - [rdpgfx_read_h264_metablock]: regionRects[0]: left: 2016 top: 1472 right: 2176 bottom: 1600
[17:51:13:510] [47174:0000b861] [DEBUG][com.freerdp.channels.rdpgfx.client] - [rdpgfx_read_h264_metablock]: quantQualityVals[0]: qp: 25 r: 0 p: 0 qualityVal: 100
[17:51:13:555] [47174:0000b861] [DEBUG][com.freerdp.channels.rdpgfx.client] - [rdpgfx_read_h264_metablock]: H264_METABLOCK: numRegionRects: 1
[17:51:13:555] [47174:0000b861] [DEBUG][com.freerdp.channels.rdpgfx.client] - [rdpgfx_read_h264_metablock]: regionRects[0]: left: 2016 top: 1472 right: 2176 bottom: 1600
[17:51:13:555] [47174:0000b861] [DEBUG][com.freerdp.channels.rdpgfx.client] - [rdpgfx_read_h264_metablock]: quantQualityVals[0]: qp: 25 r: 0 p: 0 qualityVal: 100
[17:51:13:599] [47174:0000b861] [DEBUG][com.freerdp.channels.rdpgfx.client] - [rdpgfx_read_h264_metablock]: H264_METABLOCK: numRegionRects: 1
[17:51:13:599] [47174:0000b861] [DEBUG][com.freerdp.channels.rdpgfx.client] - [rdpgfx_read_h264_metablock]: regionRects[0]: left: 2016 top: 1472 right: 2176 bottom: 1600
[17:51:13:599] [47174:0000b861] [DEBUG][com.freerdp.channels.rdpgfx.client] - [rdpgfx_read_h264_metablock]: quantQualityVals[0]: qp: 25 r: 0 p: 0 qualityVal: 100
[17:51:13:606] [47174:0000b861] [DEBUG][com.freerdp.channels.rdpgfx.client] - [rdpgfx_read_h264_metablock]: H264_METABLOCK: numRegionRects: 1
[17:51:13:606] [47174:0000b861] [DEBUG][com.freerdp.channels.rdpgfx.client] - [rdpgfx_read_h264_metablock]: regionRects[0]: left: 2016 top: 1472 right: 2176 bottom: 1600
[17:51:13:606] [47174:0000b861] [DEBUG][com.freerdp.channels.rdpgfx.client] - [rdpgfx_read_h264_metablock]: quantQualityVals[0]: qp: 25 r: 0 p: 0 qualityVal: 100
[17:51:13:644] [47174:0000b861] [DEBUG][com.freerdp.channels.rdpgfx.client] - [rdpgfx_read_h264_metablock]: H264_METABLOCK: numRegionRects: 1
[17:51:13:644] [47174:0000b861] [DEBUG][com.freerdp.channels.rdpgfx.client] - [rdpgfx_read_h264_metablock]: regionRects[0]: left: 2016 top: 1472 right: 2176 bottom: 1600
[17:51:13:644] [47174:0000b861] [DEBUG][com.freerdp.channels.rdpgfx.client] - [rdpgfx_read_h264_metablock]: quantQualityVals[0]: qp: 25 r: 0 p: 0 qualityVal: 100
[17:51:13:693] [47174:0000b861] [DEBUG][com.freerdp.channels.rdpgfx.client] - [rdpgfx_read_h264_metablock]: H264_METABLOCK: numRegionRects: 1
[17:51:13:693] [47174:0000b861] [DEBUG][com.freerdp.channels.rdpgfx.client] - [rdpgfx_read_h264_metablock]: regionRects[0]: left: 2016 top: 1472 right: 2176 bottom: 1600
[17:51:13:693] [47174:0000b861] [DEBUG][com.freerdp.channels.rdpgfx.client] - [rdpgfx_read_h264_metablock]: quantQualityVals[0]: qp: 25 r: 0 p: 0 qualityVal: 100
[17:51:13:701] [47174:0000b861] [DEBUG][com.freerdp.channels.rdpgfx.client] - [rdpgfx_read_h264_metablock]: H264_METABLOCK: numRegionRects: 1
[17:51:13:702] [47174:0000b861] [DEBUG][com.freerdp.channels.rdpgfx.client] - [rdpgfx_read_h264_metablock]: regionRects[0]: left: 2016 top: 1472 right: 2176 bottom: 1600
[17:51:13:702] [47174:0000b861] [DEBUG][com.freerdp.channels.rdpgfx.client] - [rdpgfx_read_h264_metablock]: quantQualityVals[0]: qp: 25 r: 0 p: 0 qualityVal: 100
[17:51:13:861] [47174:0000b848] [DEBUG][com.freerdp.client.x11] - [xf_input_handle_event_remote]: checking for pen
[17:51:13:862] [47174:0000b848] [DEBUG][com.freerdp.client.x11] - [xf_input_touch_remote]: touch_remote: ev=Begin id=1885 x=2098 y=1559 rdpei=0x7f74e0214070 fallback=0
[17:51:13:862] [47174:0000b848] [DEBUG][com.freerdp.client.x11] - [xf_input_touch_remote]: touch_remote: ev=Other id=1885 x=0 y=0 rdpei=0x7f74e0214070 fallback=0
[17:51:13:871] [47174:0000b848] [DEBUG][com.freerdp.client.x11] - [xf_input_touch_remote]: touch_remote: ev=Update id=1885 x=2097 y=1560 rdpei=0x7f74e0214070 fallback=0
[17:51:13:881] [47174:0000b848] [DEBUG][com.freerdp.client.x11] - [xf_input_touch_remote]: touch_remote: ev=Update id=1885 x=2097 y=1559 rdpei=0x7f74e0214070 fallback=0
[17:51:13:901] [47174:0000b848] [DEBUG][com.freerdp.client.x11] - [xf_input_touch_remote]: touch_remote: ev=Update id=1885 x=2097 y=1560 rdpei=0x7f74e0214070 fallback=0
[17:51:13:911] [47174:0000b848] [DEBUG][com.freerdp.client.x11] - [xf_input_touch_remote]: touch_remote: ev=Update id=1885 x=2097 y=1559 rdpei=0x7f74e0214070 fallback=0
[17:51:13:921] [47174:0000b848] [DEBUG][com.freerdp.client.x11] - [xf_input_touch_remote]: touch_remote: ev=Update id=1885 x=2098 y=1559 rdpei=0x7f74e0214070 fallback=0
[17:51:13:931] [47174:0000b848] [DEBUG][com.freerdp.client.x11] - [xf_input_touch_remote]: touch_remote: ev=Update id=1885 x=2099 y=1560 rdpei=0x7f74e0214070 fallback=0
[17:51:13:941] [47174:0000b848] [DEBUG][com.freerdp.client.x11] - [xf_input_touch_remote]: touch_remote: ev=Update id=1885 x=2099 y=1561 rdpei=0x7f74e0214070 fallback=0
[17:51:13:947] [47174:0000b848] [DEBUG][com.freerdp.client.x11] - [xf_Pointer_Set]: 0x7f74e024b5e0
[17:51:13:947] [47174:0000b848] [DEBUG][com.freerdp.client.x11] - [xf_Pointer_GetCursorForCurrentScale]: scaled: 2560x1600, desktop: 2560x1600
[17:51:13:947] [47174:0000b848] [DEBUG][com.freerdp.client.x11] - [xf_Pointer_GetCursorForCurrentScale]: using cached cursor 0
[17:51:13:951] [47174:0000b848] [DEBUG][com.freerdp.client.x11] - [xf_input_touch_remote]: touch_remote: ev=Update id=1885 x=2099 y=1562 rdpei=0x7f74e0214070 fallback=0
[17:51:13:971] [47174:0000b848] [DEBUG][com.freerdp.client.x11] - [xf_input_touch_remote]: touch_remote: ev=End id=1885 x=2099 y=1562 rdpei=0x7f74e0214070 fallback=0
[17:51:14:004] [47174:0000b848] [DEBUG][com.freerdp.client.x11] - [xf_Pointer_SetNull]: called
[17:51:14:004] [47174:0000b861] [DEBUG][com.freerdp.channels.rdpgfx.client] - [rdpgfx_read_h264_metablock]: H264_METABLOCK: numRegionRects: 1
[17:51:14:004] [47174:0000b861] [DEBUG][com.freerdp.channels.rdpgfx.client] - [rdpgfx_read_h264_metablock]: regionRects[0]: left: 2016 top: 1472 right: 2176 bottom: 1600
[17:51:14:005] [47174:0000b861] [DEBUG][com.freerdp.channels.rdpgfx.client] - [rdpgfx_read_h264_metablock]: quantQualityVals[0]: qp: 25 r: 0 p: 0 qualityVal: 100
[17:51:14:048] [47174:0000b861] [DEBUG][com.freerdp.channels.rdpgfx.client] - [rdpgfx_read_h264_metablock]: H264_METABLOCK: numRegionRects: 1
[17:51:14:048] [47174:0000b861] [DEBUG][com.freerdp.channels.rdpgfx.client] - [rdpgfx_read_h264_metablock]: regionRects[0]: left: 2016 top: 1472 right: 2176 bottom: 1600
[17:51:14:048] [47174:0000b861] [DEBUG][com.freerdp.channels.rdpgfx.client] - [rdpgfx_read_h264_metablock]: quantQualityVals[0]: qp: 25 r: 0 p: 0 qualityVal: 100
[17:51:14:121] [47174:0000b861] [DEBUG][com.freerdp.channels.rdpgfx.client] - [rdpgfx_read_h264_metablock]: H264_METABLOCK: numRegionRects: 1
[17:51:14:121] [47174:0000b861] [DEBUG][com.freerdp.channels.rdpgfx.client] - [rdpgfx_read_h264_metablock]: regionRects[0]: left: 2016 top: 1472 right: 2176 bottom: 1600
[17:51:14:121] [47174:0000b861] [DEBUG][com.freerdp.channels.rdpgfx.client] - [rdpgfx_read_h264_metablock]: quantQualityVals[0]: qp: 25 r: 0 p: 0 qualityVal: 100
[17:51:14:159] [47174:0000b861] [DEBUG][com.freerdp.channels.rdpgfx.client] - [rdpgfx_read_h264_metablock]: H264_METABLOCK: numRegionRects: 1
[17:51:14:159] [47174:0000b861] [DEBUG][com.freerdp.channels.rdpgfx.client] - [rdpgfx_read_h264_metablock]: regionRects[0]: left: 2016 top: 1472 right: 2176 bottom: 1600
[17:51:14:159] [47174:0000b861] [DEBUG][com.freerdp.channels.rdpgfx.client] - [rdpgfx_read_h264_metablock]: quantQualityVals[0]: qp: 25 r: 0 p: 0 qualityVal: 100
[17:51:14:206] [47174:0000b861] [DEBUG][com.freerdp.channels.rdpgfx.client] - [rdpgfx_read_h264_metablock]: H264_METABLOCK: numRegionRects: 1
[17:51:14:206] [47174:0000b861] [DEBUG][com.freerdp.channels.rdpgfx.client] - [rdpgfx_read_h264_metablock]: regionRects[0]: left: 2016 top: 1472 right: 2176 bottom: 1600
[17:51:14:206] [47174:0000b861] [DEBUG][com.freerdp.channels.rdpgfx.client] - [rdpgfx_read_h264_metablock]: quantQualityVals[0]: qp: 25 r: 0 p: 0 qualityVal: 100
[17:51:14:251] [47174:0000b861] [DEBUG][com.freerdp.channels.rdpgfx.client] - [rdpgfx_read_h264_metablock]: H264_METABLOCK: numRegionRects: 1
[17:51:14:251] [47174:0000b861] [DEBUG][com.freerdp.channels.rdpgfx.client] - [rdpgfx_read_h264_metablock]: regionRects[0]: left: 2016 top: 1472 right: 2176 bottom: 1600
[17:51:14:251] [47174:0000b861] [DEBUG][com.freerdp.channels.rdpgfx.client] - [rdpgfx_read_h264_metablock]: quantQualityVals[0]: qp: 25 r: 0 p: 0 qualityVal: 100
[17:51:14:257] [47174:0000b861] [DEBUG][com.freerdp.channels.rdpgfx.client] - [rdpgfx_read_h264_metablock]: H264_METABLOCK: numRegionRects: 1
[17:51:14:257] [47174:0000b861] [DEBUG][com.freerdp.channels.rdpgfx.client] - [rdpgfx_read_h264_metablock]: regionRects[0]: left: 2016 top: 1472 right: 2176 bottom: 1600
[17:51:14:257] [47174:0000b861] [DEBUG][com.freerdp.channels.rdpgfx.client] - [rdpgfx_read_h264_metablock]: quantQualityVals[0]: qp: 25 r: 0 p: 0 qualityVal: 100
[17:51:14:295] [47174:0000b861] [DEBUG][com.freerdp.channels.rdpgfx.client] - [rdpgfx_read_h264_metablock]: H264_METABLOCK: numRegionRects: 1
[17:51:14:295] [47174:0000b861] [DEBUG][com.freerdp.channels.rdpgfx.client] - [rdpgfx_read_h264_metablock]: regionRects[0]: left: 2016 top: 1472 right: 2176 bottom: 1600
[17:51:14:295] [47174:0000b861] [DEBUG][com.freerdp.channels.rdpgfx.client] - [rdpgfx_read_h264_metablock]: quantQualityVals[0]: qp: 25 r: 0 p: 0 qualityVal: 100
[17:51:14:339] [47174:0000b861] [DEBUG][com.freerdp.channels.rdpgfx.client] - [rdpgfx_read_h264_metablock]: H264_METABLOCK: numRegionRects: 1
[17:51:14:339] [47174:0000b861] [DEBUG][com.freerdp.channels.rdpgfx.client] - [rdpgfx_read_h264_metablock]: regionRects[0]: left: 2016 top: 1472 right: 2176 bottom: 1600
[17:51:14:339] [47174:0000b861] [DEBUG][com.freerdp.channels.rdpgfx.client] - [rdpgfx_read_h264_metablock]: quantQualityVals[0]: qp: 25 r: 0 p: 0 qualityVal: 100
[17:51:14:387] [47174:0000b861] [DEBUG][com.freerdp.channels.rdpgfx.client] - [rdpgfx_read_h264_metablock]: H264_METABLOCK: numRegionRects: 1
[17:51:14:387] [47174:0000b861] [DEBUG][com.freerdp.channels.rdpgfx.client] - [rdpgfx_read_h264_metablock]: regionRects[0]: left: 2016 top: 1472 right: 2176 bottom: 1600
[17:51:14:387] [47174:0000b861] [DEBUG][com.freerdp.channels.rdpgfx.client] - [rdpgfx_read_h264_metablock]: quantQualityVals[0]: qp: 25 r: 0 p: 0 qualityVal: 100
[17:51:14:637] [47174:0000b848] [DEBUG][com.freerdp.client.x11] - [xf_input_handle_event_remote]: checking for pen
[17:51:14:639] [47174:0000b848] [DEBUG][com.freerdp.client.x11] - [xf_input_touch_remote]: touch_remote: ev=Begin id=1886 x=2081 y=1554 rdpei=0x7f74e0214070 fallback=0
[17:51:14:639] [47174:0000b848] [DEBUG][com.freerdp.client.x11] - [xf_input_touch_remote]: touch_remote: ev=Other id=1886 x=0 y=0 rdpei=0x7f74e0214070 fallback=0
[17:51:14:647] [47174:0000b848] [DEBUG][com.freerdp.client.x11] - [xf_input_touch_remote]: touch_remote: ev=Update id=1886 x=2081 y=1553 rdpei=0x7f74e0214070 fallback=0
[17:51:14:657] [47174:0000b848] [DEBUG][com.freerdp.client.x11] - [xf_input_touch_remote]: touch_remote: ev=Update id=1886 x=2081 y=1554 rdpei=0x7f74e0214070 fallback=0
[17:51:14:667] [47174:0000b848] [DEBUG][com.freerdp.client.x11] - [xf_input_touch_remote]: touch_remote: ev=Update id=1886 x=2080 y=1554 rdpei=0x7f74e0214070 fallback=0
[17:51:14:677] [47174:0000b848] [DEBUG][com.freerdp.client.x11] - [xf_input_touch_remote]: touch_remote: ev=Update id=1886 x=2081 y=1554 rdpei=0x7f74e0214070 fallback=0
[17:51:14:697] [47174:0000b848] [DEBUG][com.freerdp.client.x11] - [xf_input_touch_remote]: touch_remote: ev=Update id=1886 x=2082 y=1555 rdpei=0x7f74e0214070 fallback=0
[17:51:14:707] [47174:0000b848] [DEBUG][com.freerdp.client.x11] - [xf_input_touch_remote]: touch_remote: ev=Update id=1886 x=2084 y=1555 rdpei=0x7f74e0214070 fallback=0
[17:51:14:727] [47174:0000b848] [DEBUG][com.freerdp.client.x11] - [xf_input_touch_remote]: touch_remote: ev=End id=1886 x=2084 y=1555 rdpei=0x7f74e0214070 fallback=0
[17:51:14:729] [47174:0000b848] [DEBUG][com.freerdp.client.x11] - [xf_Pointer_Set]: 0x7f74e024b5e0
[17:51:14:729] [47174:0000b848] [DEBUG][com.freerdp.client.x11] - [xf_Pointer_GetCursorForCurrentScale]: scaled: 2560x1600, desktop: 2560x1600
[17:51:14:729] [47174:0000b848] [DEBUG][com.freerdp.client.x11] - [xf_Pointer_GetCursorForCurrentScale]: using cached cursor 0
[17:51:15:275] [47174:0000b848] [DEBUG][com.freerdp.client.x11] - [xf_Pointer_Set]: 0x7f74e024b5e0
[17:51:15:275] [47174:0000b848] [DEBUG][com.freerdp.client.x11] - [xf_Pointer_GetCursorForCurrentScale]: scaled: 2560x1600, desktop: 2560x1600
[17:51:15:275] [47174:0000b848] [DEBUG][com.freerdp.client.x11] - [xf_Pointer_GetCursorForCurrentScale]: using cached cursor 0
[17:51:15:353] [47174:0000b848] [DEBUG][com.freerdp.client.x11] - [xf_input_handle_event_remote]: checking for pen
[17:51:15:354] [47174:0000b848] [DEBUG][com.freerdp.client.x11] - [xf_input_touch_remote]: touch_remote: ev=Begin id=1887 x=2071 y=1562 rdpei=0x7f74e0214070 fallback=0
[17:51:15:354] [47174:0000b848] [DEBUG][com.freerdp.client.x11] - [xf_input_touch_remote]: touch_remote: ev=Other id=1887 x=0 y=0 rdpei=0x7f74e0214070 fallback=0
[17:51:15:363] [47174:0000b848] [DEBUG][com.freerdp.client.x11] - [xf_input_touch_remote]: touch_remote: ev=Update id=1887 x=2071 y=1562 rdpei=0x7f74e0214070 fallback=0
[17:51:15:373] [47174:0000b848] [DEBUG][com.freerdp.client.x11] - [xf_input_touch_remote]: touch_remote: ev=Update id=1887 x=2072 y=1561 rdpei=0x7f74e0214070 fallback=0
[17:51:15:383] [47174:0000b848] [DEBUG][com.freerdp.client.x11] - [xf_input_touch_remote]: touch_remote: ev=Update id=1887 x=2072 y=1563 rdpei=0x7f74e0214070 fallback=0
[17:51:15:393] [47174:0000b848] [DEBUG][com.freerdp.client.x11] - [xf_input_touch_remote]: touch_remote: ev=Update id=1887 x=2072 y=1562 rdpei=0x7f74e0214070 fallback=0
[17:51:15:403] [47174:0000b848] [DEBUG][com.freerdp.client.x11] - [xf_input_touch_remote]: touch_remote: ev=Update id=1887 x=2072 y=1562 rdpei=0x7f74e0214070 fallback=0
[17:51:15:413] [47174:0000b848] [DEBUG][com.freerdp.client.x11] - [xf_input_touch_remote]: touch_remote: ev=Update id=1887 x=2072 y=1564 rdpei=0x7f74e0214070 fallback=0
[17:51:15:423] [47174:0000b848] [DEBUG][com.freerdp.client.x11] - [xf_input_touch_remote]: touch_remote: ev=Update id=1887 x=2073 y=1564 rdpei=0x7f74e0214070 fallback=0
[17:51:15:437] [47174:0000b848] [DEBUG][com.freerdp.client.x11] - [xf_Pointer_SetNull]: called
[17:51:15:443] [47174:0000b848] [DEBUG][com.freerdp.client.x11] - [xf_input_touch_remote]: touch_remote: ev=End id=1887 x=2073 y=1564 rdpei=0x7f74e0214070 fallback=0
[17:51:15:589] [47174:0000b861] [DEBUG][com.freerdp.channels.rdpgfx.client] - [rdpgfx_recv_evict_cache_entry_pdu]: RecvEvictCacheEntryPdu: cacheSlot: 253
[17:51:15:589] [47174:0000b861] [DEBUG][com.freerdp.channels.rdpgfx.client] - [rdpgfx_recv_evict_cache_entry_pdu]: RecvEvictCacheEntryPdu: cacheSlot: 254
[17:51:15:589] [47174:0000b861] [DEBUG][com.freerdp.channels.rdpgfx.client] - [rdpgfx_recv_evict_cache_entry_pdu]: RecvEvictCacheEntryPdu: cacheSlot: 255
[17:51:15:589] [47174:0000b861] [DEBUG][com.freerdp.channels.rdpgfx.client] - [rdpgfx_recv_evict_cache_entry_pdu]: RecvEvictCacheEntryPdu: cacheSlot: 256
[17:51:15:589] [47174:0000b861] [DEBUG][com.freerdp.channels.rdpgfx.client] - [rdpgfx_recv_evict_cache_entry_pdu]: RecvEvictCacheEntryPdu: cacheSlot: 257
[17:51:15:589] [47174:0000b861] [DEBUG][com.freerdp.channels.rdpgfx.client] - [rdpgfx_recv_evict_cache_entry_pdu]: RecvEvictCacheEntryPdu: cacheSlot: 258
[17:51:15:589] [47174:0000b861] [DEBUG][com.freerdp.channels.rdpgfx.client] - [rdpgfx_recv_evict_cache_entry_pdu]: RecvEvictCacheEntryPdu: cacheSlot: 259
[17:51:15:589] [47174:0000b861] [DEBUG][com.freerdp.channels.rdpgfx.client] - [rdpgfx_recv_evict_cache_entry_pdu]: RecvEvictCacheEntryPdu: cacheSlot: 260
[17:51:16:019] [47174:0000b848] [DEBUG][com.freerdp.client.x11] - [xf_input_handle_event_remote]: checking for pen
[17:51:16:019] [47174:0000b848] [DEBUG][com.freerdp.client.x11] - [xf_input_touch_remote]: touch_remote: ev=Begin id=1888 x=2090 y=1540 rdpei=0x7f74e0214070 fallback=0
[17:51:16:020] [47174:0000b848] [DEBUG][com.freerdp.client.x11] - [xf_input_touch_remote]: touch_remote: ev=Other id=1888 x=0 y=0 rdpei=0x7f74e0214070 fallback=0
[17:51:16:028] [47174:0000b848] [DEBUG][com.freerdp.client.x11] - [xf_input_touch_remote]: touch_remote: ev=Update id=1888 x=2090 y=1539 rdpei=0x7f74e0214070 fallback=0
[17:51:16:038] [47174:0000b848] [DEBUG][com.freerdp.client.x11] - [xf_input_touch_remote]: touch_remote: ev=Update id=1888 x=2090 y=1538 rdpei=0x7f74e0214070 fallback=0
[17:51:16:048] [47174:0000b848] [DEBUG][com.freerdp.client.x11] - [xf_input_touch_remote]: touch_remote: ev=Update id=1888 x=2090 y=1539 rdpei=0x7f74e0214070 fallback=0
[17:51:16:058] [47174:0000b848] [DEBUG][com.freerdp.client.x11] - [xf_input_touch_remote]: touch_remote: ev=Update id=1888 x=2091 y=1539 rdpei=0x7f74e0214070 fallback=0
[17:51:16:068] [47174:0000b848] [DEBUG][com.freerdp.client.x11] - [xf_input_touch_remote]: touch_remote: ev=Update id=1888 x=2091 y=1540 rdpei=0x7f74e0214070 fallback=0
[17:51:16:078] [47174:0000b848] [DEBUG][com.freerdp.client.x11] - [xf_input_touch_remote]: touch_remote: ev=Update id=1888 x=2092 y=1540 rdpei=0x7f74e0214070 fallback=0
[17:51:16:088] [47174:0000b848] [DEBUG][com.freerdp.client.x11] - [xf_input_touch_remote]: touch_remote: ev=Update id=1888 x=2092 y=1540 rdpei=0x7f74e0214070 fallback=0
[17:51:16:098] [47174:0000b848] [DEBUG][com.freerdp.client.x11] - [xf_input_touch_remote]: touch_remote: ev=Update id=1888 x=2092 y=1538 rdpei=0x7f74e0214070 fallback=0
[17:51:16:118] [47174:0000b848] [DEBUG][com.freerdp.client.x11] - [xf_Pointer_SetNull]: called
[17:51:16:119] [47174:0000b848] [DEBUG][com.freerdp.client.x11] - [xf_input_touch_remote]: touch_remote: ev=End id=1888 x=2092 y=1538 rdpei=0x7f74e0214070 fallback=0
[17:51:16:164] [47174:0000b848] [DEBUG][com.freerdp.client.x11] - [xf_Pointer_SetNull]: called
[17:51:16:593] [47174:0000b848] [DEBUG][com.freerdp.client.x11] - [xf_input_handle_event_remote]: checking for pen
[17:51:16:594] [47174:0000b848] [DEBUG][com.freerdp.client.x11] - [xf_input_touch_remote]: touch_remote: ev=Begin id=1889 x=2101 y=1566 rdpei=0x7f74e0214070 fallback=0
[17:51:16:594] [47174:0000b848] [DEBUG][com.freerdp.client.x11] - [xf_input_touch_remote]: touch_remote: ev=Other id=1889 x=0 y=0 rdpei=0x7f74e0214070 fallback=0
[17:51:16:603] [47174:0000b848] [DEBUG][com.freerdp.client.x11] - [xf_input_touch_remote]: touch_remote: ev=Update id=1889 x=2102 y=1566 rdpei=0x7f74e0214070 fallback=0
[17:51:16:613] [47174:0000b848] [DEBUG][com.freerdp.client.x11] - [xf_input_touch_remote]: touch_remote: ev=Update id=1889 x=2100 y=1565 rdpei=0x7f74e0214070 fallback=0
[17:51:16:624] [47174:0000b848] [DEBUG][com.freerdp.client.x11] - [xf_input_touch_remote]: touch_remote: ev=Update id=1889 x=2101 y=1566 rdpei=0x7f74e0214070 fallback=0
[17:51:16:643] [47174:0000b848] [DEBUG][com.freerdp.client.x11] - [xf_input_touch_remote]: touch_remote: ev=Update id=1889 x=2101 y=1566 rdpei=0x7f74e0214070 fallback=0
[17:51:16:653] [47174:0000b848] [DEBUG][com.freerdp.client.x11] - [xf_input_touch_remote]: touch_remote: ev=Update id=1889 x=2102 y=1565 rdpei=0x7f74e0214070 fallback=0
[17:51:16:663] [47174:0000b848] [DEBUG][com.freerdp.client.x11] - [xf_input_touch_remote]: touch_remote: ev=Update id=1889 x=2102 y=1566 rdpei=0x7f74e0214070 fallback=0
[17:51:16:673] [47174:0000b848] [DEBUG][com.freerdp.client.x11] - [xf_input_touch_remote]: touch_remote: ev=Update id=1889 x=2101 y=1567 rdpei=0x7f74e0214070 fallback=0
[17:51:16:677] [47174:0000b848] [DEBUG][com.freerdp.client.x11] - [xf_Pointer_Set]: 0x7f74e024b5e0
[17:51:16:677] [47174:0000b848] [DEBUG][com.freerdp.client.x11] - [xf_Pointer_GetCursorForCurrentScale]: scaled: 2560x1600, desktop: 2560x1600
[17:51:16:677] [47174:0000b848] [DEBUG][com.freerdp.client.x11] - [xf_Pointer_GetCursorForCurrentScale]: using cached cursor 0
[17:51:16:683] [47174:0000b848] [DEBUG][com.freerdp.client.x11] - [xf_input_touch_remote]: touch_remote: ev=Update id=1889 x=2103 y=1568 rdpei=0x7f74e0214070 fallback=0
[17:51:16:694] [47174:0000b848] [DEBUG][com.freerdp.client.x11] - [xf_input_touch_remote]: touch_remote: ev=Update id=1889 x=2104 y=1570 rdpei=0x7f74e0214070 fallback=0
[17:51:16:713] [47174:0000b848] [DEBUG][com.freerdp.client.x11] - [xf_input_touch_remote]: touch_remote: ev=End id=1889 x=2104 y=1570 rdpei=0x7f74e0214070 fallback=0
[17:51:17:229] [47174:0000b848] [DEBUG][com.freerdp.client.x11] - [xf_input_handle_event_remote]: checking for pen
[17:51:17:229] [47174:0000b848] [DEBUG][com.freerdp.client.x11] - [xf_input_touch_remote]: touch_remote: ev=Begin id=1890 x=2102 y=1573 rdpei=0x7f74e0214070 fallback=0
[17:51:17:229] [47174:0000b848] [DEBUG][com.freerdp.client.x11] - [xf_input_touch_remote]: touch_remote: ev=Other id=1890 x=0 y=0 rdpei=0x7f74e0214070 fallback=0
[17:51:17:249] [47174:0000b848] [DEBUG][com.freerdp.client.x11] - [xf_input_touch_remote]: touch_remote: ev=Update id=1890 x=2102 y=1573 rdpei=0x7f74e0214070 fallback=0
[17:51:17:268] [47174:0000b848] [DEBUG][com.freerdp.client.x11] - [xf_input_touch_remote]: touch_remote: ev=Update id=1890 x=2102 y=1573 rdpei=0x7f74e0214070 fallback=0
[17:51:17:273] [47174:0000b848] [DEBUG][com.freerdp.client.x11] - [xf_Pointer_Set]: 0x7f74e024b5e0
[17:51:17:274] [47174:0000b848] [DEBUG][com.freerdp.client.x11] - [xf_Pointer_GetCursorForCurrentScale]: scaled: 2560x1600, desktop: 2560x1600
[17:51:17:274] [47174:0000b848] [DEBUG][com.freerdp.client.x11] - [xf_Pointer_GetCursorForCurrentScale]: using cached cursor 0
[17:51:17:278] [47174:0000b848] [DEBUG][com.freerdp.client.x11] - [xf_input_touch_remote]: touch_remote: ev=Update id=1890 x=2103 y=1573 rdpei=0x7f74e0214070 fallback=0
[17:51:17:288] [47174:0000b848] [DEBUG][com.freerdp.client.x11] - [xf_input_touch_remote]: touch_remote: ev=Update id=1890 x=2102 y=1574 rdpei=0x7f74e0214070 fallback=0
[17:51:17:298] [47174:0000b848] [DEBUG][com.freerdp.client.x11] - [xf_input_touch_remote]: touch_remote: ev=Update id=1890 x=2103 y=1575 rdpei=0x7f74e0214070 fallback=0
[17:51:17:318] [47174:0000b848] [DEBUG][com.freerdp.client.x11] - [xf_Pointer_SetNull]: called
[17:51:17:329] [47174:0000b848] [DEBUG][com.freerdp.client.x11] - [xf_input_touch_remote]: touch_remote: ev=End id=1890 x=2103 y=1575 rdpei=0x7f74e0214070 fallback=0
[17:51:17:914] [47174:0000b848] [DEBUG][com.freerdp.client.x11] - [xf_input_handle_event_remote]: checking for pen
[17:51:17:915] [47174:0000b848] [DEBUG][com.freerdp.client.x11] - [xf_input_touch_remote]: touch_remote: ev=Begin id=1891 x=2092 y=1552 rdpei=0x7f74e0214070 fallback=0
[17:51:17:915] [47174:0000b848] [DEBUG][com.freerdp.client.x11] - [xf_input_touch_remote]: touch_remote: ev=Other id=1891 x=0 y=0 rdpei=0x7f74e0214070 fallback=0
[17:51:17:923] [47174:0000b848] [DEBUG][com.freerdp.client.x11] - [xf_input_touch_remote]: touch_remote: ev=Update id=1891 x=2091 y=1552 rdpei=0x7f74e0214070 fallback=0
[17:51:17:954] [47174:0000b848] [DEBUG][com.freerdp.client.x11] - [xf_input_touch_remote]: touch_remote: ev=Update id=1891 x=2092 y=1552 rdpei=0x7f74e0214070 fallback=0
[17:51:17:964] [47174:0000b848] [DEBUG][com.freerdp.client.x11] - [xf_input_touch_remote]: touch_remote: ev=Update id=1891 x=2092 y=1553 rdpei=0x7f74e0214070 fallback=0
[17:51:17:974] [47174:0000b848] [DEBUG][com.freerdp.client.x11] - [xf_input_touch_remote]: touch_remote: ev=Update id=1891 x=2092 y=1553 rdpei=0x7f74e0214070 fallback=0
[17:51:17:984] [47174:0000b848] [DEBUG][com.freerdp.client.x11] - [xf_input_touch_remote]: touch_remote: ev=Update id=1891 x=2093 y=1553 rdpei=0x7f74e0214070 fallback=0
[17:51:18:004] [47174:0000b848] [DEBUG][com.freerdp.client.x11] - [xf_input_touch_remote]: touch_remote: ev=End id=1891 x=2093 y=1553 rdpei=0x7f74e0214070 fallback=0
[17:51:18:006] [47174:0000b848] [DEBUG][com.freerdp.client.x11] - [xf_Pointer_Set]: 0x7f74e024b5e0
[17:51:18:006] [47174:0000b848] [DEBUG][com.freerdp.client.x11] - [xf_Pointer_GetCursorForCurrentScale]: scaled: 2560x1600, desktop: 2560x1600
[17:51:18:006] [47174:0000b848] [DEBUG][com.freerdp.client.x11] - [xf_Pointer_GetCursorForCurrentScale]: using cached cursor 0
[17:51:18:509] [47174:0000b848] [DEBUG][com.freerdp.client.x11] - [xf_input_handle_event_remote]: checking for pen
[17:51:18:510] [47174:0000b848] [DEBUG][com.freerdp.client.x11] - [xf_input_touch_remote]: touch_remote: ev=Begin id=1892 x=2096 y=1574 rdpei=0x7f74e0214070 fallback=0
[17:51:18:510] [47174:0000b848] [DEBUG][com.freerdp.client.x11] - [xf_input_touch_remote]: touch_remote: ev=Other id=1892 x=0 y=0 rdpei=0x7f74e0214070 fallback=0
[17:51:18:519] [47174:0000b848] [DEBUG][com.freerdp.client.x11] - [xf_input_touch_remote]: touch_remote: ev=Update id=1892 x=2095 y=1573 rdpei=0x7f74e0214070 fallback=0
[17:51:18:528] [47174:0000b848] [DEBUG][com.freerdp.client.x11] - [xf_input_touch_remote]: touch_remote: ev=Update id=1892 x=2095 y=1574 rdpei=0x7f74e0214070 fallback=0
[17:51:18:538] [47174:0000b848] [DEBUG][com.freerdp.client.x11] - [xf_input_touch_remote]: touch_remote: ev=Update id=1892 x=2096 y=1573 rdpei=0x7f74e0214070 fallback=0
[17:51:18:548] [47174:0000b848] [DEBUG][com.freerdp.client.x11] - [xf_input_touch_remote]: touch_remote: ev=Update id=1892 x=2096 y=1574 rdpei=0x7f74e0214070 fallback=0
[17:51:18:559] [47174:0000b848] [DEBUG][com.freerdp.client.x11] - [xf_input_touch_remote]: touch_remote: ev=Update id=1892 x=2096 y=1575 rdpei=0x7f74e0214070 fallback=0
[17:51:18:589] [47174:0000b848] [DEBUG][com.freerdp.client.x11] - [xf_input_touch_remote]: touch_remote: ev=End id=1892 x=2096 y=1575 rdpei=0x7f74e0214070 fallback=0
[17:51:18:591] [47174:0000b848] [DEBUG][com.freerdp.client.x11] - [xf_Pointer_SetNull]: called
[17:51:19:281] [47174:0000b848] [DEBUG][com.freerdp.client.x11] - [xf_input_handle_event_remote]: checking for pen
[17:51:19:282] [47174:0000b848] [DEBUG][com.freerdp.client.x11] - [xf_input_touch_remote]: touch_remote: ev=Begin id=1893 x=2095 y=1550 rdpei=0x7f74e0214070 fallback=0
[17:51:19:282] [47174:0000b848] [DEBUG][com.freerdp.client.x11] - [xf_input_touch_remote]: touch_remote: ev=Other id=1893 x=0 y=0 rdpei=0x7f74e0214070 fallback=0
[17:51:19:290] [47174:0000b848] [DEBUG][com.freerdp.client.x11] - [xf_input_touch_remote]: touch_remote: ev=Update id=1893 x=2093 y=1550 rdpei=0x7f74e0214070 fallback=0
[17:51:19:301] [47174:0000b848] [DEBUG][com.freerdp.client.x11] - [xf_input_touch_remote]: touch_remote: ev=Update id=1893 x=2094 y=1550 rdpei=0x7f74e0214070 fallback=0
[17:51:19:310] [47174:0000b848] [DEBUG][com.freerdp.client.x11] - [xf_input_touch_remote]: touch_remote: ev=Update id=1893 x=2094 y=1551 rdpei=0x7f74e0214070 fallback=0
[17:51:19:321] [47174:0000b848] [DEBUG][com.freerdp.client.x11] - [xf_input_touch_remote]: touch_remote: ev=Update id=1893 x=2094 y=1550 rdpei=0x7f74e0214070 fallback=0
[17:51:19:331] [47174:0000b848] [DEBUG][com.freerdp.client.x11] - [xf_input_touch_remote]: touch_remote: ev=Update id=1893 x=2095 y=1550 rdpei=0x7f74e0214070 fallback=0
[17:51:19:351] [47174:0000b848] [DEBUG][com.freerdp.client.x11] - [xf_input_touch_remote]: touch_remote: ev=Update id=1893 x=2095 y=1552 rdpei=0x7f74e0214070 fallback=0
[17:51:19:361] [47174:0000b848] [DEBUG][com.freerdp.client.x11] - [xf_input_touch_remote]: touch_remote: ev=Update id=1893 x=2096 y=1553 rdpei=0x7f74e0214070 fallback=0
[17:51:19:369] [47174:0000b848] [DEBUG][com.freerdp.client.x11] - [xf_Pointer_Set]: 0x7f74e024b5e0
[17:51:19:369] [47174:0000b848] [DEBUG][com.freerdp.client.x11] - [xf_Pointer_GetCursorForCurrentScale]: scaled: 2560x1600, desktop: 2560x1600
[17:51:19:369] [47174:0000b848] [DEBUG][com.freerdp.client.x11] - [xf_Pointer_GetCursorForCurrentScale]: using cached cursor 0
[17:51:19:381] [47174:0000b848] [DEBUG][com.freerdp.client.x11] - [xf_input_touch_remote]: touch_remote: ev=End id=1893 x=2096 y=1553 rdpei=0x7f74e0214070 fallback=0
[17:51:20:328] [47174:0000b848] [DEBUG][com.freerdp.client.x11] - [xf_Pointer_Set]: 0x7f74e024b5e0
[17:51:20:328] [47174:0000b848] [DEBUG][com.freerdp.client.x11] - [xf_Pointer_GetCursorForCurrentScale]: scaled: 2560x1600, desktop: 2560x1600
[17:51:20:328] [47174:0000b848] [DEBUG][com.freerdp.client.x11] - [xf_Pointer_GetCursorForCurrentScale]: using cached cursor 0
[17:51:20:451] [47174:0000b848] [DEBUG][com.freerdp.client.x11] - [xf_input_handle_event_remote]: checking for pen
[17:51:20:451] [47174:0000b848] [DEBUG][com.freerdp.client.x11] - [xf_input_touch_remote]: touch_remote: ev=Begin id=1894 x=2361 y=33 rdpei=0x7f74e0214070 fallback=0
[17:51:20:452] [47174:0000b848] [DEBUG][com.freerdp.client.x11] - [xf_input_touch_remote]: touch_remote: ev=Other id=1894 x=0 y=0 rdpei=0x7f74e0214070 fallback=0
[17:51:20:460] [47174:0000b848] [DEBUG][com.freerdp.client.x11] - [xf_input_touch_remote]: touch_remote: ev=Update id=1894 x=2360 y=33 rdpei=0x7f74e0214070 fallback=0
[17:51:20:470] [47174:0000b848] [DEBUG][com.freerdp.client.x11] - [xf_input_touch_remote]: touch_remote: ev=Update id=1894 x=2360 y=33 rdpei=0x7f74e0214070 fallback=0
[17:51:20:480] [47174:0000b848] [DEBUG][com.freerdp.client.x11] - [xf_input_touch_remote]: touch_remote: ev=Update id=1894 x=2361 y=32 rdpei=0x7f74e0214070 fallback=0
[17:51:20:490] [47174:0000b848] [DEBUG][com.freerdp.client.x11] - [xf_input_touch_remote]: touch_remote: ev=Update id=1894 x=2362 y=29 rdpei=0x7f74e0214070 fallback=0
[17:51:20:510] [47174:0000b848] [DEBUG][com.freerdp.client.x11] - [xf_input_touch_remote]: touch_remote: ev=End id=1894 x=2362 y=29 rdpei=0x7f74e0214070 fallback=0
[17:51:20:533] [47174:0000b848] [DEBUG][com.freerdp.client.x11] - [xf_Pointer_SetNull]: called
[17:51:20:661] [47174:0000b861] [DEBUG][com.freerdp.channels.rdpgfx.client] - [rdpgfx_recv_evict_cache_entry_pdu]: RecvEvictCacheEntryPdu: cacheSlot: 261
[17:51:20:661] [47174:0000b861] [DEBUG][com.freerdp.channels.rdpgfx.client] - [rdpgfx_recv_evict_cache_entry_pdu]: RecvEvictCacheEntryPdu: cacheSlot: 262
[17:51:20:661] [47174:0000b861] [DEBUG][com.freerdp.gdi.region] - [gdi_CRgnToRect]: Invisible rectangle 2432x0-2495x0
[17:51:20:743] [47174:0000b861] [DEBUG][com.freerdp.channels.rdpgfx.client] - [rdpgfx_recv_evict_cache_entry_pdu]: RecvEvictCacheEntryPdu: cacheSlot: 263
[17:51:20:744] [47174:0000b861] [DEBUG][com.freerdp.channels.rdpgfx.client] - [rdpgfx_recv_evict_cache_entry_pdu]: RecvEvictCacheEntryPdu: cacheSlot: 264
[17:51:20:744] [47174:0000b861] [DEBUG][com.freerdp.channels.rdpgfx.client] - [rdpgfx_recv_evict_cache_entry_pdu]: RecvEvictCacheEntryPdu: cacheSlot: 265
[17:51:20:744] [47174:0000b861] [DEBUG][com.freerdp.channels.rdpgfx.client] - [rdpgfx_recv_evict_cache_entry_pdu]: RecvEvictCacheEntryPdu: cacheSlot: 266
[17:51:20:744] [47174:0000b861] [DEBUG][com.freerdp.channels.rdpgfx.client] - [rdpgfx_recv_evict_cache_entry_pdu]: RecvEvictCacheEntryPdu: cacheSlot: 267
[17:51:20:744] [47174:0000b861] [DEBUG][com.freerdp.channels.rdpgfx.client] - [rdpgfx_recv_evict_cache_entry_pdu]: RecvEvictCacheEntryPdu: cacheSlot: 268
[17:51:20:744] [47174:0000b861] [DEBUG][com.freerdp.channels.rdpgfx.client] - [rdpgfx_recv_evict_cache_entry_pdu]: RecvEvictCacheEntryPdu: cacheSlot: 269
[17:51:20:744] [47174:0000b861] [DEBUG][com.freerdp.channels.rdpgfx.client] - [rdpgfx_recv_evict_cache_entry_pdu]: RecvEvictCacheEntryPdu: cacheSlot: 270
[17:51:20:744] [47174:0000b861] [DEBUG][com.freerdp.channels.rdpgfx.client] - [rdpgfx_recv_evict_cache_entry_pdu]: RecvEvictCacheEntryPdu: cacheSlot: 271
[17:51:20:744] [47174:0000b861] [DEBUG][com.freerdp.channels.rdpgfx.client] - [rdpgfx_recv_evict_cache_entry_pdu]: RecvEvictCacheEntryPdu: cacheSlot: 272
[17:51:20:744] [47174:0000b861] [DEBUG][com.freerdp.channels.rdpgfx.client] - [rdpgfx_recv_evict_cache_entry_pdu]: RecvEvictCacheEntryPdu: cacheSlot: 273
[17:51:20:744] [47174:0000b861] [DEBUG][com.freerdp.channels.rdpgfx.client] - [rdpgfx_recv_evict_cache_entry_pdu]: RecvEvictCacheEntryPdu: cacheSlot: 274
[17:51:20:744] [47174:0000b861] [DEBUG][com.freerdp.channels.rdpgfx.client] - [rdpgfx_recv_evict_cache_entry_pdu]: RecvEvictCacheEntryPdu: cacheSlot: 275
[17:51:20:744] [47174:0000b861] [DEBUG][com.freerdp.channels.rdpgfx.client] - [rdpgfx_recv_evict_cache_entry_pdu]: RecvEvictCacheEntryPdu: cacheSlot: 276
[17:51:20:744] [47174:0000b861] [DEBUG][com.freerdp.channels.rdpgfx.client] - [rdpgfx_recv_evict_cache_entry_pdu]: RecvEvictCacheEntryPdu: cacheSlot: 277
[17:51:20:744] [47174:0000b861] [DEBUG][com.freerdp.channels.rdpgfx.client] - [rdpgfx_recv_evict_cache_entry_pdu]: RecvEvictCacheEntryPdu: cacheSlot: 278
[17:51:20:744] [47174:0000b861] [DEBUG][com.freerdp.channels.rdpgfx.client] - [rdpgfx_recv_evict_cache_entry_pdu]: RecvEvictCacheEntryPdu: cacheSlot: 279
[17:51:20:744] [47174:0000b861] [DEBUG][com.freerdp.channels.rdpgfx.client] - [rdpgfx_recv_evict_cache_entry_pdu]: RecvEvictCacheEntryPdu: cacheSlot: 280
[17:51:20:744] [47174:0000b861] [DEBUG][com.freerdp.channels.rdpgfx.client] - [rdpgfx_recv_evict_cache_entry_pdu]: RecvEvictCacheEntryPdu: cacheSlot: 281
[17:51:20:744] [47174:0000b861] [DEBUG][com.freerdp.channels.rdpgfx.client] - [rdpgfx_recv_evict_cache_entry_pdu]: RecvEvictCacheEntryPdu: cacheSlot: 282
[17:51:20:744] [47174:0000b861] [DEBUG][com.freerdp.channels.rdpgfx.client] - [rdpgfx_recv_evict_cache_entry_pdu]: RecvEvictCacheEntryPdu: cacheSlot: 283
[17:51:20:744] [47174:0000b861] [DEBUG][com.freerdp.channels.rdpgfx.client] - [rdpgfx_recv_evict_cache_entry_pdu]: RecvEvictCacheEntryPdu: cacheSlot: 284
[17:51:20:744] [47174:0000b861] [DEBUG][com.freerdp.channels.rdpgfx.client] - [rdpgfx_recv_evict_cache_entry_pdu]: RecvEvictCacheEntryPdu: cacheSlot: 285
[17:51:20:744] [47174:0000b861] [DEBUG][com.freerdp.channels.rdpgfx.client] - [rdpgfx_recv_evict_cache_entry_pdu]: RecvEvictCacheEntryPdu: cacheSlot: 286
[17:51:20:744] [47174:0000b861] [DEBUG][com.freerdp.channels.rdpgfx.client] - [rdpgfx_recv_evict_cache_entry_pdu]: RecvEvictCacheEntryPdu: cacheSlot: 287
[17:51:20:744] [47174:0000b861] [DEBUG][com.freerdp.channels.rdpgfx.client] - [rdpgfx_recv_evict_cache_entry_pdu]: RecvEvictCacheEntryPdu: cacheSlot: 288
[17:51:20:744] [47174:0000b861] [DEBUG][com.freerdp.channels.rdpgfx.client] - [rdpgfx_recv_evict_cache_entry_pdu]: RecvEvictCacheEntryPdu: cacheSlot: 289
[17:51:20:744] [47174:0000b861] [DEBUG][com.freerdp.channels.rdpgfx.client] - [rdpgfx_recv_evict_cache_entry_pdu]: RecvEvictCacheEntryPdu: cacheSlot: 290
[17:51:20:744] [47174:0000b861] [DEBUG][com.freerdp.channels.rdpgfx.client] - [rdpgfx_recv_evict_cache_entry_pdu]: RecvEvictCacheEntryPdu: cacheSlot: 291
[17:51:20:744] [47174:0000b861] [DEBUG][com.freerdp.channels.rdpgfx.client] - [rdpgfx_recv_evict_cache_entry_pdu]: RecvEvictCacheEntryPdu: cacheSlot: 292
[17:51:20:744] [47174:0000b861] [DEBUG][com.freerdp.channels.rdpgfx.client] - [rdpgfx_recv_evict_cache_entry_pdu]: RecvEvictCacheEntryPdu: cacheSlot: 293
[17:51:20:744] [47174:0000b861] [DEBUG][com.freerdp.channels.rdpgfx.client] - [rdpgfx_recv_evict_cache_entry_pdu]: RecvEvictCacheEntryPdu: cacheSlot: 294
[17:51:20:744] [47174:0000b861] [DEBUG][com.freerdp.channels.rdpgfx.client] - [rdpgfx_recv_evict_cache_entry_pdu]: RecvEvictCacheEntryPdu: cacheSlot: 295
[17:51:20:744] [47174:0000b861] [DEBUG][com.freerdp.channels.rdpgfx.client] - [rdpgfx_recv_evict_cache_entry_pdu]: RecvEvictCacheEntryPdu: cacheSlot: 296
[17:51:20:744] [47174:0000b861] [DEBUG][com.freerdp.channels.rdpgfx.client] - [rdpgfx_recv_evict_cache_entry_pdu]: RecvEvictCacheEntryPdu: cacheSlot: 297
[17:51:20:744] [47174:0000b861] [DEBUG][com.freerdp.channels.rdpgfx.client] - [rdpgfx_recv_evict_cache_entry_pdu]: RecvEvictCacheEntryPdu: cacheSlot: 298
[17:51:20:744] [47174:0000b861] [DEBUG][com.freerdp.channels.rdpgfx.client] - [rdpgfx_recv_evict_cache_entry_pdu]: RecvEvictCacheEntryPdu: cacheSlot: 299
[17:51:20:745] [47174:0000b861] [DEBUG][com.freerdp.channels.rdpgfx.client] - [rdpgfx_recv_evict_cache_entry_pdu]: RecvEvictCacheEntryPdu: cacheSlot: 300
[17:51:20:745] [47174:0000b861] [DEBUG][com.freerdp.channels.rdpgfx.client] - [rdpgfx_recv_evict_cache_entry_pdu]: RecvEvictCacheEntryPdu: cacheSlot: 301
[17:51:20:745] [47174:0000b861] [DEBUG][com.freerdp.channels.rdpgfx.client] - [rdpgfx_recv_evict_cache_entry_pdu]: RecvEvictCacheEntryPdu: cacheSlot: 302
[17:51:20:745] [47174:0000b861] [DEBUG][com.freerdp.channels.rdpgfx.client] - [rdpgfx_recv_evict_cache_entry_pdu]: RecvEvictCacheEntryPdu: cacheSlot: 303
[17:51:20:745] [47174:0000b861] [DEBUG][com.freerdp.channels.rdpgfx.client] - [rdpgfx_recv_evict_cache_entry_pdu]: RecvEvictCacheEntryPdu: cacheSlot: 304
[17:51:20:745] [47174:0000b861] [DEBUG][com.freerdp.channels.rdpgfx.client] - [rdpgfx_recv_evict_cache_entry_pdu]: RecvEvictCacheEntryPdu: cacheSlot: 305
[17:51:20:745] [47174:0000b861] [DEBUG][com.freerdp.channels.rdpgfx.client] - [rdpgfx_recv_evict_cache_entry_pdu]: RecvEvictCacheEntryPdu: cacheSlot: 306
[17:51:20:745] [47174:0000b861] [DEBUG][com.freerdp.channels.rdpgfx.client] - [rdpgfx_recv_evict_cache_entry_pdu]: RecvEvictCacheEntryPdu: cacheSlot: 307
[17:51:20:745] [47174:0000b861] [DEBUG][com.freerdp.channels.rdpgfx.client] - [rdpgfx_recv_evict_cache_entry_pdu]: RecvEvictCacheEntryPdu: cacheSlot: 308
[17:51:20:745] [47174:0000b861] [DEBUG][com.freerdp.channels.rdpgfx.client] - [rdpgfx_recv_evict_cache_entry_pdu]: RecvEvictCacheEntryPdu: cacheSlot: 309
[17:51:20:745] [47174:0000b861] [DEBUG][com.freerdp.channels.rdpgfx.client] - [rdpgfx_recv_evict_cache_entry_pdu]: RecvEvictCacheEntryPdu: cacheSlot: 310
[17:51:20:745] [47174:0000b861] [DEBUG][com.freerdp.channels.rdpgfx.client] - [rdpgfx_recv_evict_cache_entry_pdu]: RecvEvictCacheEntryPdu: cacheSlot: 311
[17:51:20:745] [47174:0000b861] [DEBUG][com.freerdp.channels.rdpgfx.client] - [rdpgfx_recv_evict_cache_entry_pdu]: RecvEvictCacheEntryPdu: cacheSlot: 312
[17:51:20:745] [47174:0000b861] [DEBUG][com.freerdp.channels.rdpgfx.client] - [rdpgfx_recv_evict_cache_entry_pdu]: RecvEvictCacheEntryPdu: cacheSlot: 313
[17:51:20:745] [47174:0000b861] [DEBUG][com.freerdp.channels.rdpgfx.client] - [rdpgfx_recv_evict_cache_entry_pdu]: RecvEvictCacheEntryPdu: cacheSlot: 314
[17:51:20:745] [47174:0000b861] [DEBUG][com.freerdp.channels.rdpgfx.client] - [rdpgfx_recv_evict_cache_entry_pdu]: RecvEvictCacheEntryPdu: cacheSlot: 315
[17:51:20:745] [47174:0000b861] [DEBUG][com.freerdp.channels.rdpgfx.client] - [rdpgfx_recv_evict_cache_entry_pdu]: RecvEvictCacheEntryPdu: cacheSlot: 316
[17:51:20:745] [47174:0000b861] [DEBUG][com.freerdp.channels.rdpgfx.client] - [rdpgfx_recv_evict_cache_entry_pdu]: RecvEvictCacheEntryPdu: cacheSlot: 317
[17:51:20:745] [47174:0000b861] [DEBUG][com.freerdp.channels.rdpgfx.client] - [rdpgfx_recv_evict_cache_entry_pdu]: RecvEvictCacheEntryPdu: cacheSlot: 318
[17:51:20:745] [47174:0000b861] [DEBUG][com.freerdp.channels.rdpgfx.client] - [rdpgfx_recv_evict_cache_entry_pdu]: RecvEvictCacheEntryPdu: cacheSlot: 319
[17:51:20:745] [47174:0000b861] [DEBUG][com.freerdp.channels.rdpgfx.client] - [rdpgfx_recv_evict_cache_entry_pdu]: RecvEvictCacheEntryPdu: cacheSlot: 320
[17:51:20:745] [47174:0000b861] [DEBUG][com.freerdp.channels.rdpgfx.client] - [rdpgfx_recv_evict_cache_entry_pdu]: RecvEvictCacheEntryPdu: cacheSlot: 321
[17:51:20:745] [47174:0000b861] [DEBUG][com.freerdp.channels.rdpgfx.client] - [rdpgfx_recv_evict_cache_entry_pdu]: RecvEvictCacheEntryPdu: cacheSlot: 322
[17:51:20:745] [47174:0000b861] [DEBUG][com.freerdp.channels.rdpgfx.client] - [rdpgfx_recv_evict_cache_entry_pdu]: RecvEvictCacheEntryPdu: cacheSlot: 323
[17:51:20:745] [47174:0000b861] [DEBUG][com.freerdp.channels.rdpgfx.client] - [rdpgfx_recv_evict_cache_entry_pdu]: RecvEvictCacheEntryPdu: cacheSlot: 324
[17:51:20:745] [47174:0000b861] [DEBUG][com.freerdp.channels.rdpgfx.client] - [rdpgfx_recv_evict_cache_entry_pdu]: RecvEvictCacheEntryPdu: cacheSlot: 325
[17:51:20:745] [47174:0000b861] [DEBUG][com.freerdp.channels.rdpgfx.client] - [rdpgfx_recv_evict_cache_entry_pdu]: RecvEvictCacheEntryPdu: cacheSlot: 326
[17:51:20:745] [47174:0000b861] [DEBUG][com.freerdp.channels.rdpgfx.client] - [rdpgfx_recv_evict_cache_entry_pdu]: RecvEvictCacheEntryPdu: cacheSlot: 327
[17:51:20:746] [47174:0000b861] [DEBUG][com.freerdp.channels.rdpgfx.client] - [rdpgfx_recv_evict_cache_entry_pdu]: RecvEvictCacheEntryPdu: cacheSlot: 328
[17:51:20:746] [47174:0000b861] [DEBUG][com.freerdp.channels.rdpgfx.client] - [rdpgfx_recv_evict_cache_entry_pdu]: RecvEvictCacheEntryPdu: cacheSlot: 329
[17:51:20:746] [47174:0000b861] [DEBUG][com.freerdp.channels.rdpgfx.client] - [rdpgfx_recv_evict_cache_entry_pdu]: RecvEvictCacheEntryPdu: cacheSlot: 330
[17:51:20:746] [47174:0000b861] [DEBUG][com.freerdp.channels.rdpgfx.client] - [rdpgfx_recv_evict_cache_entry_pdu]: RecvEvictCacheEntryPdu: cacheSlot: 331
[17:51:20:746] [47174:0000b861] [DEBUG][com.freerdp.channels.rdpgfx.client] - [rdpgfx_recv_evict_cache_entry_pdu]: RecvEvictCacheEntryPdu: cacheSlot: 332
[17:51:20:746] [47174:0000b861] [DEBUG][com.freerdp.channels.rdpgfx.client] - [rdpgfx_recv_evict_cache_entry_pdu]: RecvEvictCacheEntryPdu: cacheSlot: 333
[17:51:20:746] [47174:0000b861] [DEBUG][com.freerdp.channels.rdpgfx.client] - [rdpgfx_recv_evict_cache_entry_pdu]: RecvEvictCacheEntryPdu: cacheSlot: 334
[17:51:20:746] [47174:0000b861] [DEBUG][com.freerdp.channels.rdpgfx.client] - [rdpgfx_recv_evict_cache_entry_pdu]: RecvEvictCacheEntryPdu: cacheSlot: 335
[17:51:20:746] [47174:0000b861] [DEBUG][com.freerdp.channels.rdpgfx.client] - [rdpgfx_recv_evict_cache_entry_pdu]: RecvEvictCacheEntryPdu: cacheSlot: 336
[17:51:20:746] [47174:0000b861] [DEBUG][com.freerdp.channels.rdpgfx.client] - [rdpgfx_recv_evict_cache_entry_pdu]: RecvEvictCacheEntryPdu: cacheSlot: 337
[17:51:20:746] [47174:0000b861] [DEBUG][com.freerdp.channels.rdpgfx.client] - [rdpgfx_recv_evict_cache_entry_pdu]: RecvEvictCacheEntryPdu: cacheSlot: 338
[17:51:20:746] [47174:0000b861] [DEBUG][com.freerdp.channels.rdpgfx.client] - [rdpgfx_recv_evict_cache_entry_pdu]: RecvEvictCacheEntryPdu: cacheSlot: 339
[17:51:20:746] [47174:0000b861] [DEBUG][com.freerdp.channels.rdpgfx.client] - [rdpgfx_recv_evict_cache_entry_pdu]: RecvEvictCacheEntryPdu: cacheSlot: 340
[17:51:20:746] [47174:0000b861] [DEBUG][com.freerdp.channels.rdpgfx.client] - [rdpgfx_recv_evict_cache_entry_pdu]: RecvEvictCacheEntryPdu: cacheSlot: 341
[17:51:20:746] [47174:0000b861] [DEBUG][com.freerdp.channels.rdpgfx.client] - [rdpgfx_recv_evict_cache_entry_pdu]: RecvEvictCacheEntryPdu: cacheSlot: 342
[17:51:20:746] [47174:0000b861] [DEBUG][com.freerdp.channels.rdpgfx.client] - [rdpgfx_recv_evict_cache_entry_pdu]: RecvEvictCacheEntryPdu: cacheSlot: 343
[17:51:20:746] [47174:0000b861] [DEBUG][com.freerdp.channels.rdpgfx.client] - [rdpgfx_recv_evict_cache_entry_pdu]: RecvEvictCacheEntryPdu: cacheSlot: 344
[17:51:20:746] [47174:0000b861] [DEBUG][com.freerdp.channels.rdpgfx.client] - [rdpgfx_recv_evict_cache_entry_pdu]: RecvEvictCacheEntryPdu: cacheSlot: 345
[17:51:20:746] [47174:0000b861] [DEBUG][com.freerdp.channels.rdpgfx.client] - [rdpgfx_recv_evict_cache_entry_pdu]: RecvEvictCacheEntryPdu: cacheSlot: 346
[17:51:20:746] [47174:0000b861] [DEBUG][com.freerdp.channels.rdpgfx.client] - [rdpgfx_recv_evict_cache_entry_pdu]: RecvEvictCacheEntryPdu: cacheSlot: 347
[17:51:20:746] [47174:0000b861] [DEBUG][com.freerdp.channels.rdpgfx.client] - [rdpgfx_recv_evict_cache_entry_pdu]: RecvEvictCacheEntryPdu: cacheSlot: 348
[17:51:20:746] [47174:0000b861] [DEBUG][com.freerdp.channels.rdpgfx.client] - [rdpgfx_recv_evict_cache_entry_pdu]: RecvEvictCacheEntryPdu: cacheSlot: 349
[17:51:20:746] [47174:0000b861] [DEBUG][com.freerdp.channels.rdpgfx.client] - [rdpgfx_recv_evict_cache_entry_pdu]: RecvEvictCacheEntryPdu: cacheSlot: 350
[17:51:20:775] [47174:0000b861] [DEBUG][com.freerdp.channels.rdpgfx.client] - [rdpgfx_recv_evict_cache_entry_pdu]: RecvEvictCacheEntryPdu: cacheSlot: 351
[17:51:20:775] [47174:0000b861] [DEBUG][com.freerdp.channels.rdpgfx.client] - [rdpgfx_recv_evict_cache_entry_pdu]: RecvEvictCacheEntryPdu: cacheSlot: 352
[17:51:20:775] [47174:0000b861] [DEBUG][com.freerdp.channels.rdpgfx.client] - [rdpgfx_recv_evict_cache_entry_pdu]: RecvEvictCacheEntryPdu: cacheSlot: 358
[17:51:20:775] [47174:0000b861] [DEBUG][com.freerdp.channels.rdpgfx.client] - [rdpgfx_recv_evict_cache_entry_pdu]: RecvEvictCacheEntryPdu: cacheSlot: 359
[17:51:20:775] [47174:0000b861] [DEBUG][com.freerdp.channels.rdpgfx.client] - [rdpgfx_recv_evict_cache_entry_pdu]: RecvEvictCacheEntryPdu: cacheSlot: 360
[17:51:20:775] [47174:0000b861] [DEBUG][com.freerdp.channels.rdpgfx.client] - [rdpgfx_recv_evict_cache_entry_pdu]: RecvEvictCacheEntryPdu: cacheSlot: 361
[17:51:20:775] [47174:0000b861] [DEBUG][com.freerdp.channels.rdpgfx.client] - [rdpgfx_recv_evict_cache_entry_pdu]: RecvEvictCacheEntryPdu: cacheSlot: 362
[17:51:20:776] [47174:0000b861] [DEBUG][com.freerdp.channels.rdpgfx.client] - [rdpgfx_recv_evict_cache_entry_pdu]: RecvEvictCacheEntryPdu: cacheSlot: 363
[17:51:20:776] [47174:0000b861] [DEBUG][com.freerdp.channels.rdpgfx.client] - [rdpgfx_recv_evict_cache_entry_pdu]: RecvEvictCacheEntryPdu: cacheSlot: 364
[17:51:20:776] [47174:0000b861] [DEBUG][com.freerdp.channels.rdpgfx.client] - [rdpgfx_recv_evict_cache_entry_pdu]: RecvEvictCacheEntryPdu: cacheSlot: 365
[17:51:20:776] [47174:0000b861] [DEBUG][com.freerdp.channels.rdpgfx.client] - [rdpgfx_recv_evict_cache_entry_pdu]: RecvEvictCacheEntryPdu: cacheSlot: 366
[17:51:20:776] [47174:0000b861] [DEBUG][com.freerdp.channels.rdpgfx.client] - [rdpgfx_recv_evict_cache_entry_pdu]: RecvEvictCacheEntryPdu: cacheSlot: 367
[17:51:20:776] [47174:0000b861] [DEBUG][com.freerdp.channels.rdpgfx.client] - [rdpgfx_recv_evict_cache_entry_pdu]: RecvEvictCacheEntryPdu: cacheSlot: 368
[17:51:20:776] [47174:0000b861] [DEBUG][com.freerdp.channels.rdpgfx.client] - [rdpgfx_recv_evict_cache_entry_pdu]: RecvEvictCacheEntryPdu: cacheSlot: 369
[17:51:20:776] [47174:0000b861] [DEBUG][com.freerdp.channels.rdpgfx.client] - [rdpgfx_recv_evict_cache_entry_pdu]: RecvEvictCacheEntryPdu: cacheSlot: 376
[17:51:20:776] [47174:0000b861] [DEBUG][com.freerdp.channels.rdpgfx.client] - [rdpgfx_recv_evict_cache_entry_pdu]: RecvEvictCacheEntryPdu: cacheSlot: 377
[17:51:20:776] [47174:0000b861] [DEBUG][com.freerdp.channels.rdpgfx.client] - [rdpgfx_recv_evict_cache_entry_pdu]: RecvEvictCacheEntryPdu: cacheSlot: 378
[17:51:20:776] [47174:0000b861] [DEBUG][com.freerdp.channels.rdpgfx.client] - [rdpgfx_recv_evict_cache_entry_pdu]: RecvEvictCacheEntryPdu: cacheSlot: 379
[17:51:20:776] [47174:0000b861] [DEBUG][com.freerdp.channels.rdpgfx.client] - [rdpgfx_recv_evict_cache_entry_pdu]: RecvEvictCacheEntryPdu: cacheSlot: 380
[17:51:20:776] [47174:0000b861] [DEBUG][com.freerdp.channels.rdpgfx.client] - [rdpgfx_recv_evict_cache_entry_pdu]: RecvEvictCacheEntryPdu: cacheSlot: 381
[17:51:20:776] [47174:0000b861] [DEBUG][com.freerdp.channels.rdpgfx.client] - [rdpgfx_recv_evict_cache_entry_pdu]: RecvEvictCacheEntryPdu: cacheSlot: 382
[17:51:20:776] [47174:0000b861] [DEBUG][com.freerdp.channels.rdpgfx.client] - [rdpgfx_recv_evict_cache_entry_pdu]: RecvEvictCacheEntryPdu: cacheSlot: 383
[17:51:20:776] [47174:0000b861] [DEBUG][com.freerdp.channels.rdpgfx.client] - [rdpgfx_recv_evict_cache_entry_pdu]: RecvEvictCacheEntryPdu: cacheSlot: 384
[17:51:20:776] [47174:0000b861] [DEBUG][com.freerdp.channels.rdpgfx.client] - [rdpgfx_recv_evict_cache_entry_pdu]: RecvEvictCacheEntryPdu: cacheSlot: 385
[17:51:20:776] [47174:0000b861] [DEBUG][com.freerdp.channels.rdpgfx.client] - [rdpgfx_recv_evict_cache_entry_pdu]: RecvEvictCacheEntryPdu: cacheSlot: 386
[17:51:20:776] [47174:0000b861] [DEBUG][com.freerdp.channels.rdpgfx.client] - [rdpgfx_recv_evict_cache_entry_pdu]: RecvEvictCacheEntryPdu: cacheSlot: 387
[17:51:20:776] [47174:0000b861] [DEBUG][com.freerdp.channels.rdpgfx.client] - [rdpgfx_recv_evict_cache_entry_pdu]: RecvEvictCacheEntryPdu: cacheSlot: 394
[17:51:20:776] [47174:0000b861] [DEBUG][com.freerdp.channels.rdpgfx.client] - [rdpgfx_recv_evict_cache_entry_pdu]: RecvEvictCacheEntryPdu: cacheSlot: 395
[17:51:20:776] [47174:0000b861] [DEBUG][com.freerdp.channels.rdpgfx.client] - [rdpgfx_recv_evict_cache_entry_pdu]: RecvEvictCacheEntryPdu: cacheSlot: 396
[17:51:20:926] [47174:0000b861] [DEBUG][com.freerdp.channels.rdpgfx.client] - [rdpgfx_recv_evict_cache_entry_pdu]: RecvEvictCacheEntryPdu: cacheSlot: 397
[17:51:20:926] [47174:0000b861] [DEBUG][com.freerdp.channels.rdpgfx.client] - [rdpgfx_recv_evict_cache_entry_pdu]: RecvEvictCacheEntryPdu: cacheSlot: 398
[17:51:21:070] [47174:0000b861] [DEBUG][com.freerdp.channels.rdpgfx.client] - [rdpgfx_recv_evict_cache_entry_pdu]: RecvEvictCacheEntryPdu: cacheSlot: 399
[17:51:21:071] [47174:0000b861] [DEBUG][com.freerdp.channels.rdpgfx.client] - [rdpgfx_recv_evict_cache_entry_pdu]: RecvEvictCacheEntryPdu: cacheSlot: 400
[17:51:21:287] [47174:0000b848] [DEBUG][com.freerdp.client.x11] - [xf_input_handle_event_remote]: checking for pen
[17:51:21:288] [47174:0000b848] [DEBUG][com.freerdp.client.x11] - [xf_input_touch_remote]: touch_remote: ev=Begin id=1895 x=2320 y=44 rdpei=0x7f74e0214070 fallback=0
[17:51:21:288] [47174:0000b848] [DEBUG][com.freerdp.client.x11] - [xf_input_touch_remote]: touch_remote: ev=Other id=1895 x=0 y=0 rdpei=0x7f74e0214070 fallback=0
[17:51:21:297] [47174:0000b848] [DEBUG][com.freerdp.client.x11] - [xf_input_touch_remote]: touch_remote: ev=Update id=1895 x=2320 y=45 rdpei=0x7f74e0214070 fallback=0
[17:51:21:307] [47174:0000b848] [DEBUG][com.freerdp.client.x11] - [xf_input_touch_remote]: touch_remote: ev=Update id=1895 x=2320 y=44 rdpei=0x7f74e0214070 fallback=0
[17:51:21:327] [47174:0000b848] [DEBUG][com.freerdp.client.x11] - [xf_input_touch_remote]: touch_remote: ev=Update id=1895 x=2320 y=44 rdpei=0x7f74e0214070 fallback=0
[17:51:21:337] [47174:0000b848] [DEBUG][com.freerdp.client.x11] - [xf_input_touch_remote]: touch_remote: ev=Update id=1895 x=2320 y=44 rdpei=0x7f74e0214070 fallback=0
[17:51:21:347] [47174:0000b848] [DEBUG][com.freerdp.client.x11] - [xf_input_touch_remote]: touch_remote: ev=Update id=1895 x=2320 y=44 rdpei=0x7f74e0214070 fallback=0
[17:51:21:357] [47174:0000b848] [DEBUG][com.freerdp.client.x11] - [xf_input_touch_remote]: touch_remote: ev=Update id=1895 x=2324 y=43 rdpei=0x7f74e0214070 fallback=0
[17:51:21:372] [47174:0000b848] [DEBUG][com.freerdp.client.x11] - [xf_Pointer_Set]: 0x7f74e024b5e0
[17:51:21:373] [47174:0000b848] [DEBUG][com.freerdp.client.x11] - [xf_Pointer_GetCursorForCurrentScale]: scaled: 2560x1600, desktop: 2560x1600
[17:51:21:373] [47174:0000b848] [DEBUG][com.freerdp.client.x11] - [xf_Pointer_GetCursorForCurrentScale]: using cached cursor 0
[17:51:21:377] [47174:0000b848] [DEBUG][com.freerdp.client.x11] - [xf_input_touch_remote]: touch_remote: ev=End id=1895 x=2324 y=43 rdpei=0x7f74e0214070 fallback=0
[17:51:22:084] [47174:0000b848] [DEBUG][com.freerdp.client.x11] - [xf_input_handle_event_remote]: checking for pen
[17:51:22:084] [47174:0000b848] [DEBUG][com.freerdp.client.x11] - [xf_input_touch_remote]: touch_remote: ev=Begin id=1896 x=2321 y=32 rdpei=0x7f74e0214070 fallback=0
[17:51:22:085] [47174:0000b848] [DEBUG][com.freerdp.client.x11] - [xf_input_touch_remote]: touch_remote: ev=Other id=1896 x=0 y=0 rdpei=0x7f74e0214070 fallback=0
[17:51:22:093] [47174:0000b848] [DEBUG][com.freerdp.client.x11] - [xf_input_touch_remote]: touch_remote: ev=Update id=1896 x=2321 y=33 rdpei=0x7f74e0214070 fallback=0
[17:51:22:103] [47174:0000b848] [DEBUG][com.freerdp.client.x11] - [xf_input_touch_remote]: touch_remote: ev=Update id=1896 x=2321 y=32 rdpei=0x7f74e0214070 fallback=0
[17:51:22:114] [47174:0000b848] [DEBUG][com.freerdp.client.x11] - [xf_input_touch_remote]: touch_remote: ev=Update id=1896 x=2321 y=32 rdpei=0x7f74e0214070 fallback=0
[17:51:22:123] [47174:0000b848] [DEBUG][com.freerdp.client.x11] - [xf_input_touch_remote]: touch_remote: ev=Update id=1896 x=2321 y=33 rdpei=0x7f74e0214070 fallback=0
[17:51:22:133] [47174:0000b848] [DEBUG][com.freerdp.client.x11] - [xf_input_touch_remote]: touch_remote: ev=Update id=1896 x=2321 y=32 rdpei=0x7f74e0214070 fallback=0
[17:51:22:143] [47174:0000b848] [DEBUG][com.freerdp.client.x11] - [xf_input_touch_remote]: touch_remote: ev=Update id=1896 x=2322 y=31 rdpei=0x7f74e0214070 fallback=0
[17:51:22:164] [47174:0000b848] [DEBUG][com.freerdp.client.x11] - [xf_input_touch_remote]: touch_remote: ev=End id=1896 x=2322 y=31 rdpei=0x7f74e0214070 fallback=0
[17:51:22:171] [47174:0000b848] [DEBUG][com.freerdp.client.x11] - [xf_Pointer_SetNull]: called
[17:51:22:245] [47174:0000b848] [DEBUG][com.freerdp.client.x11] - [xf_input_handle_event_remote]: checking for pen
[17:51:22:245] [47174:0000b848] [DEBUG][com.freerdp.client.x11] - [xf_input_touch_remote]: touch_remote: ev=Begin id=1897 x=2316 y=29 rdpei=0x7f74e0214070 fallback=0
[17:51:22:245] [47174:0000b848] [DEBUG][com.freerdp.client.x11] - [xf_input_touch_remote]: touch_remote: ev=Other id=1897 x=0 y=0 rdpei=0x7f74e0214070 fallback=0
[17:51:22:255] [47174:0000b848] [DEBUG][com.freerdp.client.x11] - [xf_input_touch_remote]: touch_remote: ev=Update id=1897 x=2316 y=29 rdpei=0x7f74e0214070 fallback=0
[17:51:22:274] [47174:0000b848] [DEBUG][com.freerdp.client.x11] - [xf_input_touch_remote]: touch_remote: ev=Update id=1897 x=2316 y=30 rdpei=0x7f74e0214070 fallback=0
[17:51:22:284] [47174:0000b848] [DEBUG][com.freerdp.client.x11] - [xf_input_touch_remote]: touch_remote: ev=Update id=1897 x=2316 y=30 rdpei=0x7f74e0214070 fallback=0
[17:51:22:295] [47174:0000b848] [DEBUG][com.freerdp.client.x11] - [xf_input_touch_remote]: touch_remote: ev=Update id=1897 x=2316 y=29 rdpei=0x7f74e0214070 fallback=0
[17:51:22:304] [47174:0000b848] [DEBUG][com.freerdp.client.x11] - [xf_input_touch_remote]: touch_remote: ev=Update id=1897 x=2316 y=29 rdpei=0x7f74e0214070 fallback=0
[17:51:22:307] [47174:0000b861] [DEBUG][com.freerdp.channels.rdpgfx.client] - [rdpgfx_recv_evict_cache_entry_pdu]: RecvEvictCacheEntryPdu: cacheSlot: 401
[17:51:22:307] [47174:0000b861] [DEBUG][com.freerdp.channels.rdpgfx.client] - [rdpgfx_recv_evict_cache_entry_pdu]: RecvEvictCacheEntryPdu: cacheSlot: 402
[17:51:22:307] [47174:0000b861] [DEBUG][com.freerdp.channels.rdpgfx.client] - [rdpgfx_recv_evict_cache_entry_pdu]: RecvEvictCacheEntryPdu: cacheSlot: 404
[17:51:22:325] [47174:0000b848] [DEBUG][com.freerdp.client.x11] - [xf_input_touch_remote]: touch_remote: ev=End id=1897 x=2316 y=29 rdpei=0x7f74e0214070 fallback=0
[17:51:22:343] [47174:0000b848] [DEBUG][com.freerdp.client.x11] - [xf_Pointer_Set]: 0x7f74e024b5e0
[17:51:22:343] [47174:0000b848] [DEBUG][com.freerdp.client.x11] - [xf_Pointer_GetCursorForCurrentScale]: scaled: 2560x1600, desktop: 2560x1600
[17:51:22:343] [47174:0000b848] [DEBUG][com.freerdp.client.x11] - [xf_Pointer_GetCursorForCurrentScale]: using cached cursor 0
[17:51:22:343] [47174:0000b848] [DEBUG][com.freerdp.client.x11] - [xf_Pointer_SetNull]: called
[17:51:22:714] [47174:0000b861] [DEBUG][com.freerdp.channels.rdpgfx.client] - [rdpgfx_recv_evict_cache_entry_pdu]: RecvEvictCacheEntryPdu: cacheSlot: 405
[17:51:22:714] [47174:0000b861] [DEBUG][com.freerdp.channels.rdpgfx.client] - [rdpgfx_recv_evict_cache_entry_pdu]: RecvEvictCacheEntryPdu: cacheSlot: 406
[17:51:22:714] [47174:0000b861] [DEBUG][com.freerdp.channels.rdpgfx.client] - [rdpgfx_recv_evict_cache_entry_pdu]: RecvEvictCacheEntryPdu: cacheSlot: 407
[17:51:22:714] [47174:0000b861] [DEBUG][com.freerdp.channels.rdpgfx.client] - [rdpgfx_recv_evict_cache_entry_pdu]: RecvEvictCacheEntryPdu: cacheSlot: 408
[17:51:22:714] [47174:0000b861] [DEBUG][com.freerdp.channels.rdpgfx.client] - [rdpgfx_recv_evict_cache_entry_pdu]: RecvEvictCacheEntryPdu: cacheSlot: 409
[17:51:22:714] [47174:0000b861] [DEBUG][com.freerdp.channels.rdpgfx.client] - [rdpgfx_recv_evict_cache_entry_pdu]: RecvEvictCacheEntryPdu: cacheSlot: 410
[17:51:22:714] [47174:0000b861] [DEBUG][com.freerdp.channels.rdpgfx.client] - [rdpgfx_recv_evict_cache_entry_pdu]: RecvEvictCacheEntryPdu: cacheSlot: 411
[17:51:22:750] [47174:0000b861] [DEBUG][com.freerdp.channels.rdpgfx.client] - [rdpgfx_recv_evict_cache_entry_pdu]: RecvEvictCacheEntryPdu: cacheSlot: 412
[17:51:22:750] [47174:0000b861] [DEBUG][com.freerdp.channels.rdpgfx.client] - [rdpgfx_recv_evict_cache_entry_pdu]: RecvEvictCacheEntryPdu: cacheSlot: 413
[17:51:22:750] [47174:0000b861] [DEBUG][com.freerdp.channels.rdpgfx.client] - [rdpgfx_recv_evict_cache_entry_pdu]: RecvEvictCacheEntryPdu: cacheSlot: 414
[17:51:22:750] [47174:0000b861] [DEBUG][com.freerdp.channels.rdpgfx.client] - [rdpgfx_recv_evict_cache_entry_pdu]: RecvEvictCacheEntryPdu: cacheSlot: 415
[17:51:22:750] [47174:0000b861] [DEBUG][com.freerdp.channels.rdpgfx.client] - [rdpgfx_recv_evict_cache_entry_pdu]: RecvEvictCacheEntryPdu: cacheSlot: 416
[17:51:22:750] [47174:0000b861] [DEBUG][com.freerdp.channels.rdpgfx.client] - [rdpgfx_recv_evict_cache_entry_pdu]: RecvEvictCacheEntryPdu: cacheSlot: 417
[17:51:22:750] [47174:0000b861] [DEBUG][com.freerdp.channels.rdpgfx.client] - [rdpgfx_recv_evict_cache_entry_pdu]: RecvEvictCacheEntryPdu: cacheSlot: 418
[17:51:22:750] [47174:0000b861] [DEBUG][com.freerdp.channels.rdpgfx.client] - [rdpgfx_recv_evict_cache_entry_pdu]: RecvEvictCacheEntryPdu: cacheSlot: 419
[17:51:22:750] [47174:0000b861] [DEBUG][com.freerdp.channels.rdpgfx.client] - [rdpgfx_recv_evict_cache_entry_pdu]: RecvEvictCacheEntryPdu: cacheSlot: 420
[17:51:22:750] [47174:0000b861] [DEBUG][com.freerdp.channels.rdpgfx.client] - [rdpgfx_recv_evict_cache_entry_pdu]: RecvEvictCacheEntryPdu: cacheSlot: 421
[17:51:22:750] [47174:0000b861] [DEBUG][com.freerdp.channels.rdpgfx.client] - [rdpgfx_recv_evict_cache_entry_pdu]: RecvEvictCacheEntryPdu: cacheSlot: 422
[17:51:22:751] [47174:0000b861] [DEBUG][com.freerdp.channels.rdpgfx.client] - [rdpgfx_recv_evict_cache_entry_pdu]: RecvEvictCacheEntryPdu: cacheSlot: 423
[17:51:22:751] [47174:0000b861] [DEBUG][com.freerdp.channels.rdpgfx.client] - [rdpgfx_recv_evict_cache_entry_pdu]: RecvEvictCacheEntryPdu: cacheSlot: 430
[17:51:22:751] [47174:0000b861] [DEBUG][com.freerdp.channels.rdpgfx.client] - [rdpgfx_recv_evict_cache_entry_pdu]: RecvEvictCacheEntryPdu: cacheSlot: 431
[17:51:22:751] [47174:0000b861] [DEBUG][com.freerdp.channels.rdpgfx.client] - [rdpgfx_recv_evict_cache_entry_pdu]: RecvEvictCacheEntryPdu: cacheSlot: 433
[17:51:22:751] [47174:0000b861] [DEBUG][com.freerdp.channels.rdpgfx.client] - [rdpgfx_recv_evict_cache_entry_pdu]: RecvEvictCacheEntryPdu: cacheSlot: 434
[17:51:22:751] [47174:0000b861] [DEBUG][com.freerdp.channels.rdpgfx.client] - [rdpgfx_recv_evict_cache_entry_pdu]: RecvEvictCacheEntryPdu: cacheSlot: 435
[17:51:22:751] [47174:0000b861] [DEBUG][com.freerdp.channels.rdpgfx.client] - [rdpgfx_recv_evict_cache_entry_pdu]: RecvEvictCacheEntryPdu: cacheSlot: 436
[17:51:22:751] [47174:0000b861] [DEBUG][com.freerdp.channels.rdpgfx.client] - [rdpgfx_recv_evict_cache_entry_pdu]: RecvEvictCacheEntryPdu: cacheSlot: 437
[17:51:22:751] [47174:0000b861] [DEBUG][com.freerdp.channels.rdpgfx.client] - [rdpgfx_recv_evict_cache_entry_pdu]: RecvEvictCacheEntryPdu: cacheSlot: 438
[17:51:22:751] [47174:0000b861] [DEBUG][com.freerdp.channels.rdpgfx.client] - [rdpgfx_recv_evict_cache_entry_pdu]: RecvEvictCacheEntryPdu: cacheSlot: 442
[17:51:22:751] [47174:0000b861] [DEBUG][com.freerdp.channels.rdpgfx.client] - [rdpgfx_recv_evict_cache_entry_pdu]: RecvEvictCacheEntryPdu: cacheSlot: 443
[17:51:22:751] [47174:0000b861] [DEBUG][com.freerdp.channels.rdpgfx.client] - [rdpgfx_recv_evict_cache_entry_pdu]: RecvEvictCacheEntryPdu: cacheSlot: 444
[17:51:22:751] [47174:0000b861] [DEBUG][com.freerdp.channels.rdpgfx.client] - [rdpgfx_recv_evict_cache_entry_pdu]: RecvEvictCacheEntryPdu: cacheSlot: 457
[17:51:22:751] [47174:0000b861] [DEBUG][com.freerdp.channels.rdpgfx.client] - [rdpgfx_recv_evict_cache_entry_pdu]: RecvEvictCacheEntryPdu: cacheSlot: 460
[17:51:22:751] [47174:0000b861] [DEBUG][com.freerdp.channels.rdpgfx.client] - [rdpgfx_recv_evict_cache_entry_pdu]: RecvEvictCacheEntryPdu: cacheSlot: 462
[17:51:22:751] [47174:0000b861] [DEBUG][com.freerdp.channels.rdpgfx.client] - [rdpgfx_recv_evict_cache_entry_pdu]: RecvEvictCacheEntryPdu: cacheSlot: 465
[17:51:22:751] [47174:0000b861] [DEBUG][com.freerdp.channels.rdpgfx.client] - [rdpgfx_recv_evict_cache_entry_pdu]: RecvEvictCacheEntryPdu: cacheSlot: 466
[17:51:22:751] [47174:0000b861] [DEBUG][com.freerdp.channels.rdpgfx.client] - [rdpgfx_recv_evict_cache_entry_pdu]: RecvEvictCacheEntryPdu: cacheSlot: 467
[17:51:22:751] [47174:0000b861] [DEBUG][com.freerdp.channels.rdpgfx.client] - [rdpgfx_recv_evict_cache_entry_pdu]: RecvEvictCacheEntryPdu: cacheSlot: 468
[17:51:22:751] [47174:0000b861] [DEBUG][com.freerdp.channels.rdpgfx.client] - [rdpgfx_recv_evict_cache_entry_pdu]: RecvEvictCacheEntryPdu: cacheSlot: 469
[17:51:22:751] [47174:0000b861] [DEBUG][com.freerdp.channels.rdpgfx.client] - [rdpgfx_recv_evict_cache_entry_pdu]: RecvEvictCacheEntryPdu: cacheSlot: 470
[17:51:22:751] [47174:0000b861] [DEBUG][com.freerdp.channels.rdpgfx.client] - [rdpgfx_recv_evict_cache_entry_pdu]: RecvEvictCacheEntryPdu: cacheSlot: 471
[17:51:22:751] [47174:0000b861] [DEBUG][com.freerdp.channels.rdpgfx.client] - [rdpgfx_recv_evict_cache_entry_pdu]: RecvEvictCacheEntryPdu: cacheSlot: 472
[17:51:22:751] [47174:0000b861] [DEBUG][com.freerdp.channels.rdpgfx.client] - [rdpgfx_recv_evict_cache_entry_pdu]: RecvEvictCacheEntryPdu: cacheSlot: 473
[17:51:22:752] [47174:0000b861] [DEBUG][com.freerdp.channels.rdpgfx.client] - [rdpgfx_recv_evict_cache_entry_pdu]: RecvEvictCacheEntryPdu: cacheSlot: 474
[17:51:22:752] [47174:0000b861] [DEBUG][com.freerdp.channels.rdpgfx.client] - [rdpgfx_recv_evict_cache_entry_pdu]: RecvEvictCacheEntryPdu: cacheSlot: 475
[17:51:22:752] [47174:0000b861] [DEBUG][com.freerdp.channels.rdpgfx.client] - [rdpgfx_recv_evict_cache_entry_pdu]: RecvEvictCacheEntryPdu: cacheSlot: 476
[17:51:22:752] [47174:0000b861] [DEBUG][com.freerdp.channels.rdpgfx.client] - [rdpgfx_recv_evict_cache_entry_pdu]: RecvEvictCacheEntryPdu: cacheSlot: 477
[17:51:22:752] [47174:0000b861] [DEBUG][com.freerdp.channels.rdpgfx.client] - [rdpgfx_recv_evict_cache_entry_pdu]: RecvEvictCacheEntryPdu: cacheSlot: 478
[17:51:22:752] [47174:0000b861] [DEBUG][com.freerdp.channels.rdpgfx.client] - [rdpgfx_recv_evict_cache_entry_pdu]: RecvEvictCacheEntryPdu: cacheSlot: 479
[17:51:22:752] [47174:0000b861] [DEBUG][com.freerdp.channels.rdpgfx.client] - [rdpgfx_recv_evict_cache_entry_pdu]: RecvEvictCacheEntryPdu: cacheSlot: 480
[17:51:22:752] [47174:0000b861] [DEBUG][com.freerdp.channels.rdpgfx.client] - [rdpgfx_recv_evict_cache_entry_pdu]: RecvEvictCacheEntryPdu: cacheSlot: 481
[17:51:22:752] [47174:0000b861] [DEBUG][com.freerdp.channels.rdpgfx.client] - [rdpgfx_recv_evict_cache_entry_pdu]: RecvEvictCacheEntryPdu: cacheSlot: 482
[17:51:22:752] [47174:0000b861] [DEBUG][com.freerdp.channels.rdpgfx.client] - [rdpgfx_recv_evict_cache_entry_pdu]: RecvEvictCacheEntryPdu: cacheSlot: 483
[17:51:22:752] [47174:0000b861] [DEBUG][com.freerdp.channels.rdpgfx.client] - [rdpgfx_recv_evict_cache_entry_pdu]: RecvEvictCacheEntryPdu: cacheSlot: 484
[17:51:22:752] [47174:0000b861] [DEBUG][com.freerdp.channels.rdpgfx.client] - [rdpgfx_recv_evict_cache_entry_pdu]: RecvEvictCacheEntryPdu: cacheSlot: 485
[17:51:22:752] [47174:0000b861] [DEBUG][com.freerdp.channels.rdpgfx.client] - [rdpgfx_recv_evict_cache_entry_pdu]: RecvEvictCacheEntryPdu: cacheSlot: 486
[17:51:22:752] [47174:0000b861] [DEBUG][com.freerdp.channels.rdpgfx.client] - [rdpgfx_recv_evict_cache_entry_pdu]: RecvEvictCacheEntryPdu: cacheSlot: 487
[17:51:22:752] [47174:0000b861] [DEBUG][com.freerdp.channels.rdpgfx.client] - [rdpgfx_recv_evict_cache_entry_pdu]: RecvEvictCacheEntryPdu: cacheSlot: 488
[17:51:22:752] [47174:0000b861] [DEBUG][com.freerdp.channels.rdpgfx.client] - [rdpgfx_recv_evict_cache_entry_pdu]: RecvEvictCacheEntryPdu: cacheSlot: 489
[17:51:22:752] [47174:0000b861] [DEBUG][com.freerdp.channels.rdpgfx.client] - [rdpgfx_recv_evict_cache_entry_pdu]: RecvEvictCacheEntryPdu: cacheSlot: 490
[17:51:22:752] [47174:0000b861] [DEBUG][com.freerdp.channels.rdpgfx.client] - [rdpgfx_recv_evict_cache_entry_pdu]: RecvEvictCacheEntryPdu: cacheSlot: 491
[17:51:22:752] [47174:0000b861] [DEBUG][com.freerdp.channels.rdpgfx.client] - [rdpgfx_recv_evict_cache_entry_pdu]: RecvEvictCacheEntryPdu: cacheSlot: 492
[17:51:22:752] [47174:0000b861] [DEBUG][com.freerdp.channels.rdpgfx.client] - [rdpgfx_recv_evict_cache_entry_pdu]: RecvEvictCacheEntryPdu: cacheSlot: 493
[17:51:22:752] [47174:0000b861] [DEBUG][com.freerdp.channels.rdpgfx.client] - [rdpgfx_recv_evict_cache_entry_pdu]: RecvEvictCacheEntryPdu: cacheSlot: 494
[17:51:22:752] [47174:0000b861] [DEBUG][com.freerdp.channels.rdpgfx.client] - [rdpgfx_recv_evict_cache_entry_pdu]: RecvEvictCacheEntryPdu: cacheSlot: 495
[17:51:22:752] [47174:0000b861] [DEBUG][com.freerdp.channels.rdpgfx.client] - [rdpgfx_recv_evict_cache_entry_pdu]: RecvEvictCacheEntryPdu: cacheSlot: 496
[17:51:22:752] [47174:0000b861] [DEBUG][com.freerdp.channels.rdpgfx.client] - [rdpgfx_recv_evict_cache_entry_pdu]: RecvEvictCacheEntryPdu: cacheSlot: 497
[17:51:22:753] [47174:0000b861] [DEBUG][com.freerdp.channels.rdpgfx.client] - [rdpgfx_recv_evict_cache_entry_pdu]: RecvEvictCacheEntryPdu: cacheSlot: 498
[17:51:22:753] [47174:0000b861] [DEBUG][com.freerdp.channels.rdpgfx.client] - [rdpgfx_recv_evict_cache_entry_pdu]: RecvEvictCacheEntryPdu: cacheSlot: 499
[17:51:22:753] [47174:0000b861] [DEBUG][com.freerdp.channels.rdpgfx.client] - [rdpgfx_recv_evict_cache_entry_pdu]: RecvEvictCacheEntryPdu: cacheSlot: 500
[17:51:22:753] [47174:0000b861] [DEBUG][com.freerdp.channels.rdpgfx.client] - [rdpgfx_recv_evict_cache_entry_pdu]: RecvEvictCacheEntryPdu: cacheSlot: 501
[17:51:22:753] [47174:0000b861] [DEBUG][com.freerdp.channels.rdpgfx.client] - [rdpgfx_recv_evict_cache_entry_pdu]: RecvEvictCacheEntryPdu: cacheSlot: 502
[17:51:22:753] [47174:0000b861] [DEBUG][com.freerdp.channels.rdpgfx.client] - [rdpgfx_recv_evict_cache_entry_pdu]: RecvEvictCacheEntryPdu: cacheSlot: 503
[17:51:22:753] [47174:0000b861] [DEBUG][com.freerdp.channels.rdpgfx.client] - [rdpgfx_recv_evict_cache_entry_pdu]: RecvEvictCacheEntryPdu: cacheSlot: 504
[17:51:22:753] [47174:0000b861] [DEBUG][com.freerdp.channels.rdpgfx.client] - [rdpgfx_recv_evict_cache_entry_pdu]: RecvEvictCacheEntryPdu: cacheSlot: 505
[17:51:22:753] [47174:0000b861] [DEBUG][com.freerdp.channels.rdpgfx.client] - [rdpgfx_recv_evict_cache_entry_pdu]: RecvEvictCacheEntryPdu: cacheSlot: 506
[17:51:22:753] [47174:0000b861] [DEBUG][com.freerdp.channels.rdpgfx.client] - [rdpgfx_recv_evict_cache_entry_pdu]: RecvEvictCacheEntryPdu: cacheSlot: 507
[17:51:22:753] [47174:0000b861] [DEBUG][com.freerdp.channels.rdpgfx.client] - [rdpgfx_recv_evict_cache_entry_pdu]: RecvEvictCacheEntryPdu: cacheSlot: 508
[17:51:22:753] [47174:0000b861] [DEBUG][com.freerdp.channels.rdpgfx.client] - [rdpgfx_recv_evict_cache_entry_pdu]: RecvEvictCacheEntryPdu: cacheSlot: 509
[17:51:22:753] [47174:0000b861] [DEBUG][com.freerdp.channels.rdpgfx.client] - [rdpgfx_recv_evict_cache_entry_pdu]: RecvEvictCacheEntryPdu: cacheSlot: 510
[17:51:22:753] [47174:0000b861] [DEBUG][com.freerdp.channels.rdpgfx.client] - [rdpgfx_recv_evict_cache_entry_pdu]: RecvEvictCacheEntryPdu: cacheSlot: 511
[17:51:22:753] [47174:0000b861] [DEBUG][com.freerdp.channels.rdpgfx.client] - [rdpgfx_recv_evict_cache_entry_pdu]: RecvEvictCacheEntryPdu: cacheSlot: 512
[17:51:22:753] [47174:0000b861] [DEBUG][com.freerdp.channels.rdpgfx.client] - [rdpgfx_recv_evict_cache_entry_pdu]: RecvEvictCacheEntryPdu: cacheSlot: 513
[17:51:22:753] [47174:0000b861] [DEBUG][com.freerdp.channels.rdpgfx.client] - [rdpgfx_recv_evict_cache_entry_pdu]: RecvEvictCacheEntryPdu: cacheSlot: 514
[17:51:22:753] [47174:0000b861] [DEBUG][com.freerdp.channels.rdpgfx.client] - [rdpgfx_recv_evict_cache_entry_pdu]: RecvEvictCacheEntryPdu: cacheSlot: 515
[17:51:22:753] [47174:0000b861] [DEBUG][com.freerdp.channels.rdpgfx.client] - [rdpgfx_recv_evict_cache_entry_pdu]: RecvEvictCacheEntryPdu: cacheSlot: 516
[17:51:22:753] [47174:0000b861] [DEBUG][com.freerdp.channels.rdpgfx.client] - [rdpgfx_recv_evict_cache_entry_pdu]: RecvEvictCacheEntryPdu: cacheSlot: 517
[17:51:22:753] [47174:0000b861] [DEBUG][com.freerdp.channels.rdpgfx.client] - [rdpgfx_recv_evict_cache_entry_pdu]: RecvEvictCacheEntryPdu: cacheSlot: 518
[17:51:22:753] [47174:0000b861] [DEBUG][com.freerdp.channels.rdpgfx.client] - [rdpgfx_recv_evict_cache_entry_pdu]: RecvEvictCacheEntryPdu: cacheSlot: 519
[17:51:22:753] [47174:0000b861] [DEBUG][com.freerdp.channels.rdpgfx.client] - [rdpgfx_recv_evict_cache_entry_pdu]: RecvEvictCacheEntryPdu: cacheSlot: 520
[17:51:22:753] [47174:0000b861] [DEBUG][com.freerdp.channels.rdpgfx.client] - [rdpgfx_recv_evict_cache_entry_pdu]: RecvEvictCacheEntryPdu: cacheSlot: 521
[17:51:22:753] [47174:0000b861] [DEBUG][com.freerdp.channels.rdpgfx.client] - [rdpgfx_recv_evict_cache_entry_pdu]: RecvEvictCacheEntryPdu: cacheSlot: 522
[17:51:22:753] [47174:0000b861] [DEBUG][com.freerdp.channels.rdpgfx.client] - [rdpgfx_recv_evict_cache_entry_pdu]: RecvEvictCacheEntryPdu: cacheSlot: 523
[17:51:22:754] [47174:0000b861] [DEBUG][com.freerdp.channels.rdpgfx.client] - [rdpgfx_recv_evict_cache_entry_pdu]: RecvEvictCacheEntryPdu: cacheSlot: 524
[17:51:22:754] [47174:0000b861] [DEBUG][com.freerdp.channels.rdpgfx.client] - [rdpgfx_recv_evict_cache_entry_pdu]: RecvEvictCacheEntryPdu: cacheSlot: 525
[17:51:22:754] [47174:0000b861] [DEBUG][com.freerdp.channels.rdpgfx.client] - [rdpgfx_recv_evict_cache_entry_pdu]: RecvEvictCacheEntryPdu: cacheSlot: 526
[17:51:22:754] [47174:0000b861] [DEBUG][com.freerdp.channels.rdpgfx.client] - [rdpgfx_recv_evict_cache_entry_pdu]: RecvEvictCacheEntryPdu: cacheSlot: 527
[17:51:22:754] [47174:0000b861] [DEBUG][com.freerdp.channels.rdpgfx.client] - [rdpgfx_recv_evict_cache_entry_pdu]: RecvEvictCacheEntryPdu: cacheSlot: 528
[17:51:22:754] [47174:0000b861] [DEBUG][com.freerdp.channels.rdpgfx.client] - [rdpgfx_recv_evict_cache_entry_pdu]: RecvEvictCacheEntryPdu: cacheSlot: 529
[17:51:22:754] [47174:0000b861] [DEBUG][com.freerdp.channels.rdpgfx.client] - [rdpgfx_recv_evict_cache_entry_pdu]: RecvEvictCacheEntryPdu: cacheSlot: 530
[17:51:22:754] [47174:0000b861] [DEBUG][com.freerdp.channels.rdpgfx.client] - [rdpgfx_recv_evict_cache_entry_pdu]: RecvEvictCacheEntryPdu: cacheSlot: 531
[17:51:22:754] [47174:0000b861] [DEBUG][com.freerdp.channels.rdpgfx.client] - [rdpgfx_recv_evict_cache_entry_pdu]: RecvEvictCacheEntryPdu: cacheSlot: 532
[17:51:22:754] [47174:0000b861] [DEBUG][com.freerdp.channels.rdpgfx.client] - [rdpgfx_recv_evict_cache_entry_pdu]: RecvEvictCacheEntryPdu: cacheSlot: 533
[17:51:22:754] [47174:0000b861] [DEBUG][com.freerdp.channels.rdpgfx.client] - [rdpgfx_recv_evict_cache_entry_pdu]: RecvEvictCacheEntryPdu: cacheSlot: 534
[17:51:22:754] [47174:0000b861] [DEBUG][com.freerdp.channels.rdpgfx.client] - [rdpgfx_recv_evict_cache_entry_pdu]: RecvEvictCacheEntryPdu: cacheSlot: 535
[17:51:22:754] [47174:0000b861] [DEBUG][com.freerdp.channels.rdpgfx.client] - [rdpgfx_recv_evict_cache_entry_pdu]: RecvEvictCacheEntryPdu: cacheSlot: 536
[17:51:22:754] [47174:0000b861] [DEBUG][com.freerdp.channels.rdpgfx.client] - [rdpgfx_recv_evict_cache_entry_pdu]: RecvEvictCacheEntryPdu: cacheSlot: 537
[17:51:22:754] [47174:0000b861] [DEBUG][com.freerdp.channels.rdpgfx.client] - [rdpgfx_recv_evict_cache_entry_pdu]: RecvEvictCacheEntryPdu: cacheSlot: 538
[17:51:22:754] [47174:0000b861] [DEBUG][com.freerdp.channels.rdpgfx.client] - [rdpgfx_recv_evict_cache_entry_pdu]: RecvEvictCacheEntryPdu: cacheSlot: 539
[17:51:22:754] [47174:0000b861] [DEBUG][com.freerdp.channels.rdpgfx.client] - [rdpgfx_recv_evict_cache_entry_pdu]: RecvEvictCacheEntryPdu: cacheSlot: 540
[17:51:22:754] [47174:0000b861] [DEBUG][com.freerdp.channels.rdpgfx.client] - [rdpgfx_recv_evict_cache_entry_pdu]: RecvEvictCacheEntryPdu: cacheSlot: 541
[17:51:22:754] [47174:0000b861] [DEBUG][com.freerdp.channels.rdpgfx.client] - [rdpgfx_recv_evict_cache_entry_pdu]: RecvEvictCacheEntryPdu: cacheSlot: 542
[17:51:22:754] [47174:0000b861] [DEBUG][com.freerdp.channels.rdpgfx.client] - [rdpgfx_recv_evict_cache_entry_pdu]: RecvEvictCacheEntryPdu: cacheSlot: 543
[17:51:22:754] [47174:0000b861] [DEBUG][com.freerdp.channels.rdpgfx.client] - [rdpgfx_recv_evict_cache_entry_pdu]: RecvEvictCacheEntryPdu: cacheSlot: 544
[17:51:22:754] [47174:0000b861] [DEBUG][com.freerdp.channels.rdpgfx.client] - [rdpgfx_recv_evict_cache_entry_pdu]: RecvEvictCacheEntryPdu: cacheSlot: 545
[17:51:22:754] [47174:0000b861] [DEBUG][com.freerdp.channels.rdpgfx.client] - [rdpgfx_recv_evict_cache_entry_pdu]: RecvEvictCacheEntryPdu: cacheSlot: 546
[17:51:22:754] [47174:0000b861] [DEBUG][com.freerdp.channels.rdpgfx.client] - [rdpgfx_recv_evict_cache_entry_pdu]: RecvEvictCacheEntryPdu: cacheSlot: 547
[17:51:22:754] [47174:0000b861] [DEBUG][com.freerdp.channels.rdpgfx.client] - [rdpgfx_recv_evict_cache_entry_pdu]: RecvEvictCacheEntryPdu: cacheSlot: 548
[17:51:22:755] [47174:0000b861] [DEBUG][com.freerdp.channels.rdpgfx.client] - [rdpgfx_recv_evict_cache_entry_pdu]: RecvEvictCacheEntryPdu: cacheSlot: 549
[17:51:22:755] [47174:0000b861] [DEBUG][com.freerdp.channels.rdpgfx.client] - [rdpgfx_recv_evict_cache_entry_pdu]: RecvEvictCacheEntryPdu: cacheSlot: 550
[17:51:22:755] [47174:0000b861] [DEBUG][com.freerdp.channels.rdpgfx.client] - [rdpgfx_recv_evict_cache_entry_pdu]: RecvEvictCacheEntryPdu: cacheSlot: 551
[17:51:22:755] [47174:0000b861] [DEBUG][com.freerdp.channels.rdpgfx.client] - [rdpgfx_recv_evict_cache_entry_pdu]: RecvEvictCacheEntryPdu: cacheSlot: 552
[17:51:22:755] [47174:0000b861] [DEBUG][com.freerdp.channels.rdpgfx.client] - [rdpgfx_recv_evict_cache_entry_pdu]: RecvEvictCacheEntryPdu: cacheSlot: 553
[17:51:22:755] [47174:0000b861] [DEBUG][com.freerdp.channels.rdpgfx.client] - [rdpgfx_recv_evict_cache_entry_pdu]: RecvEvictCacheEntryPdu: cacheSlot: 554
[17:51:22:755] [47174:0000b861] [DEBUG][com.freerdp.channels.rdpgfx.client] - [rdpgfx_recv_evict_cache_entry_pdu]: RecvEvictCacheEntryPdu: cacheSlot: 555
[17:51:22:755] [47174:0000b861] [DEBUG][com.freerdp.channels.rdpgfx.client] - [rdpgfx_recv_evict_cache_entry_pdu]: RecvEvictCacheEntryPdu: cacheSlot: 556
[17:51:22:755] [47174:0000b861] [DEBUG][com.freerdp.channels.rdpgfx.client] - [rdpgfx_recv_evict_cache_entry_pdu]: RecvEvictCacheEntryPdu: cacheSlot: 557
[17:51:22:755] [47174:0000b861] [DEBUG][com.freerdp.channels.rdpgfx.client] - [rdpgfx_recv_evict_cache_entry_pdu]: RecvEvictCacheEntryPdu: cacheSlot: 558
[17:51:22:755] [47174:0000b861] [DEBUG][com.freerdp.channels.rdpgfx.client] - [rdpgfx_recv_evict_cache_entry_pdu]: RecvEvictCacheEntryPdu: cacheSlot: 559
[17:51:22:755] [47174:0000b861] [DEBUG][com.freerdp.channels.rdpgfx.client] - [rdpgfx_recv_evict_cache_entry_pdu]: RecvEvictCacheEntryPdu: cacheSlot: 560
[17:51:22:755] [47174:0000b861] [DEBUG][com.freerdp.channels.rdpgfx.client] - [rdpgfx_recv_evict_cache_entry_pdu]: RecvEvictCacheEntryPdu: cacheSlot: 561
[17:51:22:755] [47174:0000b861] [DEBUG][com.freerdp.channels.rdpgfx.client] - [rdpgfx_recv_evict_cache_entry_pdu]: RecvEvictCacheEntryPdu: cacheSlot: 34
[17:51:22:755] [47174:0000b861] [DEBUG][com.freerdp.channels.rdpgfx.client] - [rdpgfx_recv_evict_cache_entry_pdu]: RecvEvictCacheEntryPdu: cacheSlot: 35
[17:51:22:756] [47174:0000b861] [DEBUG][com.freerdp.channels.rdpgfx.client] - [rdpgfx_recv_evict_cache_entry_pdu]: RecvEvictCacheEntryPdu: cacheSlot: 36
[17:51:22:756] [47174:0000b861] [DEBUG][com.freerdp.channels.rdpgfx.client] - [rdpgfx_recv_evict_cache_entry_pdu]: RecvEvictCacheEntryPdu: cacheSlot: 37
[17:51:22:756] [47174:0000b861] [DEBUG][com.freerdp.channels.rdpgfx.client] - [rdpgfx_recv_evict_cache_entry_pdu]: RecvEvictCacheEntryPdu: cacheSlot: 38
[17:51:22:756] [47174:0000b861] [DEBUG][com.freerdp.channels.rdpgfx.client] - [rdpgfx_recv_evict_cache_entry_pdu]: RecvEvictCacheEntryPdu: cacheSlot: 39
[17:51:22:756] [47174:0000b861] [DEBUG][com.freerdp.channels.rdpgfx.client] - [rdpgfx_recv_evict_cache_entry_pdu]: RecvEvictCacheEntryPdu: cacheSlot: 40
[17:51:22:756] [47174:0000b861] [DEBUG][com.freerdp.channels.rdpgfx.client] - [rdpgfx_recv_evict_cache_entry_pdu]: RecvEvictCacheEntryPdu: cacheSlot: 41
[17:51:22:757] [47174:0000b861] [DEBUG][com.freerdp.channels.rdpgfx.client] - [rdpgfx_recv_evict_cache_entry_pdu]: RecvEvictCacheEntryPdu: cacheSlot: 44
[17:51:22:757] [47174:0000b861] [DEBUG][com.freerdp.channels.rdpgfx.client] - [rdpgfx_recv_evict_cache_entry_pdu]: RecvEvictCacheEntryPdu: cacheSlot: 45
[17:51:22:757] [47174:0000b861] [DEBUG][com.freerdp.channels.rdpgfx.client] - [rdpgfx_recv_evict_cache_entry_pdu]: RecvEvictCacheEntryPdu: cacheSlot: 46
[17:51:22:757] [47174:0000b861] [DEBUG][com.freerdp.channels.rdpgfx.client] - [rdpgfx_recv_evict_cache_entry_pdu]: RecvEvictCacheEntryPdu: cacheSlot: 47
[17:51:22:757] [47174:0000b861] [DEBUG][com.freerdp.channels.rdpgfx.client] - [rdpgfx_recv_evict_cache_entry_pdu]: RecvEvictCacheEntryPdu: cacheSlot: 48
[17:51:22:757] [47174:0000b861] [DEBUG][com.freerdp.channels.rdpgfx.client] - [rdpgfx_recv_evict_cache_entry_pdu]: RecvEvictCacheEntryPdu: cacheSlot: 49
[17:51:22:757] [47174:0000b861] [DEBUG][com.freerdp.channels.rdpgfx.client] - [rdpgfx_recv_evict_cache_entry_pdu]: RecvEvictCacheEntryPdu: cacheSlot: 50
[17:51:22:757] [47174:0000b861] [DEBUG][com.freerdp.channels.rdpgfx.client] - [rdpgfx_recv_evict_cache_entry_pdu]: RecvEvictCacheEntryPdu: cacheSlot: 51
[17:51:22:757] [47174:0000b861] [DEBUG][com.freerdp.channels.rdpgfx.client] - [rdpgfx_recv_evict_cache_entry_pdu]: RecvEvictCacheEntryPdu: cacheSlot: 52
[17:51:22:757] [47174:0000b861] [DEBUG][com.freerdp.channels.rdpgfx.client] - [rdpgfx_recv_evict_cache_entry_pdu]: RecvEvictCacheEntryPdu: cacheSlot: 53
[17:51:22:757] [47174:0000b861] [DEBUG][com.freerdp.channels.rdpgfx.client] - [rdpgfx_recv_evict_cache_entry_pdu]: RecvEvictCacheEntryPdu: cacheSlot: 54
[17:51:22:757] [47174:0000b861] [DEBUG][com.freerdp.channels.rdpgfx.client] - [rdpgfx_recv_evict_cache_entry_pdu]: RecvEvictCacheEntryPdu: cacheSlot: 55
[17:51:22:758] [47174:0000b861] [DEBUG][com.freerdp.channels.rdpgfx.client] - [rdpgfx_recv_evict_cache_entry_pdu]: RecvEvictCacheEntryPdu: cacheSlot: 56
[17:51:22:758] [47174:0000b861] [DEBUG][com.freerdp.channels.rdpgfx.client] - [rdpgfx_recv_evict_cache_entry_pdu]: RecvEvictCacheEntryPdu: cacheSlot: 60
[17:51:22:758] [47174:0000b861] [DEBUG][com.freerdp.channels.rdpgfx.client] - [rdpgfx_recv_evict_cache_entry_pdu]: RecvEvictCacheEntryPdu: cacheSlot: 61
[17:51:22:758] [47174:0000b861] [DEBUG][com.freerdp.channels.rdpgfx.client] - [rdpgfx_recv_evict_cache_entry_pdu]: RecvEvictCacheEntryPdu: cacheSlot: 62
[17:51:22:758] [47174:0000b861] [DEBUG][com.freerdp.channels.rdpgfx.client] - [rdpgfx_recv_evict_cache_entry_pdu]: RecvEvictCacheEntryPdu: cacheSlot: 63
[17:51:22:758] [47174:0000b861] [DEBUG][com.freerdp.channels.rdpgfx.client] - [rdpgfx_recv_evict_cache_entry_pdu]: RecvEvictCacheEntryPdu: cacheSlot: 64
[17:51:22:758] [47174:0000b861] [DEBUG][com.freerdp.channels.rdpgfx.client] - [rdpgfx_recv_evict_cache_entry_pdu]: RecvEvictCacheEntryPdu: cacheSlot: 65
[17:51:22:758] [47174:0000b861] [DEBUG][com.freerdp.channels.rdpgfx.client] - [rdpgfx_recv_evict_cache_entry_pdu]: RecvEvictCacheEntryPdu: cacheSlot: 66
[17:51:22:758] [47174:0000b861] [DEBUG][com.freerdp.channels.rdpgfx.client] - [rdpgfx_recv_evict_cache_entry_pdu]: RecvEvictCacheEntryPdu: cacheSlot: 67
[17:51:22:758] [47174:0000b861] [DEBUG][com.freerdp.channels.rdpgfx.client] - [rdpgfx_recv_evict_cache_entry_pdu]: RecvEvictCacheEntryPdu: cacheSlot: 68
[17:51:22:759] [47174:0000b861] [DEBUG][com.freerdp.channels.rdpgfx.client] - [rdpgfx_recv_evict_cache_entry_pdu]: RecvEvictCacheEntryPdu: cacheSlot: 69
[17:51:22:759] [47174:0000b861] [DEBUG][com.freerdp.channels.rdpgfx.client] - [rdpgfx_recv_evict_cache_entry_pdu]: RecvEvictCacheEntryPdu: cacheSlot: 70
[17:51:22:759] [47174:0000b861] [DEBUG][com.freerdp.channels.rdpgfx.client] - [rdpgfx_recv_evict_cache_entry_pdu]: RecvEvictCacheEntryPdu: cacheSlot: 71
[17:51:22:759] [47174:0000b861] [DEBUG][com.freerdp.channels.rdpgfx.client] - [rdpgfx_recv_evict_cache_entry_pdu]: RecvEvictCacheEntryPdu: cacheSlot: 72
[17:51:22:759] [47174:0000b861] [DEBUG][com.freerdp.channels.rdpgfx.client] - [rdpgfx_recv_evict_cache_entry_pdu]: RecvEvictCacheEntryPdu: cacheSlot: 73
[17:51:22:759] [47174:0000b861] [DEBUG][com.freerdp.channels.rdpgfx.client] - [rdpgfx_recv_evict_cache_entry_pdu]: RecvEvictCacheEntryPdu: cacheSlot: 76
[17:51:22:759] [47174:0000b861] [DEBUG][com.freerdp.channels.rdpgfx.client] - [rdpgfx_recv_evict_cache_entry_pdu]: RecvEvictCacheEntryPdu: cacheSlot: 77
[17:51:22:759] [47174:0000b861] [DEBUG][com.freerdp.channels.rdpgfx.client] - [rdpgfx_recv_evict_cache_entry_pdu]: RecvEvictCacheEntryPdu: cacheSlot: 78
[17:51:22:759] [47174:0000b861] [DEBUG][com.freerdp.channels.rdpgfx.client] - [rdpgfx_recv_evict_cache_entry_pdu]: RecvEvictCacheEntryPdu: cacheSlot: 79
[17:51:22:759] [47174:0000b861] [DEBUG][com.freerdp.channels.rdpgfx.client] - [rdpgfx_recv_evict_cache_entry_pdu]: RecvEvictCacheEntryPdu: cacheSlot: 80
[17:51:22:759] [47174:0000b861] [DEBUG][com.freerdp.channels.rdpgfx.client] - [rdpgfx_recv_evict_cache_entry_pdu]: RecvEvictCacheEntryPdu: cacheSlot: 81
[17:51:22:759] [47174:0000b861] [DEBUG][com.freerdp.channels.rdpgfx.client] - [rdpgfx_recv_evict_cache_entry_pdu]: RecvEvictCacheEntryPdu: cacheSlot: 82
[17:51:22:759] [47174:0000b861] [DEBUG][com.freerdp.channels.rdpgfx.client] - [rdpgfx_recv_evict_cache_entry_pdu]: RecvEvictCacheEntryPdu: cacheSlot: 83
[17:51:22:759] [47174:0000b861] [DEBUG][com.freerdp.channels.rdpgfx.client] - [rdpgfx_recv_evict_cache_entry_pdu]: RecvEvictCacheEntryPdu: cacheSlot: 84
[17:51:22:759] [47174:0000b861] [DEBUG][com.freerdp.channels.rdpgfx.client] - [rdpgfx_recv_evict_cache_entry_pdu]: RecvEvictCacheEntryPdu: cacheSlot: 85
[17:51:22:759] [47174:0000b861] [DEBUG][com.freerdp.channels.rdpgfx.client] - [rdpgfx_recv_evict_cache_entry_pdu]: RecvEvictCacheEntryPdu: cacheSlot: 86
[17:51:22:760] [47174:0000b861] [DEBUG][com.freerdp.channels.rdpgfx.client] - [rdpgfx_recv_evict_cache_entry_pdu]: RecvEvictCacheEntryPdu: cacheSlot: 87
[17:51:22:760] [47174:0000b861] [DEBUG][com.freerdp.channels.rdpgfx.client] - [rdpgfx_recv_evict_cache_entry_pdu]: RecvEvictCacheEntryPdu: cacheSlot: 91
[17:51:22:760] [47174:0000b861] [DEBUG][com.freerdp.channels.rdpgfx.client] - [rdpgfx_recv_evict_cache_entry_pdu]: RecvEvictCacheEntryPdu: cacheSlot: 92
[17:51:22:760] [47174:0000b861] [DEBUG][com.freerdp.channels.rdpgfx.client] - [rdpgfx_recv_evict_cache_entry_pdu]: RecvEvictCacheEntryPdu: cacheSlot: 93
[17:51:22:760] [47174:0000b861] [DEBUG][com.freerdp.channels.rdpgfx.client] - [rdpgfx_recv_evict_cache_entry_pdu]: RecvEvictCacheEntryPdu: cacheSlot: 94
[17:51:22:760] [47174:0000b861] [DEBUG][com.freerdp.channels.rdpgfx.client] - [rdpgfx_recv_evict_cache_entry_pdu]: RecvEvictCacheEntryPdu: cacheSlot: 95
[17:51:22:760] [47174:0000b861] [DEBUG][com.freerdp.channels.rdpgfx.client] - [rdpgfx_recv_evict_cache_entry_pdu]: RecvEvictCacheEntryPdu: cacheSlot: 96
[17:51:22:760] [47174:0000b861] [DEBUG][com.freerdp.channels.rdpgfx.client] - [rdpgfx_recv_evict_cache_entry_pdu]: RecvEvictCacheEntryPdu: cacheSlot: 97
[17:51:22:760] [47174:0000b861] [DEBUG][com.freerdp.channels.rdpgfx.client] - [rdpgfx_recv_evict_cache_entry_pdu]: RecvEvictCacheEntryPdu: cacheSlot: 98
[17:51:22:760] [47174:0000b861] [DEBUG][com.freerdp.channels.rdpgfx.client] - [rdpgfx_recv_evict_cache_entry_pdu]: RecvEvictCacheEntryPdu: cacheSlot: 99
[17:51:22:760] [47174:0000b861] [DEBUG][com.freerdp.channels.rdpgfx.client] - [rdpgfx_recv_evict_cache_entry_pdu]: RecvEvictCacheEntryPdu: cacheSlot: 100
[17:51:22:760] [47174:0000b861] [DEBUG][com.freerdp.channels.rdpgfx.client] - [rdpgfx_recv_evict_cache_entry_pdu]: RecvEvictCacheEntryPdu: cacheSlot: 101
[17:51:22:760] [47174:0000b861] [DEBUG][com.freerdp.channels.rdpgfx.client] - [rdpgfx_recv_evict_cache_entry_pdu]: RecvEvictCacheEntryPdu: cacheSlot: 102
[17:51:22:760] [47174:0000b861] [DEBUG][com.freerdp.channels.rdpgfx.client] - [rdpgfx_recv_evict_cache_entry_pdu]: RecvEvictCacheEntryPdu: cacheSlot: 103
[17:51:22:760] [47174:0000b861] [DEBUG][com.freerdp.channels.rdpgfx.client] - [rdpgfx_recv_evict_cache_entry_pdu]: RecvEvictCacheEntryPdu: cacheSlot: 104
[17:51:22:760] [47174:0000b861] [DEBUG][com.freerdp.channels.rdpgfx.client] - [rdpgfx_recv_evict_cache_entry_pdu]: RecvEvictCacheEntryPdu: cacheSlot: 107
[17:51:22:760] [47174:0000b861] [DEBUG][com.freerdp.channels.rdpgfx.client] - [rdpgfx_recv_evict_cache_entry_pdu]: RecvEvictCacheEntryPdu: cacheSlot: 109
[17:51:22:761] [47174:0000b861] [DEBUG][com.freerdp.channels.rdpgfx.client] - [rdpgfx_recv_evict_cache_entry_pdu]: RecvEvictCacheEntryPdu: cacheSlot: 110
[17:51:22:761] [47174:0000b861] [DEBUG][com.freerdp.channels.rdpgfx.client] - [rdpgfx_recv_evict_cache_entry_pdu]: RecvEvictCacheEntryPdu: cacheSlot: 111
[17:51:22:761] [47174:0000b861] [DEBUG][com.freerdp.channels.rdpgfx.client] - [rdpgfx_recv_evict_cache_entry_pdu]: RecvEvictCacheEntryPdu: cacheSlot: 112
[17:51:22:761] [47174:0000b861] [DEBUG][com.freerdp.channels.rdpgfx.client] - [rdpgfx_recv_evict_cache_entry_pdu]: RecvEvictCacheEntryPdu: cacheSlot: 113
[17:51:22:761] [47174:0000b861] [DEBUG][com.freerdp.channels.rdpgfx.client] - [rdpgfx_recv_evict_cache_entry_pdu]: RecvEvictCacheEntryPdu: cacheSlot: 114
[17:51:23:657] [47174:0000b848] [DEBUG][com.freerdp.client.x11] - [xf_input_handle_event_remote]: checking for pen
[17:51:23:658] [47174:0000b848] [DEBUG][com.freerdp.client.x11] - [xf_input_touch_remote]: touch_remote: ev=Begin id=1898 x=2331 y=32 rdpei=0x7f74e0214070 fallback=0
[17:51:23:658] [47174:0000b848] [DEBUG][com.freerdp.client.x11] - [xf_input_touch_remote]: touch_remote: ev=Other id=1898 x=0 y=0 rdpei=0x7f74e0214070 fallback=0
[17:51:23:666] [47174:0000b848] [DEBUG][com.freerdp.client.x11] - [xf_input_touch_remote]: touch_remote: ev=Update id=1898 x=2331 y=33 rdpei=0x7f74e0214070 fallback=0
[17:51:23:676] [47174:0000b848] [DEBUG][com.freerdp.client.x11] - [xf_input_touch_remote]: touch_remote: ev=Update id=1898 x=2331 y=34 rdpei=0x7f74e0214070 fallback=0
[17:51:23:686] [47174:0000b848] [DEBUG][com.freerdp.client.x11] - [xf_input_touch_remote]: touch_remote: ev=Update id=1898 x=2332 y=35 rdpei=0x7f74e0214070 fallback=0
[17:51:23:696] [47174:0000b848] [DEBUG][com.freerdp.client.x11] - [xf_input_touch_remote]: touch_remote: ev=Update id=1898 x=2332 y=34 rdpei=0x7f74e0214070 fallback=0
[17:51:23:706] [47174:0000b848] [DEBUG][com.freerdp.client.x11] - [xf_input_touch_remote]: touch_remote: ev=Update id=1898 x=2332 y=34 rdpei=0x7f74e0214070 fallback=0
[17:51:23:716] [47174:0000b848] [DEBUG][com.freerdp.client.x11] - [xf_input_touch_remote]: touch_remote: ev=Update id=1898 x=2332 y=32 rdpei=0x7f74e0214070 fallback=0
[17:51:23:736] [47174:0000b848] [DEBUG][com.freerdp.client.x11] - [xf_input_touch_remote]: touch_remote: ev=End id=1898 x=2332 y=32 rdpei=0x7f74e0214070 fallback=0
[17:51:23:753] [47174:0000b848] [DEBUG][com.freerdp.client.x11] - [xf_Pointer_Set]: 0x7f74e024b5e0
[17:51:23:753] [47174:0000b848] [DEBUG][com.freerdp.client.x11] - [xf_Pointer_GetCursorForCurrentScale]: scaled: 2560x1600, desktop: 2560x1600
[17:51:23:753] [47174:0000b848] [DEBUG][com.freerdp.client.x11] - [xf_Pointer_GetCursorForCurrentScale]: using cached cursor 0
[17:51:24:221] [47174:0000b861] [DEBUG][com.freerdp.channels.rdpgfx.client] - [rdpgfx_recv_evict_cache_entry_pdu]: RecvEvictCacheEntryPdu: cacheSlot: 115
[17:51:24:221] [47174:0000b861] [DEBUG][com.freerdp.channels.rdpgfx.client] - [rdpgfx_recv_evict_cache_entry_pdu]: RecvEvictCacheEntryPdu: cacheSlot: 116
[17:51:24:276] [47174:0000b848] [DEBUG][com.freerdp.client.x11] - [xf_Pointer_Set]: 0x7f74e024b5e0
[17:51:24:276] [47174:0000b848] [DEBUG][com.freerdp.client.x11] - [xf_Pointer_GetCursorForCurrentScale]: scaled: 2560x1600, desktop: 2560x1600
[17:51:24:276] [47174:0000b848] [DEBUG][com.freerdp.client.x11] - [xf_Pointer_GetCursorForCurrentScale]: using cached cursor 0
[17:51:24:735] [47174:0000b848] [DEBUG][com.freerdp.client.x11] - [xf_input_handle_event_remote]: checking for pen
[17:51:24:736] [47174:0000b848] [DEBUG][com.freerdp.client.x11] - [xf_input_touch_remote]: touch_remote: ev=Begin id=1899 x=2332 y=35 rdpei=0x7f74e0214070 fallback=0
[17:51:24:736] [47174:0000b848] [DEBUG][com.freerdp.client.x11] - [xf_input_touch_remote]: touch_remote: ev=Other id=1899 x=0 y=0 rdpei=0x7f74e0214070 fallback=0
[17:51:24:744] [47174:0000b848] [DEBUG][com.freerdp.client.x11] - [xf_input_touch_remote]: touch_remote: ev=Update id=1899 x=2331 y=33 rdpei=0x7f74e0214070 fallback=0
[17:51:24:755] [47174:0000b848] [DEBUG][com.freerdp.client.x11] - [xf_input_touch_remote]: touch_remote: ev=Update id=1899 x=2331 y=34 rdpei=0x7f74e0214070 fallback=0
[17:51:24:765] [47174:0000b848] [DEBUG][com.freerdp.client.x11] - [xf_input_touch_remote]: touch_remote: ev=Update id=1899 x=2331 y=35 rdpei=0x7f74e0214070 fallback=0
[17:51:24:774] [47174:0000b848] [DEBUG][com.freerdp.client.x11] - [xf_input_touch_remote]: touch_remote: ev=Update id=1899 x=2331 y=36 rdpei=0x7f74e0214070 fallback=0
[17:51:24:785] [47174:0000b848] [DEBUG][com.freerdp.client.x11] - [xf_input_touch_remote]: touch_remote: ev=Update id=1899 x=2331 y=34 rdpei=0x7f74e0214070 fallback=0
[17:51:24:795] [47174:0000b848] [DEBUG][com.freerdp.client.x11] - [xf_input_touch_remote]: touch_remote: ev=Update id=1899 x=2332 y=33 rdpei=0x7f74e0214070 fallback=0
[17:51:24:815] [47174:0000b848] [DEBUG][com.freerdp.client.x11] - [xf_input_touch_remote]: touch_remote: ev=End id=1899 x=2332 y=33 rdpei=0x7f74e0214070 fallback=0
[17:51:24:818] [47174:0000b848] [DEBUG][com.freerdp.client.x11] - [xf_Pointer_SetNull]: called
[17:51:24:869] [47174:0000b861] [DEBUG][com.freerdp.channels.rdpgfx.client] - [rdpgfx_recv_evict_cache_entry_pdu]: RecvEvictCacheEntryPdu: cacheSlot: 117
[17:51:24:869] [47174:0000b861] [DEBUG][com.freerdp.channels.rdpgfx.client] - [rdpgfx_recv_evict_cache_entry_pdu]: RecvEvictCacheEntryPdu: cacheSlot: 118
[17:51:24:869] [47174:0000b861] [DEBUG][com.freerdp.channels.rdpgfx.client] - [rdpgfx_recv_evict_cache_entry_pdu]: RecvEvictCacheEntryPdu: cacheSlot: 119
[17:51:25:325] [47174:0000b861] [DEBUG][com.freerdp.channels.rdpgfx.client] - [rdpgfx_recv_evict_cache_entry_pdu]: RecvEvictCacheEntryPdu: cacheSlot: 120
[17:51:25:325] [47174:0000b861] [DEBUG][com.freerdp.channels.rdpgfx.client] - [rdpgfx_recv_evict_cache_entry_pdu]: RecvEvictCacheEntryPdu: cacheSlot: 123
[17:51:25:473] [47174:0000b861] [DEBUG][com.freerdp.channels.rdpgfx.client] - [rdpgfx_recv_evict_cache_entry_pdu]: RecvEvictCacheEntryPdu: cacheSlot: 124
[17:51:25:473] [47174:0000b861] [DEBUG][com.freerdp.channels.rdpgfx.client] - [rdpgfx_recv_evict_cache_entry_pdu]: RecvEvictCacheEntryPdu: cacheSlot: 125
[17:51:25:473] [47174:0000b861] [DEBUG][com.freerdp.channels.rdpgfx.client] - [rdpgfx_recv_evict_cache_entry_pdu]: RecvEvictCacheEntryPdu: cacheSlot: 126
[17:51:25:473] [47174:0000b861] [DEBUG][com.freerdp.channels.rdpgfx.client] - [rdpgfx_recv_evict_cache_entry_pdu]: RecvEvictCacheEntryPdu: cacheSlot: 127
[17:51:25:473] [47174:0000b861] [DEBUG][com.freerdp.channels.rdpgfx.client] - [rdpgfx_recv_evict_cache_entry_pdu]: RecvEvictCacheEntryPdu: cacheSlot: 128
[17:51:25:473] [47174:0000b861] [DEBUG][com.freerdp.channels.rdpgfx.client] - [rdpgfx_recv_evict_cache_entry_pdu]: RecvEvictCacheEntryPdu: cacheSlot: 129
[17:51:25:473] [47174:0000b861] [DEBUG][com.freerdp.channels.rdpgfx.client] - [rdpgfx_recv_evict_cache_entry_pdu]: RecvEvictCacheEntryPdu: cacheSlot: 130
[17:51:25:473] [47174:0000b861] [DEBUG][com.freerdp.channels.rdpgfx.client] - [rdpgfx_recv_evict_cache_entry_pdu]: RecvEvictCacheEntryPdu: cacheSlot: 131
[17:51:25:473] [47174:0000b861] [DEBUG][com.freerdp.channels.rdpgfx.client] - [rdpgfx_recv_evict_cache_entry_pdu]: RecvEvictCacheEntryPdu: cacheSlot: 132
[17:51:25:473] [47174:0000b861] [DEBUG][com.freerdp.channels.rdpgfx.client] - [rdpgfx_recv_evict_cache_entry_pdu]: RecvEvictCacheEntryPdu: cacheSlot: 133
[17:51:26:066] [47174:0000b848] [DEBUG][com.freerdp.client.x11] - [xf_input_handle_event_remote]: checking for pen
[17:51:26:067] [47174:0000b848] [DEBUG][com.freerdp.client.x11] - [xf_input_touch_remote]: touch_remote: ev=Begin id=1900 x=1473 y=616 rdpei=0x7f74e0214070 fallback=0
[17:51:26:068] [47174:0000b848] [DEBUG][com.freerdp.client.x11] - [xf_input_touch_remote]: touch_remote: ev=Other id=1900 x=0 y=0 rdpei=0x7f74e0214070 fallback=0
[17:51:26:076] [47174:0000b848] [DEBUG][com.freerdp.client.x11] - [xf_input_touch_remote]: touch_remote: ev=Update id=1900 x=1474 y=616 rdpei=0x7f74e0214070 fallback=0
[17:51:26:086] [47174:0000b848] [DEBUG][com.freerdp.client.x11] - [xf_input_touch_remote]: touch_remote: ev=Update id=1900 x=1474 y=616 rdpei=0x7f74e0214070 fallback=0
[17:51:26:096] [47174:0000b848] [DEBUG][com.freerdp.client.x11] - [xf_input_touch_remote]: touch_remote: ev=Update id=1900 x=1475 y=616 rdpei=0x7f74e0214070 fallback=0
[17:51:26:106] [47174:0000b848] [DEBUG][com.freerdp.client.x11] - [xf_input_touch_remote]: touch_remote: ev=Update id=1900 x=1475 y=617 rdpei=0x7f74e0214070 fallback=0
[17:51:26:115] [47174:0000b848] [DEBUG][com.freerdp.client.x11] - [xf_input_touch_remote]: touch_remote: ev=Update id=1900 x=1477 y=619 rdpei=0x7f74e0214070 fallback=0
[17:51:26:126] [47174:0000b848] [DEBUG][com.freerdp.client.x11] - [xf_input_touch_remote]: touch_remote: ev=Update id=1900 x=1478 y=621 rdpei=0x7f74e0214070 fallback=0
[17:51:26:136] [47174:0000b848] [DEBUG][com.freerdp.client.x11] - [xf_input_touch_remote]: touch_remote: ev=Update id=1900 x=1481 y=623 rdpei=0x7f74e0214070 fallback=0
[17:51:26:146] [47174:0000b848] [DEBUG][com.freerdp.client.x11] - [xf_input_touch_remote]: touch_remote: ev=Update id=1900 x=1484 y=626 rdpei=0x7f74e0214070 fallback=0
[17:51:26:152] [47174:0000b848] [DEBUG][com.freerdp.client.x11] - [xf_Pointer_Set]: 0x7f74e024b5e0
[17:51:26:152] [47174:0000b848] [DEBUG][com.freerdp.client.x11] - [xf_Pointer_GetCursorForCurrentScale]: scaled: 2560x1600, desktop: 2560x1600
[17:51:26:152] [47174:0000b848] [DEBUG][com.freerdp.client.x11] - [xf_Pointer_GetCursorForCurrentScale]: using cached cursor 0
[17:51:26:156] [47174:0000b848] [DEBUG][com.freerdp.client.x11] - [xf_input_touch_remote]: touch_remote: ev=Update id=1900 x=1489 y=634 rdpei=0x7f74e0214070 fallback=0
[17:51:26:166] [47174:0000b848] [DEBUG][com.freerdp.client.x11] - [xf_input_touch_remote]: touch_remote: ev=Update id=1900 x=1507 y=654 rdpei=0x7f74e0214070 fallback=0
[17:51:26:176] [47174:0000b848] [DEBUG][com.freerdp.client.x11] - [xf_input_touch_remote]: touch_remote: ev=Update id=1900 x=1525 y=675 rdpei=0x7f74e0214070 fallback=0
[17:51:26:187] [47174:0000b848] [DEBUG][com.freerdp.client.x11] - [xf_input_touch_remote]: touch_remote: ev=Update id=1900 x=1534 y=688 rdpei=0x7f74e0214070 fallback=0
[17:51:26:196] [47174:0000b848] [DEBUG][com.freerdp.client.x11] - [xf_input_touch_remote]: touch_remote: ev=Update id=1900 x=1543 y=700 rdpei=0x7f74e0214070 fallback=0
[17:51:26:207] [47174:0000b848] [DEBUG][com.freerdp.client.x11] - [xf_input_touch_remote]: touch_remote: ev=Update id=1900 x=1555 y=714 rdpei=0x7f74e0214070 fallback=0
[17:51:26:216] [47174:0000b848] [DEBUG][com.freerdp.client.x11] - [xf_input_touch_remote]: touch_remote: ev=Update id=1900 x=1569 y=727 rdpei=0x7f74e0214070 fallback=0
[17:51:26:227] [47174:0000b848] [DEBUG][com.freerdp.client.x11] - [xf_input_touch_remote]: touch_remote: ev=Update id=1900 x=1584 y=740 rdpei=0x7f74e0214070 fallback=0
[17:51:26:236] [47174:0000b848] [DEBUG][com.freerdp.client.x11] - [xf_input_touch_remote]: touch_remote: ev=Update id=1900 x=1600 y=754 rdpei=0x7f74e0214070 fallback=0
[17:51:26:247] [47174:0000b848] [DEBUG][com.freerdp.client.x11] - [xf_input_touch_remote]: touch_remote: ev=Update id=1900 x=1616 y=770 rdpei=0x7f74e0214070 fallback=0
[17:51:26:256] [47174:0000b848] [DEBUG][com.freerdp.client.x11] - [xf_input_touch_remote]: touch_remote: ev=Update id=1900 x=1633 y=786 rdpei=0x7f74e0214070 fallback=0
[17:51:26:267] [47174:0000b848] [DEBUG][com.freerdp.client.x11] - [xf_input_touch_remote]: touch_remote: ev=Update id=1900 x=1652 y=802 rdpei=0x7f74e0214070 fallback=0
[17:51:26:272] [47174:0000b848] [DEBUG][com.freerdp.client.x11] - [xf_Pointer_Set]: 0x7f74e024b5e0
[17:51:26:272] [47174:0000b848] [DEBUG][com.freerdp.client.x11] - [xf_Pointer_GetCursorForCurrentScale]: scaled: 2560x1600, desktop: 2560x1600
[17:51:26:272] [47174:0000b848] [DEBUG][com.freerdp.client.x11] - [xf_Pointer_GetCursorForCurrentScale]: using cached cursor 0
[17:51:26:277] [47174:0000b848] [DEBUG][com.freerdp.client.x11] - [xf_input_touch_remote]: touch_remote: ev=Update id=1900 x=1672 y=818 rdpei=0x7f74e0214070 fallback=0
[17:51:26:287] [47174:0000b848] [DEBUG][com.freerdp.client.x11] - [xf_input_touch_remote]: touch_remote: ev=Update id=1900 x=1692 y=836 rdpei=0x7f74e0214070 fallback=0
[17:51:26:297] [47174:0000b848] [DEBUG][com.freerdp.client.x11] - [xf_input_touch_remote]: touch_remote: ev=Update id=1900 x=1710 y=852 rdpei=0x7f74e0214070 fallback=0
[17:51:26:307] [47174:0000b848] [DEBUG][com.freerdp.client.x11] - [xf_input_touch_remote]: touch_remote: ev=Update id=1900 x=1730 y=869 rdpei=0x7f74e0214070 fallback=0
[17:51:26:317] [47174:0000b848] [DEBUG][com.freerdp.client.x11] - [xf_input_touch_remote]: touch_remote: ev=Update id=1900 x=1748 y=883 rdpei=0x7f74e0214070 fallback=0
[17:51:26:327] [47174:0000b848] [DEBUG][com.freerdp.client.x11] - [xf_input_touch_remote]: touch_remote: ev=Update id=1900 x=1761 y=894 rdpei=0x7f74e0214070 fallback=0
[17:51:26:337] [47174:0000b848] [DEBUG][com.freerdp.client.x11] - [xf_input_touch_remote]: touch_remote: ev=Update id=1900 x=1777 y=907 rdpei=0x7f74e0214070 fallback=0
[17:51:26:348] [47174:0000b848] [DEBUG][com.freerdp.client.x11] - [xf_input_touch_remote]: touch_remote: ev=Update id=1900 x=1791 y=918 rdpei=0x7f74e0214070 fallback=0
[17:51:26:357] [47174:0000b848] [DEBUG][com.freerdp.client.x11] - [xf_input_touch_remote]: touch_remote: ev=Update id=1900 x=1805 y=930 rdpei=0x7f74e0214070 fallback=0
[17:51:26:368] [47174:0000b848] [DEBUG][com.freerdp.client.x11] - [xf_input_touch_remote]: touch_remote: ev=Update id=1900 x=1821 y=942 rdpei=0x7f74e0214070 fallback=0
[17:51:26:378] [47174:0000b848] [DEBUG][com.freerdp.client.x11] - [xf_input_touch_remote]: touch_remote: ev=Update id=1900 x=1837 y=955 rdpei=0x7f74e0214070 fallback=0
[17:51:26:388] [47174:0000b848] [DEBUG][com.freerdp.client.x11] - [xf_input_touch_remote]: touch_remote: ev=Update id=1900 x=1853 y=967 rdpei=0x7f74e0214070 fallback=0
[17:51:26:398] [47174:0000b848] [DEBUG][com.freerdp.client.x11] - [xf_input_touch_remote]: touch_remote: ev=Update id=1900 x=1868 y=978 rdpei=0x7f74e0214070 fallback=0
[17:51:26:408] [47174:0000b848] [DEBUG][com.freerdp.client.x11] - [xf_input_touch_remote]: touch_remote: ev=Update id=1900 x=1885 y=990 rdpei=0x7f74e0214070 fallback=0
[17:51:26:418] [47174:0000b848] [DEBUG][com.freerdp.client.x11] - [xf_input_touch_remote]: touch_remote: ev=Update id=1900 x=1900 y=1001 rdpei=0x7f74e0214070 fallback=0
[17:51:26:428] [47174:0000b848] [DEBUG][com.freerdp.client.x11] - [xf_input_touch_remote]: touch_remote: ev=Update id=1900 x=1915 y=1013 rdpei=0x7f74e0214070 fallback=0
[17:51:26:438] [47174:0000b848] [DEBUG][com.freerdp.client.x11] - [xf_input_touch_remote]: touch_remote: ev=Update id=1900 x=1931 y=1025 rdpei=0x7f74e0214070 fallback=0
[17:51:26:448] [47174:0000b848] [DEBUG][com.freerdp.client.x11] - [xf_input_touch_remote]: touch_remote: ev=Update id=1900 x=1946 y=1036 rdpei=0x7f74e0214070 fallback=0
[17:51:26:458] [47174:0000b848] [DEBUG][com.freerdp.client.x11] - [xf_input_touch_remote]: touch_remote: ev=Update id=1900 x=1960 y=1046 rdpei=0x7f74e0214070 fallback=0
[17:51:26:468] [47174:0000b848] [DEBUG][com.freerdp.client.x11] - [xf_input_touch_remote]: touch_remote: ev=Update id=1900 x=1974 y=1056 rdpei=0x7f74e0214070 fallback=0
[17:51:26:478] [47174:0000b848] [DEBUG][com.freerdp.client.x11] - [xf_input_touch_remote]: touch_remote: ev=Update id=1900 x=1986 y=1064 rdpei=0x7f74e0214070 fallback=0
[17:51:26:488] [47174:0000b848] [DEBUG][com.freerdp.client.x11] - [xf_input_touch_remote]: touch_remote: ev=Update id=1900 x=1997 y=1071 rdpei=0x7f74e0214070 fallback=0
[17:51:26:499] [47174:0000b848] [DEBUG][com.freerdp.client.x11] - [xf_input_touch_remote]: touch_remote: ev=Update id=1900 x=2008 y=1077 rdpei=0x7f74e0214070 fallback=0
[17:51:26:508] [47174:0000b848] [DEBUG][com.freerdp.client.x11] - [xf_input_touch_remote]: touch_remote: ev=Update id=1900 x=2017 y=1083 rdpei=0x7f74e0214070 fallback=0
[17:51:26:519] [47174:0000b848] [DEBUG][com.freerdp.client.x11] - [xf_input_touch_remote]: touch_remote: ev=Update id=1900 x=2026 y=1089 rdpei=0x7f74e0214070 fallback=0
[17:51:26:529] [47174:0000b848] [DEBUG][com.freerdp.client.x11] - [xf_input_touch_remote]: touch_remote: ev=Update id=1900 x=2036 y=1095 rdpei=0x7f74e0214070 fallback=0
[17:51:26:539] [47174:0000b848] [DEBUG][com.freerdp.client.x11] - [xf_input_touch_remote]: touch_remote: ev=Update id=1900 x=2044 y=1102 rdpei=0x7f74e0214070 fallback=0
[17:51:26:549] [47174:0000b848] [DEBUG][com.freerdp.client.x11] - [xf_input_touch_remote]: touch_remote: ev=Update id=1900 x=2052 y=1109 rdpei=0x7f74e0214070 fallback=0
[17:51:26:559] [47174:0000b848] [DEBUG][com.freerdp.client.x11] - [xf_input_touch_remote]: touch_remote: ev=Update id=1900 x=2060 y=1115 rdpei=0x7f74e0214070 fallback=0
[17:51:26:569] [47174:0000b848] [DEBUG][com.freerdp.client.x11] - [xf_input_touch_remote]: touch_remote: ev=Update id=1900 x=2068 y=1121 rdpei=0x7f74e0214070 fallback=0
[17:51:26:579] [47174:0000b848] [DEBUG][com.freerdp.client.x11] - [xf_input_touch_remote]: touch_remote: ev=Update id=1900 x=2074 y=1127 rdpei=0x7f74e0214070 fallback=0
[17:51:26:589] [47174:0000b848] [DEBUG][com.freerdp.client.x11] - [xf_input_touch_remote]: touch_remote: ev=Update id=1900 x=2080 y=1132 rdpei=0x7f74e0214070 fallback=0
[17:51:26:599] [47174:0000b848] [DEBUG][com.freerdp.client.x11] - [xf_input_touch_remote]: touch_remote: ev=Update id=1900 x=2085 y=1136 rdpei=0x7f74e0214070 fallback=0
[17:51:26:609] [47174:0000b848] [DEBUG][com.freerdp.client.x11] - [xf_input_touch_remote]: touch_remote: ev=Update id=1900 x=2089 y=1139 rdpei=0x7f74e0214070 fallback=0
[17:51:26:624] [47174:0000b848] [DEBUG][com.freerdp.client.x11] - [xf_input_touch_remote]: touch_remote: ev=Update id=1900 x=2092 y=1141 rdpei=0x7f74e0214070 fallback=0
[17:51:26:634] [47174:0000b848] [DEBUG][com.freerdp.client.x11] - [xf_input_touch_remote]: touch_remote: ev=Update id=1900 x=2093 y=1142 rdpei=0x7f74e0214070 fallback=0
[17:51:26:644] [47174:0000b848] [DEBUG][com.freerdp.client.x11] - [xf_input_touch_remote]: touch_remote: ev=Update id=1900 x=2095 y=1144 rdpei=0x7f74e0214070 fallback=0
[17:51:26:654] [47174:0000b848] [DEBUG][com.freerdp.client.x11] - [xf_input_touch_remote]: touch_remote: ev=Update id=1900 x=2096 y=1145 rdpei=0x7f74e0214070 fallback=0
[17:51:26:665] [47174:0000b848] [DEBUG][com.freerdp.client.x11] - [xf_input_touch_remote]: touch_remote: ev=Update id=1900 x=2097 y=1146 rdpei=0x7f74e0214070 fallback=0
[17:51:26:674] [47174:0000b848] [DEBUG][com.freerdp.client.x11] - [xf_input_touch_remote]: touch_remote: ev=Update id=1900 x=2098 y=1147 rdpei=0x7f74e0214070 fallback=0
[17:51:26:685] [47174:0000b848] [DEBUG][com.freerdp.client.x11] - [xf_input_touch_remote]: touch_remote: ev=Update id=1900 x=2098 y=1146 rdpei=0x7f74e0214070 fallback=0
[17:51:26:695] [47174:0000b848] [DEBUG][com.freerdp.client.x11] - [xf_input_touch_remote]: touch_remote: ev=Update id=1900 x=2099 y=1146 rdpei=0x7f74e0214070 fallback=0
[17:51:26:705] [47174:0000b848] [DEBUG][com.freerdp.client.x11] - [xf_input_touch_remote]: touch_remote: ev=Update id=1900 x=2098 y=1147 rdpei=0x7f74e0214070 fallback=0
[17:51:26:715] [47174:0000b848] [DEBUG][com.freerdp.client.x11] - [xf_input_touch_remote]: touch_remote: ev=Update id=1900 x=2099 y=1147 rdpei=0x7f74e0214070 fallback=0
[17:51:26:735] [47174:0000b848] [DEBUG][com.freerdp.client.x11] - [xf_input_touch_remote]: touch_remote: ev=Update id=1900 x=2099 y=1146 rdpei=0x7f74e0214070 fallback=0
[17:51:26:766] [47174:0000b848] [DEBUG][com.freerdp.client.x11] - [xf_input_touch_remote]: touch_remote: ev=Update id=1900 x=2098 y=1147 rdpei=0x7f74e0214070 fallback=0
[17:51:26:775] [47174:0000b848] [DEBUG][com.freerdp.client.x11] - [xf_input_touch_remote]: touch_remote: ev=Update id=1900 x=2098 y=1146 rdpei=0x7f74e0214070 fallback=0
[17:51:26:786] [47174:0000b848] [DEBUG][com.freerdp.client.x11] - [xf_input_touch_remote]: touch_remote: ev=Update id=1900 x=2098 y=1146 rdpei=0x7f74e0214070 fallback=0
[17:51:26:795] [47174:0000b848] [DEBUG][com.freerdp.client.x11] - [xf_input_touch_remote]: touch_remote: ev=Update id=1900 x=2099 y=1146 rdpei=0x7f74e0214070 fallback=0
[17:51:26:806] [47174:0000b848] [DEBUG][com.freerdp.client.x11] - [xf_input_touch_remote]: touch_remote: ev=Update id=1900 x=2098 y=1146 rdpei=0x7f74e0214070 fallback=0
[17:51:26:836] [47174:0000b848] [DEBUG][com.freerdp.client.x11] - [xf_input_touch_remote]: touch_remote: ev=Update id=1900 x=2098 y=1145 rdpei=0x7f74e0214070 fallback=0
[17:51:26:856] [47174:0000b848] [DEBUG][com.freerdp.client.x11] - [xf_input_touch_remote]: touch_remote: ev=Update id=1900 x=2097 y=1145 rdpei=0x7f74e0214070 fallback=0
[17:51:26:866] [47174:0000b848] [DEBUG][com.freerdp.client.x11] - [xf_input_touch_remote]: touch_remote: ev=Update id=1900 x=2097 y=1145 rdpei=0x7f74e0214070 fallback=0
[17:51:26:876] [47174:0000b848] [DEBUG][com.freerdp.client.x11] - [xf_input_touch_remote]: touch_remote: ev=Update id=1900 x=2096 y=1145 rdpei=0x7f74e0214070 fallback=0
[17:51:26:887] [47174:0000b848] [DEBUG][com.freerdp.client.x11] - [xf_input_touch_remote]: touch_remote: ev=Update id=1900 x=2096 y=1144 rdpei=0x7f74e0214070 fallback=0
[17:51:26:896] [47174:0000b848] [DEBUG][com.freerdp.client.x11] - [xf_input_touch_remote]: touch_remote: ev=Update id=1900 x=2096 y=1143 rdpei=0x7f74e0214070 fallback=0
[17:51:26:907] [47174:0000b848] [DEBUG][com.freerdp.client.x11] - [xf_input_touch_remote]: touch_remote: ev=Update id=1900 x=2095 y=1141 rdpei=0x7f74e0214070 fallback=0
[17:51:26:916] [47174:0000b848] [DEBUG][com.freerdp.client.x11] - [xf_input_touch_remote]: touch_remote: ev=Update id=1900 x=2095 y=1140 rdpei=0x7f74e0214070 fallback=0
[17:51:26:927] [47174:0000b848] [DEBUG][com.freerdp.client.x11] - [xf_input_touch_remote]: touch_remote: ev=End id=1900 x=2095 y=1140 rdpei=0x7f74e0214070 fallback=0
[17:51:27:210] [47174:0000b848] [DEBUG][com.freerdp.client.x11] - [xf_input_handle_event_remote]: checking for pen
[17:51:27:210] [47174:0000b848] [DEBUG][com.freerdp.client.x11] - [xf_input_touch_remote]: touch_remote: ev=Begin id=1901 x=2060 y=518 rdpei=0x7f74e0214070 fallback=0
[17:51:27:211] [47174:0000b848] [DEBUG][com.freerdp.client.x11] - [xf_input_touch_remote]: touch_remote: ev=Other id=1901 x=0 y=0 rdpei=0x7f74e0214070 fallback=0
[17:51:27:219] [47174:0000b848] [DEBUG][com.freerdp.client.x11] - [xf_input_touch_remote]: touch_remote: ev=Update id=1901 x=2060 y=519 rdpei=0x7f74e0214070 fallback=0
[17:51:27:230] [47174:0000b848] [DEBUG][com.freerdp.client.x11] - [xf_input_touch_remote]: touch_remote: ev=Update id=1901 x=2058 y=521 rdpei=0x7f74e0214070 fallback=0
[17:51:27:239] [47174:0000b848] [DEBUG][com.freerdp.client.x11] - [xf_input_touch_remote]: touch_remote: ev=Update id=1901 x=2056 y=523 rdpei=0x7f74e0214070 fallback=0
[17:51:27:250] [47174:0000b848] [DEBUG][com.freerdp.client.x11] - [xf_input_touch_remote]: touch_remote: ev=Update id=1901 x=2053 y=526 rdpei=0x7f74e0214070 fallback=0
[17:51:27:259] [47174:0000b848] [DEBUG][com.freerdp.client.x11] - [xf_input_touch_remote]: touch_remote: ev=Update id=1901 x=2045 y=534 rdpei=0x7f74e0214070 fallback=0
[17:51:27:270] [47174:0000b848] [DEBUG][com.freerdp.client.x11] - [xf_input_touch_remote]: touch_remote: ev=Update id=1901 x=2027 y=558 rdpei=0x7f74e0214070 fallback=0
[17:51:27:279] [47174:0000b848] [DEBUG][com.freerdp.client.x11] - [xf_input_touch_remote]: touch_remote: ev=Update id=1901 x=1995 y=597 rdpei=0x7f74e0214070 fallback=0
[17:51:27:290] [47174:0000b848] [DEBUG][com.freerdp.client.x11] - [xf_input_touch_remote]: touch_remote: ev=Update id=1901 x=1964 y=634 rdpei=0x7f74e0214070 fallback=0
[17:51:27:299] [47174:0000b848] [DEBUG][com.freerdp.client.x11] - [xf_input_touch_remote]: touch_remote: ev=Update id=1901 x=1945 y=658 rdpei=0x7f74e0214070 fallback=0
[17:51:27:310] [47174:0000b848] [DEBUG][com.freerdp.client.x11] - [xf_input_touch_remote]: touch_remote: ev=Update id=1901 x=1918 y=693 rdpei=0x7f74e0214070 fallback=0
[17:51:27:320] [47174:0000b848] [DEBUG][com.freerdp.client.x11] - [xf_input_touch_remote]: touch_remote: ev=Update id=1901 x=1890 y=732 rdpei=0x7f74e0214070 fallback=0
[17:51:27:330] [47174:0000b848] [DEBUG][com.freerdp.client.x11] - [xf_input_touch_remote]: touch_remote: ev=Update id=1901 x=1867 y=765 rdpei=0x7f74e0214070 fallback=0
[17:51:27:340] [47174:0000b848] [DEBUG][com.freerdp.client.x11] - [xf_input_touch_remote]: touch_remote: ev=Update id=1901 x=1848 y=784 rdpei=0x7f74e0214070 fallback=0
[17:51:27:350] [47174:0000b848] [DEBUG][com.freerdp.client.x11] - [xf_input_touch_remote]: touch_remote: ev=Update id=1901 x=1828 y=807 rdpei=0x7f74e0214070 fallback=0
[17:51:27:360] [47174:0000b848] [DEBUG][com.freerdp.client.x11] - [xf_input_touch_remote]: touch_remote: ev=Update id=1901 x=1802 y=836 rdpei=0x7f74e0214070 fallback=0
[17:51:27:370] [47174:0000b848] [DEBUG][com.freerdp.client.x11] - [xf_input_touch_remote]: touch_remote: ev=Update id=1901 x=1779 y=867 rdpei=0x7f74e0214070 fallback=0
[17:51:27:380] [47174:0000b848] [DEBUG][com.freerdp.client.x11] - [xf_input_touch_remote]: touch_remote: ev=Update id=1901 x=1757 y=892 rdpei=0x7f74e0214070 fallback=0
[17:51:27:391] [47174:0000b848] [DEBUG][com.freerdp.client.x11] - [xf_input_touch_remote]: touch_remote: ev=Update id=1901 x=1738 y=920 rdpei=0x7f74e0214070 fallback=0
[17:51:27:400] [47174:0000b848] [DEBUG][com.freerdp.client.x11] - [xf_input_touch_remote]: touch_remote: ev=Update id=1901 x=1716 y=952 rdpei=0x7f74e0214070 fallback=0
[17:51:27:411] [47174:0000b848] [DEBUG][com.freerdp.client.x11] - [xf_input_touch_remote]: touch_remote: ev=Update id=1901 x=1694 y=982 rdpei=0x7f74e0214070 fallback=0
[17:51:27:420] [47174:0000b848] [DEBUG][com.freerdp.client.x11] - [xf_input_touch_remote]: touch_remote: ev=Update id=1901 x=1674 y=1006 rdpei=0x7f74e0214070 fallback=0
[17:51:27:431] [47174:0000b848] [DEBUG][com.freerdp.client.x11] - [xf_input_touch_remote]: touch_remote: ev=Update id=1901 x=1657 y=1026 rdpei=0x7f74e0214070 fallback=0
[17:51:27:441] [47174:0000b848] [DEBUG][com.freerdp.client.x11] - [xf_input_touch_remote]: touch_remote: ev=Update id=1901 x=1639 y=1047 rdpei=0x7f74e0214070 fallback=0
[17:51:27:451] [47174:0000b848] [DEBUG][com.freerdp.client.x11] - [xf_input_touch_remote]: touch_remote: ev=Update id=1901 x=1621 y=1067 rdpei=0x7f74e0214070 fallback=0
[17:51:27:461] [47174:0000b848] [DEBUG][com.freerdp.client.x11] - [xf_input_touch_remote]: touch_remote: ev=Update id=1901 x=1605 y=1084 rdpei=0x7f74e0214070 fallback=0
[17:51:27:471] [47174:0000b848] [DEBUG][com.freerdp.client.x11] - [xf_input_touch_remote]: touch_remote: ev=Update id=1901 x=1589 y=1105 rdpei=0x7f74e0214070 fallback=0
[17:51:27:481] [47174:0000b848] [DEBUG][com.freerdp.client.x11] - [xf_input_touch_remote]: touch_remote: ev=Update id=1901 x=1576 y=1124 rdpei=0x7f74e0214070 fallback=0
[17:51:27:491] [47174:0000b848] [DEBUG][com.freerdp.client.x11] - [xf_input_touch_remote]: touch_remote: ev=Update id=1901 x=1563 y=1141 rdpei=0x7f74e0214070 fallback=0
[17:51:27:501] [47174:0000b848] [DEBUG][com.freerdp.client.x11] - [xf_input_touch_remote]: touch_remote: ev=Update id=1901 x=1552 y=1155 rdpei=0x7f74e0214070 fallback=0
[17:51:27:511] [47174:0000b848] [DEBUG][com.freerdp.client.x11] - [xf_input_touch_remote]: touch_remote: ev=Update id=1901 x=1542 y=1167 rdpei=0x7f74e0214070 fallback=0
[17:51:27:521] [47174:0000b848] [DEBUG][com.freerdp.client.x11] - [xf_input_touch_remote]: touch_remote: ev=Update id=1901 x=1534 y=1179 rdpei=0x7f74e0214070 fallback=0
[17:51:27:531] [47174:0000b848] [DEBUG][com.freerdp.client.x11] - [xf_input_touch_remote]: touch_remote: ev=Update id=1901 x=1528 y=1189 rdpei=0x7f74e0214070 fallback=0
[17:51:27:541] [47174:0000b848] [DEBUG][com.freerdp.client.x11] - [xf_input_touch_remote]: touch_remote: ev=Update id=1901 x=1521 y=1197 rdpei=0x7f74e0214070 fallback=0
[17:51:27:551] [47174:0000b848] [DEBUG][com.freerdp.client.x11] - [xf_input_touch_remote]: touch_remote: ev=Update id=1901 x=1517 y=1205 rdpei=0x7f74e0214070 fallback=0
[17:51:27:562] [47174:0000b848] [DEBUG][com.freerdp.client.x11] - [xf_input_touch_remote]: touch_remote: ev=Update id=1901 x=1513 y=1212 rdpei=0x7f74e0214070 fallback=0
[17:51:27:572] [47174:0000b848] [DEBUG][com.freerdp.client.x11] - [xf_input_touch_remote]: touch_remote: ev=Update id=1901 x=1509 y=1217 rdpei=0x7f74e0214070 fallback=0
[17:51:27:582] [47174:0000b848] [DEBUG][com.freerdp.client.x11] - [xf_input_touch_remote]: touch_remote: ev=Update id=1901 x=1504 y=1222 rdpei=0x7f74e0214070 fallback=0
[17:51:27:592] [47174:0000b848] [DEBUG][com.freerdp.client.x11] - [xf_input_touch_remote]: touch_remote: ev=Update id=1901 x=1499 y=1226 rdpei=0x7f74e0214070 fallback=0
[17:51:27:602] [47174:0000b848] [DEBUG][com.freerdp.client.x11] - [xf_input_touch_remote]: touch_remote: ev=Update id=1901 x=1497 y=1231 rdpei=0x7f74e0214070 fallback=0
[17:51:27:612] [47174:0000b848] [DEBUG][com.freerdp.client.x11] - [xf_input_touch_remote]: touch_remote: ev=Update id=1901 x=1494 y=1233 rdpei=0x7f74e0214070 fallback=0
[17:51:27:622] [47174:0000b848] [DEBUG][com.freerdp.client.x11] - [xf_input_touch_remote]: touch_remote: ev=Update id=1901 x=1493 y=1235 rdpei=0x7f74e0214070 fallback=0
[17:51:27:632] [47174:0000b848] [DEBUG][com.freerdp.client.x11] - [xf_input_touch_remote]: touch_remote: ev=Update id=1901 x=1490 y=1237 rdpei=0x7f74e0214070 fallback=0
[17:51:27:642] [47174:0000b848] [DEBUG][com.freerdp.client.x11] - [xf_input_touch_remote]: touch_remote: ev=Update id=1901 x=1488 y=1239 rdpei=0x7f74e0214070 fallback=0
[17:51:27:652] [47174:0000b848] [DEBUG][com.freerdp.client.x11] - [xf_input_touch_remote]: touch_remote: ev=Update id=1901 x=1488 y=1241 rdpei=0x7f74e0214070 fallback=0
[17:51:27:663] [47174:0000b848] [DEBUG][com.freerdp.client.x11] - [xf_input_touch_remote]: touch_remote: ev=Update id=1901 x=1488 y=1242 rdpei=0x7f74e0214070 fallback=0
[17:51:27:672] [47174:0000b848] [DEBUG][com.freerdp.client.x11] - [xf_input_touch_remote]: touch_remote: ev=Update id=1901 x=1487 y=1242 rdpei=0x7f74e0214070 fallback=0
[17:51:27:683] [47174:0000b848] [DEBUG][com.freerdp.client.x11] - [xf_input_touch_remote]: touch_remote: ev=Update id=1901 x=1486 y=1243 rdpei=0x7f74e0214070 fallback=0
[17:51:27:693] [47174:0000b848] [DEBUG][com.freerdp.client.x11] - [xf_input_touch_remote]: touch_remote: ev=Update id=1901 x=1486 y=1244 rdpei=0x7f74e0214070 fallback=0
[17:51:27:703] [47174:0000b848] [DEBUG][com.freerdp.client.x11] - [xf_input_touch_remote]: touch_remote: ev=Update id=1901 x=1485 y=1245 rdpei=0x7f74e0214070 fallback=0
[17:51:27:713] [47174:0000b848] [DEBUG][com.freerdp.client.x11] - [xf_input_touch_remote]: touch_remote: ev=Update id=1901 x=1485 y=1246 rdpei=0x7f74e0214070 fallback=0
[17:51:27:723] [47174:0000b848] [DEBUG][com.freerdp.client.x11] - [xf_input_touch_remote]: touch_remote: ev=Update id=1901 x=1484 y=1248 rdpei=0x7f74e0214070 fallback=0
[17:51:27:733] [47174:0000b848] [DEBUG][com.freerdp.client.x11] - [xf_input_touch_remote]: touch_remote: ev=Update id=1901 x=1485 y=1247 rdpei=0x7f74e0214070 fallback=0
[17:51:27:743] [47174:0000b848] [DEBUG][com.freerdp.client.x11] - [xf_input_touch_remote]: touch_remote: ev=Update id=1901 x=1485 y=1245 rdpei=0x7f74e0214070 fallback=0
[17:51:27:753] [47174:0000b848] [DEBUG][com.freerdp.client.x11] - [xf_input_touch_remote]: touch_remote: ev=End id=1901 x=1485 y=1245 rdpei=0x7f74e0214070 fallback=0
[17:51:27:763] [47174:0000b848] [DEBUG][com.freerdp.client.x11] - [xf_input_handle_event_remote]: checking for pen
[17:51:27:764] [47174:0000b848] [DEBUG][com.freerdp.client.x11] - [xf_input_touch_remote]: touch_remote: ev=Begin id=1902 x=2517 y=879 rdpei=0x7f74e0214070 fallback=0
[17:51:27:764] [47174:0000b848] [DEBUG][com.freerdp.client.x11] - [xf_input_touch_remote]: touch_remote: ev=Other id=1902 x=0 y=0 rdpei=0x7f74e0214070 fallback=0
[17:51:27:773] [47174:0000b848] [DEBUG][com.freerdp.client.x11] - [xf_input_touch_remote]: touch_remote: ev=Update id=1902 x=2523 y=877 rdpei=0x7f74e0214070 fallback=0
[17:51:27:783] [47174:0000b848] [DEBUG][com.freerdp.client.x11] - [xf_input_touch_remote]: touch_remote: ev=Update id=1902 x=2526 y=872 rdpei=0x7f74e0214070 fallback=0
[17:51:27:793] [47174:0000b848] [DEBUG][com.freerdp.client.x11] - [xf_input_touch_remote]: touch_remote: ev=Update id=1902 x=2527 y=866 rdpei=0x7f74e0214070 fallback=0
[17:51:27:804] [47174:0000b848] [DEBUG][com.freerdp.client.x11] - [xf_input_touch_remote]: touch_remote: ev=End id=1902 x=2527 y=866 rdpei=0x7f74e0214070 fallback=0
[17:51:27:986] [47174:0000b848] [DEBUG][com.freerdp.client.x11] - [xf_input_handle_event_remote]: checking for pen
[17:51:27:987] [47174:0000b848] [DEBUG][com.freerdp.client.x11] - [xf_input_touch_remote]: touch_remote: ev=Begin id=1903 x=1973 y=488 rdpei=0x7f74e0214070 fallback=0
[17:51:27:987] [47174:0000b848] [DEBUG][com.freerdp.client.x11] - [xf_input_touch_remote]: touch_remote: ev=Other id=1903 x=0 y=0 rdpei=0x7f74e0214070 fallback=0
[17:51:28:006] [47174:0000b848] [DEBUG][com.freerdp.client.x11] - [xf_input_touch_remote]: touch_remote: ev=Update id=1903 x=1973 y=489 rdpei=0x7f74e0214070 fallback=0
[17:51:28:015] [47174:0000b848] [DEBUG][com.freerdp.client.x11] - [xf_input_touch_remote]: touch_remote: ev=Update id=1903 x=1973 y=490 rdpei=0x7f74e0214070 fallback=0
[17:51:28:026] [47174:0000b848] [DEBUG][com.freerdp.client.x11] - [xf_input_touch_remote]: touch_remote: ev=Update id=1903 x=1972 y=492 rdpei=0x7f74e0214070 fallback=0
[17:51:28:035] [47174:0000b848] [DEBUG][com.freerdp.client.x11] - [xf_input_touch_remote]: touch_remote: ev=Update id=1903 x=1972 y=493 rdpei=0x7f74e0214070 fallback=0
[17:51:28:046] [47174:0000b848] [DEBUG][com.freerdp.client.x11] - [xf_input_touch_remote]: touch_remote: ev=Update id=1903 x=1970 y=494 rdpei=0x7f74e0214070 fallback=0
[17:51:28:056] [47174:0000b848] [DEBUG][com.freerdp.client.x11] - [xf_input_touch_remote]: touch_remote: ev=Update id=1903 x=1967 y=496 rdpei=0x7f74e0214070 fallback=0
[17:51:28:066] [47174:0000b848] [DEBUG][com.freerdp.client.x11] - [xf_input_touch_remote]: touch_remote: ev=Update id=1903 x=1964 y=499 rdpei=0x7f74e0214070 fallback=0
[17:51:28:076] [47174:0000b848] [DEBUG][com.freerdp.client.x11] - [xf_input_touch_remote]: touch_remote: ev=Update id=1903 x=1956 y=510 rdpei=0x7f74e0214070 fallback=0
[17:51:28:081] [47174:0000b848] [DEBUG][com.freerdp.client.x11] - [xf_Pointer_SetNull]: called
[17:51:28:086] [47174:0000b848] [DEBUG][com.freerdp.client.x11] - [xf_input_touch_remote]: touch_remote: ev=Update id=1903 x=1930 y=538 rdpei=0x7f74e0214070 fallback=0
[17:51:28:096] [47174:0000b848] [DEBUG][com.freerdp.client.x11] - [xf_input_touch_remote]: touch_remote: ev=Update id=1903 x=1897 y=570 rdpei=0x7f74e0214070 fallback=0
[17:51:28:106] [47174:0000b848] [DEBUG][com.freerdp.client.x11] - [xf_input_touch_remote]: touch_remote: ev=Update id=1903 x=1873 y=591 rdpei=0x7f74e0214070 fallback=0
[17:51:28:116] [47174:0000b848] [DEBUG][com.freerdp.client.x11] - [xf_input_touch_remote]: touch_remote: ev=Update id=1903 x=1849 y=609 rdpei=0x7f74e0214070 fallback=0
[17:51:28:127] [47174:0000b848] [DEBUG][com.freerdp.client.x11] - [xf_input_touch_remote]: touch_remote: ev=Update id=1903 x=1826 y=632 rdpei=0x7f74e0214070 fallback=0
[17:51:28:136] [47174:0000b848] [DEBUG][com.freerdp.client.x11] - [xf_input_touch_remote]: touch_remote: ev=Update id=1903 x=1802 y=660 rdpei=0x7f74e0214070 fallback=0
[17:51:28:146] [47174:0000b848] [DEBUG][com.freerdp.client.x11] - [xf_input_touch_remote]: touch_remote: ev=Update id=1903 x=1778 y=690 rdpei=0x7f74e0214070 fallback=0
[17:51:28:156] [47174:0000b848] [DEBUG][com.freerdp.client.x11] - [xf_input_touch_remote]: touch_remote: ev=Update id=1903 x=1754 y=722 rdpei=0x7f74e0214070 fallback=0
[17:51:28:167] [47174:0000b848] [DEBUG][com.freerdp.client.x11] - [xf_input_touch_remote]: touch_remote: ev=Update id=1903 x=1729 y=758 rdpei=0x7f74e0214070 fallback=0
[17:51:28:177] [47174:0000b848] [DEBUG][com.freerdp.client.x11] - [xf_input_touch_remote]: touch_remote: ev=Update id=1903 x=1704 y=792 rdpei=0x7f74e0214070 fallback=0
[17:51:28:187] [47174:0000b848] [DEBUG][com.freerdp.client.x11] - [xf_input_touch_remote]: touch_remote: ev=Update id=1903 x=1681 y=822 rdpei=0x7f74e0214070 fallback=0
[17:51:28:197] [47174:0000b848] [DEBUG][com.freerdp.client.x11] - [xf_input_touch_remote]: touch_remote: ev=Update id=1903 x=1659 y=849 rdpei=0x7f74e0214070 fallback=0
[17:51:28:207] [47174:0000b848] [DEBUG][com.freerdp.client.x11] - [xf_input_touch_remote]: touch_remote: ev=Update id=1903 x=1640 y=877 rdpei=0x7f74e0214070 fallback=0
[17:51:28:218] [47174:0000b848] [DEBUG][com.freerdp.client.x11] - [xf_input_touch_remote]: touch_remote: ev=Update id=1903 x=1620 y=905 rdpei=0x7f74e0214070 fallback=0
[17:51:28:227] [47174:0000b848] [DEBUG][com.freerdp.client.x11] - [xf_input_touch_remote]: touch_remote: ev=Update id=1903 x=1602 y=931 rdpei=0x7f74e0214070 fallback=0
[17:51:28:237] [47174:0000b848] [DEBUG][com.freerdp.client.x11] - [xf_input_touch_remote]: touch_remote: ev=Update id=1903 x=1586 y=957 rdpei=0x7f74e0214070 fallback=0
[17:51:28:247] [47174:0000b848] [DEBUG][com.freerdp.client.x11] - [xf_input_touch_remote]: touch_remote: ev=Update id=1903 x=1573 y=981 rdpei=0x7f74e0214070 fallback=0
[17:51:28:252] [47174:0000b861] [DEBUG][com.freerdp.channels.rdpgfx.client] - [rdpgfx_recv_evict_cache_entry_pdu]: RecvEvictCacheEntryPdu: cacheSlot: 134
[17:51:28:252] [47174:0000b861] [DEBUG][com.freerdp.channels.rdpgfx.client] - [rdpgfx_recv_evict_cache_entry_pdu]: RecvEvictCacheEntryPdu: cacheSlot: 138
[17:51:28:252] [47174:0000b861] [DEBUG][com.freerdp.channels.rdpgfx.client] - [rdpgfx_recv_evict_cache_entry_pdu]: RecvEvictCacheEntryPdu: cacheSlot: 139
[17:51:28:252] [47174:0000b861] [DEBUG][com.freerdp.channels.rdpgfx.client] - [rdpgfx_recv_evict_cache_entry_pdu]: RecvEvictCacheEntryPdu: cacheSlot: 140
[17:51:28:252] [47174:0000b861] [DEBUG][com.freerdp.channels.rdpgfx.client] - [rdpgfx_recv_evict_cache_entry_pdu]: RecvEvictCacheEntryPdu: cacheSlot: 141
[17:51:28:252] [47174:0000b861] [DEBUG][com.freerdp.channels.rdpgfx.client] - [rdpgfx_recv_evict_cache_entry_pdu]: RecvEvictCacheEntryPdu: cacheSlot: 142
[17:51:28:253] [47174:0000b861] [DEBUG][com.freerdp.channels.rdpgfx.client] - [rdpgfx_recv_evict_cache_entry_pdu]: RecvEvictCacheEntryPdu: cacheSlot: 143
[17:51:28:253] [47174:0000b861] [DEBUG][com.freerdp.channels.rdpgfx.client] - [rdpgfx_recv_evict_cache_entry_pdu]: RecvEvictCacheEntryPdu: cacheSlot: 144
[17:51:28:253] [47174:0000b861] [DEBUG][com.freerdp.channels.rdpgfx.client] - [rdpgfx_recv_evict_cache_entry_pdu]: RecvEvictCacheEntryPdu: cacheSlot: 145
[17:51:28:253] [47174:0000b861] [DEBUG][com.freerdp.channels.rdpgfx.client] - [rdpgfx_recv_evict_cache_entry_pdu]: RecvEvictCacheEntryPdu: cacheSlot: 146
[17:51:28:253] [47174:0000b861] [DEBUG][com.freerdp.channels.rdpgfx.client] - [rdpgfx_recv_evict_cache_entry_pdu]: RecvEvictCacheEntryPdu: cacheSlot: 147
[17:51:28:253] [47174:0000b861] [DEBUG][com.freerdp.channels.rdpgfx.client] - [rdpgfx_recv_evict_cache_entry_pdu]: RecvEvictCacheEntryPdu: cacheSlot: 148
[17:51:28:253] [47174:0000b861] [DEBUG][com.freerdp.channels.rdpgfx.client] - [rdpgfx_recv_evict_cache_entry_pdu]: RecvEvictCacheEntryPdu: cacheSlot: 149
[17:51:28:253] [47174:0000b861] [DEBUG][com.freerdp.channels.rdpgfx.client] - [rdpgfx_recv_evict_cache_entry_pdu]: RecvEvictCacheEntryPdu: cacheSlot: 150
[17:51:28:253] [47174:0000b861] [DEBUG][com.freerdp.channels.rdpgfx.client] - [rdpgfx_recv_evict_cache_entry_pdu]: RecvEvictCacheEntryPdu: cacheSlot: 151
[17:51:28:253] [47174:0000b861] [DEBUG][com.freerdp.channels.rdpgfx.client] - [rdpgfx_recv_evict_cache_entry_pdu]: RecvEvictCacheEntryPdu: cacheSlot: 155
[17:51:28:253] [47174:0000b861] [DEBUG][com.freerdp.channels.rdpgfx.client] - [rdpgfx_recv_evict_cache_entry_pdu]: RecvEvictCacheEntryPdu: cacheSlot: 156
[17:51:28:253] [47174:0000b861] [DEBUG][com.freerdp.channels.rdpgfx.client] - [rdpgfx_recv_evict_cache_entry_pdu]: RecvEvictCacheEntryPdu: cacheSlot: 157
[17:51:28:253] [47174:0000b861] [DEBUG][com.freerdp.channels.rdpgfx.client] - [rdpgfx_recv_evict_cache_entry_pdu]: RecvEvictCacheEntryPdu: cacheSlot: 158
[17:51:28:253] [47174:0000b861] [DEBUG][com.freerdp.channels.rdpgfx.client] - [rdpgfx_recv_evict_cache_entry_pdu]: RecvEvictCacheEntryPdu: cacheSlot: 159
[17:51:28:253] [47174:0000b861] [DEBUG][com.freerdp.channels.rdpgfx.client] - [rdpgfx_recv_evict_cache_entry_pdu]: RecvEvictCacheEntryPdu: cacheSlot: 160
[17:51:28:253] [47174:0000b861] [DEBUG][com.freerdp.channels.rdpgfx.client] - [rdpgfx_recv_evict_cache_entry_pdu]: RecvEvictCacheEntryPdu: cacheSlot: 161
[17:51:28:253] [47174:0000b861] [DEBUG][com.freerdp.channels.rdpgfx.client] - [rdpgfx_recv_evict_cache_entry_pdu]: RecvEvictCacheEntryPdu: cacheSlot: 162
[17:51:28:253] [47174:0000b861] [DEBUG][com.freerdp.channels.rdpgfx.client] - [rdpgfx_recv_evict_cache_entry_pdu]: RecvEvictCacheEntryPdu: cacheSlot: 163
[17:51:28:253] [47174:0000b861] [DEBUG][com.freerdp.channels.rdpgfx.client] - [rdpgfx_recv_evict_cache_entry_pdu]: RecvEvictCacheEntryPdu: cacheSlot: 164
[17:51:28:253] [47174:0000b861] [DEBUG][com.freerdp.channels.rdpgfx.client] - [rdpgfx_recv_evict_cache_entry_pdu]: RecvEvictCacheEntryPdu: cacheSlot: 165
[17:51:28:253] [47174:0000b861] [DEBUG][com.freerdp.channels.rdpgfx.client] - [rdpgfx_recv_evict_cache_entry_pdu]: RecvEvictCacheEntryPdu: cacheSlot: 166
[17:51:28:253] [47174:0000b861] [DEBUG][com.freerdp.channels.rdpgfx.client] - [rdpgfx_recv_evict_cache_entry_pdu]: RecvEvictCacheEntryPdu: cacheSlot: 167
[17:51:28:253] [47174:0000b861] [DEBUG][com.freerdp.channels.rdpgfx.client] - [rdpgfx_recv_evict_cache_entry_pdu]: RecvEvictCacheEntryPdu: cacheSlot: 168
[17:51:28:253] [47174:0000b861] [DEBUG][com.freerdp.channels.rdpgfx.client] - [rdpgfx_recv_evict_cache_entry_pdu]: RecvEvictCacheEntryPdu: cacheSlot: 171
[17:51:28:253] [47174:0000b861] [DEBUG][com.freerdp.channels.rdpgfx.client] - [rdpgfx_recv_evict_cache_entry_pdu]: RecvEvictCacheEntryPdu: cacheSlot: 172
[17:51:28:253] [47174:0000b861] [DEBUG][com.freerdp.channels.rdpgfx.client] - [rdpgfx_recv_evict_cache_entry_pdu]: RecvEvictCacheEntryPdu: cacheSlot: 173
[17:51:28:253] [47174:0000b861] [DEBUG][com.freerdp.channels.rdpgfx.client] - [rdpgfx_recv_evict_cache_entry_pdu]: RecvEvictCacheEntryPdu: cacheSlot: 177
[17:51:28:253] [47174:0000b861] [DEBUG][com.freerdp.channels.rdpgfx.client] - [rdpgfx_recv_evict_cache_entry_pdu]: RecvEvictCacheEntryPdu: cacheSlot: 178
[17:51:28:253] [47174:0000b861] [DEBUG][com.freerdp.channels.rdpgfx.client] - [rdpgfx_recv_evict_cache_entry_pdu]: RecvEvictCacheEntryPdu: cacheSlot: 179
[17:51:28:253] [47174:0000b861] [DEBUG][com.freerdp.channels.rdpgfx.client] - [rdpgfx_recv_evict_cache_entry_pdu]: RecvEvictCacheEntryPdu: cacheSlot: 180
[17:51:28:253] [47174:0000b861] [DEBUG][com.freerdp.channels.rdpgfx.client] - [rdpgfx_recv_evict_cache_entry_pdu]: RecvEvictCacheEntryPdu: cacheSlot: 181
[17:51:28:253] [47174:0000b861] [DEBUG][com.freerdp.channels.rdpgfx.client] - [rdpgfx_recv_evict_cache_entry_pdu]: RecvEvictCacheEntryPdu: cacheSlot: 182
[17:51:28:253] [47174:0000b861] [DEBUG][com.freerdp.channels.rdpgfx.client] - [rdpgfx_recv_evict_cache_entry_pdu]: RecvEvictCacheEntryPdu: cacheSlot: 183
[17:51:28:253] [47174:0000b861] [DEBUG][com.freerdp.channels.rdpgfx.client] - [rdpgfx_recv_evict_cache_entry_pdu]: RecvEvictCacheEntryPdu: cacheSlot: 184
[17:51:28:254] [47174:0000b861] [DEBUG][com.freerdp.channels.rdpgfx.client] - [rdpgfx_recv_evict_cache_entry_pdu]: RecvEvictCacheEntryPdu: cacheSlot: 188
[17:51:28:254] [47174:0000b861] [DEBUG][com.freerdp.channels.rdpgfx.client] - [rdpgfx_recv_evict_cache_entry_pdu]: RecvEvictCacheEntryPdu: cacheSlot: 190
[17:51:28:254] [47174:0000b861] [DEBUG][com.freerdp.channels.rdpgfx.client] - [rdpgfx_recv_evict_cache_entry_pdu]: RecvEvictCacheEntryPdu: cacheSlot: 191
[17:51:28:254] [47174:0000b861] [DEBUG][com.freerdp.channels.rdpgfx.client] - [rdpgfx_recv_evict_cache_entry_pdu]: RecvEvictCacheEntryPdu: cacheSlot: 192
[17:51:28:254] [47174:0000b861] [DEBUG][com.freerdp.channels.rdpgfx.client] - [rdpgfx_recv_evict_cache_entry_pdu]: RecvEvictCacheEntryPdu: cacheSlot: 193
[17:51:28:254] [47174:0000b861] [DEBUG][com.freerdp.channels.rdpgfx.client] - [rdpgfx_recv_evict_cache_entry_pdu]: RecvEvictCacheEntryPdu: cacheSlot: 194
[17:51:28:254] [47174:0000b861] [DEBUG][com.freerdp.channels.rdpgfx.client] - [rdpgfx_recv_evict_cache_entry_pdu]: RecvEvictCacheEntryPdu: cacheSlot: 195
[17:51:28:254] [47174:0000b861] [DEBUG][com.freerdp.channels.rdpgfx.client] - [rdpgfx_recv_evict_cache_entry_pdu]: RecvEvictCacheEntryPdu: cacheSlot: 196
[17:51:28:254] [47174:0000b861] [DEBUG][com.freerdp.channels.rdpgfx.client] - [rdpgfx_recv_evict_cache_entry_pdu]: RecvEvictCacheEntryPdu: cacheSlot: 197
[17:51:28:254] [47174:0000b861] [DEBUG][com.freerdp.channels.rdpgfx.client] - [rdpgfx_recv_evict_cache_entry_pdu]: RecvEvictCacheEntryPdu: cacheSlot: 198
[17:51:28:254] [47174:0000b861] [DEBUG][com.freerdp.channels.rdpgfx.client] - [rdpgfx_recv_evict_cache_entry_pdu]: RecvEvictCacheEntryPdu: cacheSlot: 199
[17:51:28:254] [47174:0000b861] [DEBUG][com.freerdp.channels.rdpgfx.client] - [rdpgfx_recv_evict_cache_entry_pdu]: RecvEvictCacheEntryPdu: cacheSlot: 201
[17:51:28:254] [47174:0000b861] [DEBUG][com.freerdp.channels.rdpgfx.client] - [rdpgfx_recv_evict_cache_entry_pdu]: RecvEvictCacheEntryPdu: cacheSlot: 202
[17:51:28:254] [47174:0000b861] [DEBUG][com.freerdp.channels.rdpgfx.client] - [rdpgfx_recv_evict_cache_entry_pdu]: RecvEvictCacheEntryPdu: cacheSlot: 203
[17:51:28:254] [47174:0000b861] [DEBUG][com.freerdp.channels.rdpgfx.client] - [rdpgfx_recv_evict_cache_entry_pdu]: RecvEvictCacheEntryPdu: cacheSlot: 204
[17:51:28:254] [47174:0000b861] [DEBUG][com.freerdp.channels.rdpgfx.client] - [rdpgfx_recv_evict_cache_entry_pdu]: RecvEvictCacheEntryPdu: cacheSlot: 205
[17:51:28:254] [47174:0000b861] [DEBUG][com.freerdp.channels.rdpgfx.client] - [rdpgfx_recv_evict_cache_entry_pdu]: RecvEvictCacheEntryPdu: cacheSlot: 206
[17:51:28:254] [47174:0000b861] [DEBUG][com.freerdp.channels.rdpgfx.client] - [rdpgfx_recv_evict_cache_entry_pdu]: RecvEvictCacheEntryPdu: cacheSlot: 207
[17:51:28:254] [47174:0000b861] [DEBUG][com.freerdp.channels.rdpgfx.client] - [rdpgfx_recv_evict_cache_entry_pdu]: RecvEvictCacheEntryPdu: cacheSlot: 208
[17:51:28:254] [47174:0000b861] [DEBUG][com.freerdp.channels.rdpgfx.client] - [rdpgfx_recv_evict_cache_entry_pdu]: RecvEvictCacheEntryPdu: cacheSlot: 209
[17:51:28:254] [47174:0000b861] [DEBUG][com.freerdp.channels.rdpgfx.client] - [rdpgfx_recv_evict_cache_entry_pdu]: RecvEvictCacheEntryPdu: cacheSlot: 210
[17:51:28:254] [47174:0000b861] [DEBUG][com.freerdp.channels.rdpgfx.client] - [rdpgfx_recv_evict_cache_entry_pdu]: RecvEvictCacheEntryPdu: cacheSlot: 211
[17:51:28:254] [47174:0000b861] [DEBUG][com.freerdp.channels.rdpgfx.client] - [rdpgfx_recv_evict_cache_entry_pdu]: RecvEvictCacheEntryPdu: cacheSlot: 212
[17:51:28:254] [47174:0000b861] [DEBUG][com.freerdp.channels.rdpgfx.client] - [rdpgfx_recv_evict_cache_entry_pdu]: RecvEvictCacheEntryPdu: cacheSlot: 213
[17:51:28:254] [47174:0000b861] [DEBUG][com.freerdp.channels.rdpgfx.client] - [rdpgfx_recv_evict_cache_entry_pdu]: RecvEvictCacheEntryPdu: cacheSlot: 214
[17:51:28:254] [47174:0000b861] [DEBUG][com.freerdp.channels.rdpgfx.client] - [rdpgfx_recv_evict_cache_entry_pdu]: RecvEvictCacheEntryPdu: cacheSlot: 215
[17:51:28:254] [47174:0000b861] [DEBUG][com.freerdp.channels.rdpgfx.client] - [rdpgfx_recv_evict_cache_entry_pdu]: RecvEvictCacheEntryPdu: cacheSlot: 216
[17:51:28:254] [47174:0000b861] [DEBUG][com.freerdp.channels.rdpgfx.client] - [rdpgfx_recv_evict_cache_entry_pdu]: RecvEvictCacheEntryPdu: cacheSlot: 217
[17:51:28:254] [47174:0000b861] [DEBUG][com.freerdp.channels.rdpgfx.client] - [rdpgfx_recv_evict_cache_entry_pdu]: RecvEvictCacheEntryPdu: cacheSlot: 218
[17:51:28:254] [47174:0000b861] [DEBUG][com.freerdp.channels.rdpgfx.client] - [rdpgfx_recv_evict_cache_entry_pdu]: RecvEvictCacheEntryPdu: cacheSlot: 219
[17:51:28:254] [47174:0000b861] [DEBUG][com.freerdp.channels.rdpgfx.client] - [rdpgfx_recv_evict_cache_entry_pdu]: RecvEvictCacheEntryPdu: cacheSlot: 224
[17:51:28:254] [47174:0000b861] [DEBUG][com.freerdp.channels.rdpgfx.client] - [rdpgfx_recv_evict_cache_entry_pdu]: RecvEvictCacheEntryPdu: cacheSlot: 225
[17:51:28:254] [47174:0000b861] [DEBUG][com.freerdp.channels.rdpgfx.client] - [rdpgfx_recv_evict_cache_entry_pdu]: RecvEvictCacheEntryPdu: cacheSlot: 226
[17:51:28:255] [47174:0000b861] [DEBUG][com.freerdp.channels.rdpgfx.client] - [rdpgfx_recv_evict_cache_entry_pdu]: RecvEvictCacheEntryPdu: cacheSlot: 227
[17:51:28:255] [47174:0000b861] [DEBUG][com.freerdp.channels.rdpgfx.client] - [rdpgfx_recv_evict_cache_entry_pdu]: RecvEvictCacheEntryPdu: cacheSlot: 228
[17:51:28:255] [47174:0000b861] [DEBUG][com.freerdp.channels.rdpgfx.client] - [rdpgfx_recv_evict_cache_entry_pdu]: RecvEvictCacheEntryPdu: cacheSlot: 229
[17:51:28:255] [47174:0000b861] [DEBUG][com.freerdp.channels.rdpgfx.client] - [rdpgfx_recv_evict_cache_entry_pdu]: RecvEvictCacheEntryPdu: cacheSlot: 230
[17:51:28:255] [47174:0000b861] [DEBUG][com.freerdp.channels.rdpgfx.client] - [rdpgfx_recv_evict_cache_entry_pdu]: RecvEvictCacheEntryPdu: cacheSlot: 231
[17:51:28:255] [47174:0000b861] [DEBUG][com.freerdp.channels.rdpgfx.client] - [rdpgfx_recv_evict_cache_entry_pdu]: RecvEvictCacheEntryPdu: cacheSlot: 232
[17:51:28:255] [47174:0000b861] [DEBUG][com.freerdp.channels.rdpgfx.client] - [rdpgfx_recv_evict_cache_entry_pdu]: RecvEvictCacheEntryPdu: cacheSlot: 233
[17:51:28:255] [47174:0000b861] [DEBUG][com.freerdp.channels.rdpgfx.client] - [rdpgfx_recv_evict_cache_entry_pdu]: RecvEvictCacheEntryPdu: cacheSlot: 234
[17:51:28:255] [47174:0000b861] [DEBUG][com.freerdp.channels.rdpgfx.client] - [rdpgfx_recv_evict_cache_entry_pdu]: RecvEvictCacheEntryPdu: cacheSlot: 235
[17:51:28:255] [47174:0000b861] [DEBUG][com.freerdp.channels.rdpgfx.client] - [rdpgfx_recv_evict_cache_entry_pdu]: RecvEvictCacheEntryPdu: cacheSlot: 236
[17:51:28:255] [47174:0000b861] [DEBUG][com.freerdp.channels.rdpgfx.client] - [rdpgfx_recv_evict_cache_entry_pdu]: RecvEvictCacheEntryPdu: cacheSlot: 237
[17:51:28:255] [47174:0000b861] [DEBUG][com.freerdp.channels.rdpgfx.client] - [rdpgfx_recv_evict_cache_entry_pdu]: RecvEvictCacheEntryPdu: cacheSlot: 238
[17:51:28:255] [47174:0000b861] [DEBUG][com.freerdp.channels.rdpgfx.client] - [rdpgfx_recv_evict_cache_entry_pdu]: RecvEvictCacheEntryPdu: cacheSlot: 239
[17:51:28:255] [47174:0000b861] [DEBUG][com.freerdp.channels.rdpgfx.client] - [rdpgfx_recv_evict_cache_entry_pdu]: RecvEvictCacheEntryPdu: cacheSlot: 240
[17:51:28:255] [47174:0000b861] [DEBUG][com.freerdp.channels.rdpgfx.client] - [rdpgfx_recv_evict_cache_entry_pdu]: RecvEvictCacheEntryPdu: cacheSlot: 241
[17:51:28:255] [47174:0000b861] [DEBUG][com.freerdp.channels.rdpgfx.client] - [rdpgfx_recv_evict_cache_entry_pdu]: RecvEvictCacheEntryPdu: cacheSlot: 242
[17:51:28:255] [47174:0000b861] [DEBUG][com.freerdp.channels.rdpgfx.client] - [rdpgfx_recv_evict_cache_entry_pdu]: RecvEvictCacheEntryPdu: cacheSlot: 243
[17:51:28:255] [47174:0000b861] [DEBUG][com.freerdp.channels.rdpgfx.client] - [rdpgfx_recv_evict_cache_entry_pdu]: RecvEvictCacheEntryPdu: cacheSlot: 244
[17:51:28:255] [47174:0000b861] [DEBUG][com.freerdp.channels.rdpgfx.client] - [rdpgfx_recv_evict_cache_entry_pdu]: RecvEvictCacheEntryPdu: cacheSlot: 245
[17:51:28:255] [47174:0000b861] [DEBUG][com.freerdp.channels.rdpgfx.client] - [rdpgfx_recv_evict_cache_entry_pdu]: RecvEvictCacheEntryPdu: cacheSlot: 246
[17:51:28:255] [47174:0000b861] [DEBUG][com.freerdp.channels.rdpgfx.client] - [rdpgfx_recv_evict_cache_entry_pdu]: RecvEvictCacheEntryPdu: cacheSlot: 247
[17:51:28:255] [47174:0000b861] [DEBUG][com.freerdp.channels.rdpgfx.client] - [rdpgfx_recv_evict_cache_entry_pdu]: RecvEvictCacheEntryPdu: cacheSlot: 248
[17:51:28:255] [47174:0000b861] [DEBUG][com.freerdp.channels.rdpgfx.client] - [rdpgfx_recv_evict_cache_entry_pdu]: RecvEvictCacheEntryPdu: cacheSlot: 249
[17:51:28:255] [47174:0000b861] [DEBUG][com.freerdp.channels.rdpgfx.client] - [rdpgfx_recv_evict_cache_entry_pdu]: RecvEvictCacheEntryPdu: cacheSlot: 250
[17:51:28:255] [47174:0000b861] [DEBUG][com.freerdp.channels.rdpgfx.client] - [rdpgfx_recv_evict_cache_entry_pdu]: RecvEvictCacheEntryPdu: cacheSlot: 251
[17:51:28:255] [47174:0000b861] [DEBUG][com.freerdp.channels.rdpgfx.client] - [rdpgfx_recv_evict_cache_entry_pdu]: RecvEvictCacheEntryPdu: cacheSlot: 562
[17:51:28:255] [47174:0000b861] [DEBUG][com.freerdp.channels.rdpgfx.client] - [rdpgfx_recv_evict_cache_entry_pdu]: RecvEvictCacheEntryPdu: cacheSlot: 563
[17:51:28:255] [47174:0000b861] [DEBUG][com.freerdp.channels.rdpgfx.client] - [rdpgfx_recv_evict_cache_entry_pdu]: RecvEvictCacheEntryPdu: cacheSlot: 252
[17:51:28:255] [47174:0000b861] [DEBUG][com.freerdp.channels.rdpgfx.client] - [rdpgfx_recv_evict_cache_entry_pdu]: RecvEvictCacheEntryPdu: cacheSlot: 564
[17:51:28:255] [47174:0000b861] [DEBUG][com.freerdp.channels.rdpgfx.client] - [rdpgfx_recv_evict_cache_entry_pdu]: RecvEvictCacheEntryPdu: cacheSlot: 565
[17:51:28:255] [47174:0000b861] [DEBUG][com.freerdp.channels.rdpgfx.client] - [rdpgfx_recv_evict_cache_entry_pdu]: RecvEvictCacheEntryPdu: cacheSlot: 566
[17:51:28:255] [47174:0000b861] [DEBUG][com.freerdp.channels.rdpgfx.client] - [rdpgfx_recv_evict_cache_entry_pdu]: RecvEvictCacheEntryPdu: cacheSlot: 567
[17:51:28:255] [47174:0000b861] [DEBUG][com.freerdp.channels.rdpgfx.client] - [rdpgfx_recv_evict_cache_entry_pdu]: RecvEvictCacheEntryPdu: cacheSlot: 568
[17:51:28:255] [47174:0000b861] [DEBUG][com.freerdp.channels.rdpgfx.client] - [rdpgfx_recv_evict_cache_entry_pdu]: RecvEvictCacheEntryPdu: cacheSlot: 569
[17:51:28:256] [47174:0000b861] [DEBUG][com.freerdp.channels.rdpgfx.client] - [rdpgfx_recv_evict_cache_entry_pdu]: RecvEvictCacheEntryPdu: cacheSlot: 570
[17:51:28:256] [47174:0000b861] [DEBUG][com.freerdp.channels.rdpgfx.client] - [rdpgfx_recv_evict_cache_entry_pdu]: RecvEvictCacheEntryPdu: cacheSlot: 571
[17:51:28:256] [47174:0000b861] [DEBUG][com.freerdp.channels.rdpgfx.client] - [rdpgfx_recv_evict_cache_entry_pdu]: RecvEvictCacheEntryPdu: cacheSlot: 572
[17:51:28:256] [47174:0000b861] [DEBUG][com.freerdp.channels.rdpgfx.client] - [rdpgfx_recv_evict_cache_entry_pdu]: RecvEvictCacheEntryPdu: cacheSlot: 573
[17:51:28:256] [47174:0000b861] [DEBUG][com.freerdp.channels.rdpgfx.client] - [rdpgfx_recv_evict_cache_entry_pdu]: RecvEvictCacheEntryPdu: cacheSlot: 574
[17:51:28:256] [47174:0000b861] [DEBUG][com.freerdp.channels.rdpgfx.client] - [rdpgfx_recv_evict_cache_entry_pdu]: RecvEvictCacheEntryPdu: cacheSlot: 575
[17:51:28:256] [47174:0000b861] [DEBUG][com.freerdp.channels.rdpgfx.client] - [rdpgfx_recv_evict_cache_entry_pdu]: RecvEvictCacheEntryPdu: cacheSlot: 576
[17:51:28:256] [47174:0000b861] [DEBUG][com.freerdp.channels.rdpgfx.client] - [rdpgfx_recv_evict_cache_entry_pdu]: RecvEvictCacheEntryPdu: cacheSlot: 577
[17:51:28:256] [47174:0000b861] [DEBUG][com.freerdp.channels.rdpgfx.client] - [rdpgfx_recv_evict_cache_entry_pdu]: RecvEvictCacheEntryPdu: cacheSlot: 578
[17:51:28:256] [47174:0000b861] [DEBUG][com.freerdp.channels.rdpgfx.client] - [rdpgfx_recv_evict_cache_entry_pdu]: RecvEvictCacheEntryPdu: cacheSlot: 253
[17:51:28:256] [47174:0000b861] [DEBUG][com.freerdp.channels.rdpgfx.client] - [rdpgfx_recv_evict_cache_entry_pdu]: RecvEvictCacheEntryPdu: cacheSlot: 254
[17:51:28:256] [47174:0000b861] [DEBUG][com.freerdp.channels.rdpgfx.client] - [rdpgfx_recv_evict_cache_entry_pdu]: RecvEvictCacheEntryPdu: cacheSlot: 255
[17:51:28:256] [47174:0000b861] [DEBUG][com.freerdp.channels.rdpgfx.client] - [rdpgfx_recv_evict_cache_entry_pdu]: RecvEvictCacheEntryPdu: cacheSlot: 258
[17:51:28:256] [47174:0000b861] [DEBUG][com.freerdp.channels.rdpgfx.client] - [rdpgfx_recv_evict_cache_entry_pdu]: RecvEvictCacheEntryPdu: cacheSlot: 259
[17:51:28:256] [47174:0000b861] [DEBUG][com.freerdp.channels.rdpgfx.client] - [rdpgfx_recv_evict_cache_entry_pdu]: RecvEvictCacheEntryPdu: cacheSlot: 260
[17:51:28:256] [47174:0000b861] [DEBUG][com.freerdp.channels.rdpgfx.client] - [rdpgfx_recv_evict_cache_entry_pdu]: RecvEvictCacheEntryPdu: cacheSlot: 579
[17:51:28:256] [47174:0000b861] [DEBUG][com.freerdp.channels.rdpgfx.client] - [rdpgfx_recv_evict_cache_entry_pdu]: RecvEvictCacheEntryPdu: cacheSlot: 580
[17:51:28:256] [47174:0000b861] [DEBUG][com.freerdp.channels.rdpgfx.client] - [rdpgfx_recv_evict_cache_entry_pdu]: RecvEvictCacheEntryPdu: cacheSlot: 581
[17:51:28:256] [47174:0000b861] [DEBUG][com.freerdp.channels.rdpgfx.client] - [rdpgfx_recv_evict_cache_entry_pdu]: RecvEvictCacheEntryPdu: cacheSlot: 582
[17:51:28:256] [47174:0000b861] [DEBUG][com.freerdp.channels.rdpgfx.client] - [rdpgfx_recv_evict_cache_entry_pdu]: RecvEvictCacheEntryPdu: cacheSlot: 583
[17:51:28:256] [47174:0000b861] [DEBUG][com.freerdp.channels.rdpgfx.client] - [rdpgfx_recv_evict_cache_entry_pdu]: RecvEvictCacheEntryPdu: cacheSlot: 584
[17:51:28:256] [47174:0000b861] [DEBUG][com.freerdp.channels.rdpgfx.client] - [rdpgfx_recv_evict_cache_entry_pdu]: RecvEvictCacheEntryPdu: cacheSlot: 585
[17:51:28:256] [47174:0000b861] [DEBUG][com.freerdp.channels.rdpgfx.client] - [rdpgfx_recv_evict_cache_entry_pdu]: RecvEvictCacheEntryPdu: cacheSlot: 586
[17:51:28:256] [47174:0000b861] [DEBUG][com.freerdp.channels.rdpgfx.client] - [rdpgfx_recv_evict_cache_entry_pdu]: RecvEvictCacheEntryPdu: cacheSlot: 587
[17:51:28:256] [47174:0000b861] [DEBUG][com.freerdp.channels.rdpgfx.client] - [rdpgfx_recv_evict_cache_entry_pdu]: RecvEvictCacheEntryPdu: cacheSlot: 588
[17:51:28:256] [47174:0000b861] [DEBUG][com.freerdp.channels.rdpgfx.client] - [rdpgfx_recv_evict_cache_entry_pdu]: RecvEvictCacheEntryPdu: cacheSlot: 589
[17:51:28:256] [47174:0000b861] [DEBUG][com.freerdp.channels.rdpgfx.client] - [rdpgfx_recv_evict_cache_entry_pdu]: RecvEvictCacheEntryPdu: cacheSlot: 590
[17:51:28:256] [47174:0000b861] [DEBUG][com.freerdp.channels.rdpgfx.client] - [rdpgfx_recv_evict_cache_entry_pdu]: RecvEvictCacheEntryPdu: cacheSlot: 591
[17:51:28:256] [47174:0000b861] [DEBUG][com.freerdp.channels.rdpgfx.client] - [rdpgfx_recv_evict_cache_entry_pdu]: RecvEvictCacheEntryPdu: cacheSlot: 592
[17:51:28:256] [47174:0000b861] [DEBUG][com.freerdp.channels.rdpgfx.client] - [rdpgfx_recv_evict_cache_entry_pdu]: RecvEvictCacheEntryPdu: cacheSlot: 593
[17:51:28:256] [47174:0000b861] [DEBUG][com.freerdp.channels.rdpgfx.client] - [rdpgfx_recv_evict_cache_entry_pdu]: RecvEvictCacheEntryPdu: cacheSlot: 594
[17:51:28:256] [47174:0000b861] [DEBUG][com.freerdp.channels.rdpgfx.client] - [rdpgfx_recv_evict_cache_entry_pdu]: RecvEvictCacheEntryPdu: cacheSlot: 595
[17:51:28:257] [47174:0000b861] [DEBUG][com.freerdp.channels.rdpgfx.client] - [rdpgfx_recv_evict_cache_entry_pdu]: RecvEvictCacheEntryPdu: cacheSlot: 263
[17:51:28:257] [47174:0000b861] [DEBUG][com.freerdp.channels.rdpgfx.client] - [rdpgfx_recv_evict_cache_entry_pdu]: RecvEvictCacheEntryPdu: cacheSlot: 264
[17:51:28:257] [47174:0000b861] [DEBUG][com.freerdp.channels.rdpgfx.client] - [rdpgfx_recv_evict_cache_entry_pdu]: RecvEvictCacheEntryPdu: cacheSlot: 265
[17:51:28:257] [47174:0000b861] [DEBUG][com.freerdp.channels.rdpgfx.client] - [rdpgfx_recv_evict_cache_entry_pdu]: RecvEvictCacheEntryPdu: cacheSlot: 266
[17:51:28:257] [47174:0000b861] [DEBUG][com.freerdp.channels.rdpgfx.client] - [rdpgfx_recv_evict_cache_entry_pdu]: RecvEvictCacheEntryPdu: cacheSlot: 267
[17:51:28:257] [47174:0000b861] [DEBUG][com.freerdp.channels.rdpgfx.client] - [rdpgfx_recv_evict_cache_entry_pdu]: RecvEvictCacheEntryPdu: cacheSlot: 268
[17:51:28:257] [47174:0000b861] [DEBUG][com.freerdp.channels.rdpgfx.client] - [rdpgfx_recv_evict_cache_entry_pdu]: RecvEvictCacheEntryPdu: cacheSlot: 269
[17:51:28:257] [47174:0000b861] [DEBUG][com.freerdp.channels.rdpgfx.client] - [rdpgfx_recv_evict_cache_entry_pdu]: RecvEvictCacheEntryPdu: cacheSlot: 270
[17:51:28:257] [47174:0000b861] [DEBUG][com.freerdp.channels.rdpgfx.client] - [rdpgfx_recv_evict_cache_entry_pdu]: RecvEvictCacheEntryPdu: cacheSlot: 271
[17:51:28:257] [47174:0000b861] [DEBUG][com.freerdp.channels.rdpgfx.client] - [rdpgfx_recv_evict_cache_entry_pdu]: RecvEvictCacheEntryPdu: cacheSlot: 272
[17:51:28:257] [47174:0000b861] [DEBUG][com.freerdp.channels.rdpgfx.client] - [rdpgfx_recv_evict_cache_entry_pdu]: RecvEvictCacheEntryPdu: cacheSlot: 273
[17:51:28:257] [47174:0000b861] [DEBUG][com.freerdp.channels.rdpgfx.client] - [rdpgfx_recv_evict_cache_entry_pdu]: RecvEvictCacheEntryPdu: cacheSlot: 274
[17:51:28:257] [47174:0000b861] [DEBUG][com.freerdp.channels.rdpgfx.client] - [rdpgfx_recv_evict_cache_entry_pdu]: RecvEvictCacheEntryPdu: cacheSlot: 275
[17:51:28:257] [47174:0000b848] [DEBUG][com.freerdp.client.x11] - [xf_input_touch_remote]: touch_remote: ev=Update id=1903 x=1561 y=1002 rdpei=0x7f74e0214070 fallback=0
[17:51:28:257] [47174:0000b861] [DEBUG][com.freerdp.channels.rdpgfx.client] - [rdpgfx_recv_evict_cache_entry_pdu]: RecvEvictCacheEntryPdu: cacheSlot: 276
[17:51:28:257] [47174:0000b861] [DEBUG][com.freerdp.channels.rdpgfx.client] - [rdpgfx_recv_evict_cache_entry_pdu]: RecvEvictCacheEntryPdu: cacheSlot: 277
[17:51:28:258] [47174:0000b861] [DEBUG][com.freerdp.channels.rdpgfx.client] - [rdpgfx_recv_evict_cache_entry_pdu]: RecvEvictCacheEntryPdu: cacheSlot: 278
[17:51:28:258] [47174:0000b861] [DEBUG][com.freerdp.channels.rdpgfx.client] - [rdpgfx_recv_evict_cache_entry_pdu]: RecvEvictCacheEntryPdu: cacheSlot: 279
[17:51:28:258] [47174:0000b861] [DEBUG][com.freerdp.channels.rdpgfx.client] - [rdpgfx_recv_evict_cache_entry_pdu]: RecvEvictCacheEntryPdu: cacheSlot: 280
[17:51:28:258] [47174:0000b861] [DEBUG][com.freerdp.channels.rdpgfx.client] - [rdpgfx_recv_evict_cache_entry_pdu]: RecvEvictCacheEntryPdu: cacheSlot: 281
[17:51:28:258] [47174:0000b861] [DEBUG][com.freerdp.channels.rdpgfx.client] - [rdpgfx_recv_evict_cache_entry_pdu]: RecvEvictCacheEntryPdu: cacheSlot: 282
[17:51:28:258] [47174:0000b861] [DEBUG][com.freerdp.channels.rdpgfx.client] - [rdpgfx_recv_evict_cache_entry_pdu]: RecvEvictCacheEntryPdu: cacheSlot: 283
[17:51:28:258] [47174:0000b861] [DEBUG][com.freerdp.channels.rdpgfx.client] - [rdpgfx_recv_evict_cache_entry_pdu]: RecvEvictCacheEntryPdu: cacheSlot: 284
[17:51:28:258] [47174:0000b861] [DEBUG][com.freerdp.channels.rdpgfx.client] - [rdpgfx_recv_evict_cache_entry_pdu]: RecvEvictCacheEntryPdu: cacheSlot: 285
[17:51:28:258] [47174:0000b861] [DEBUG][com.freerdp.channels.rdpgfx.client] - [rdpgfx_recv_evict_cache_entry_pdu]: RecvEvictCacheEntryPdu: cacheSlot: 286
[17:51:28:258] [47174:0000b861] [DEBUG][com.freerdp.channels.rdpgfx.client] - [rdpgfx_recv_evict_cache_entry_pdu]: RecvEvictCacheEntryPdu: cacheSlot: 287
[17:51:28:258] [47174:0000b861] [DEBUG][com.freerdp.channels.rdpgfx.client] - [rdpgfx_recv_evict_cache_entry_pdu]: RecvEvictCacheEntryPdu: cacheSlot: 288
[17:51:28:258] [47174:0000b861] [DEBUG][com.freerdp.channels.rdpgfx.client] - [rdpgfx_recv_evict_cache_entry_pdu]: RecvEvictCacheEntryPdu: cacheSlot: 289
[17:51:28:258] [47174:0000b861] [DEBUG][com.freerdp.channels.rdpgfx.client] - [rdpgfx_recv_evict_cache_entry_pdu]: RecvEvictCacheEntryPdu: cacheSlot: 290
[17:51:28:258] [47174:0000b861] [DEBUG][com.freerdp.channels.rdpgfx.client] - [rdpgfx_recv_evict_cache_entry_pdu]: RecvEvictCacheEntryPdu: cacheSlot: 291
[17:51:28:258] [47174:0000b861] [DEBUG][com.freerdp.channels.rdpgfx.client] - [rdpgfx_recv_evict_cache_entry_pdu]: RecvEvictCacheEntryPdu: cacheSlot: 292
[17:51:28:259] [47174:0000b861] [DEBUG][com.freerdp.channels.rdpgfx.client] - [rdpgfx_recv_evict_cache_entry_pdu]: RecvEvictCacheEntryPdu: cacheSlot: 293
[17:51:28:259] [47174:0000b861] [DEBUG][com.freerdp.channels.rdpgfx.client] - [rdpgfx_recv_evict_cache_entry_pdu]: RecvEvictCacheEntryPdu: cacheSlot: 294
[17:51:28:259] [47174:0000b861] [DEBUG][com.freerdp.channels.rdpgfx.client] - [rdpgfx_recv_evict_cache_entry_pdu]: RecvEvictCacheEntryPdu: cacheSlot: 295
[17:51:28:259] [47174:0000b861] [DEBUG][com.freerdp.channels.rdpgfx.client] - [rdpgfx_recv_evict_cache_entry_pdu]: RecvEvictCacheEntryPdu: cacheSlot: 296
[17:51:28:259] [47174:0000b861] [DEBUG][com.freerdp.channels.rdpgfx.client] - [rdpgfx_recv_evict_cache_entry_pdu]: RecvEvictCacheEntryPdu: cacheSlot: 297
[17:51:28:259] [47174:0000b861] [DEBUG][com.freerdp.channels.rdpgfx.client] - [rdpgfx_recv_evict_cache_entry_pdu]: RecvEvictCacheEntryPdu: cacheSlot: 298
[17:51:28:259] [47174:0000b861] [DEBUG][com.freerdp.channels.rdpgfx.client] - [rdpgfx_recv_evict_cache_entry_pdu]: RecvEvictCacheEntryPdu: cacheSlot: 299
[17:51:28:259] [47174:0000b861] [DEBUG][com.freerdp.channels.rdpgfx.client] - [rdpgfx_recv_evict_cache_entry_pdu]: RecvEvictCacheEntryPdu: cacheSlot: 300
[17:51:28:259] [47174:0000b861] [DEBUG][com.freerdp.channels.rdpgfx.client] - [rdpgfx_recv_evict_cache_entry_pdu]: RecvEvictCacheEntryPdu: cacheSlot: 301
[17:51:28:259] [47174:0000b861] [DEBUG][com.freerdp.channels.rdpgfx.client] - [rdpgfx_recv_evict_cache_entry_pdu]: RecvEvictCacheEntryPdu: cacheSlot: 302
[17:51:28:259] [47174:0000b861] [DEBUG][com.freerdp.channels.rdpgfx.client] - [rdpgfx_recv_evict_cache_entry_pdu]: RecvEvictCacheEntryPdu: cacheSlot: 303
[17:51:28:259] [47174:0000b861] [DEBUG][com.freerdp.channels.rdpgfx.client] - [rdpgfx_recv_evict_cache_entry_pdu]: RecvEvictCacheEntryPdu: cacheSlot: 304
[17:51:28:259] [47174:0000b861] [DEBUG][com.freerdp.channels.rdpgfx.client] - [rdpgfx_recv_evict_cache_entry_pdu]: RecvEvictCacheEntryPdu: cacheSlot: 305
[17:51:28:259] [47174:0000b861] [DEBUG][com.freerdp.channels.rdpgfx.client] - [rdpgfx_recv_evict_cache_entry_pdu]: RecvEvictCacheEntryPdu: cacheSlot: 306
[17:51:28:259] [47174:0000b861] [DEBUG][com.freerdp.channels.rdpgfx.client] - [rdpgfx_recv_evict_cache_entry_pdu]: RecvEvictCacheEntryPdu: cacheSlot: 307
[17:51:28:259] [47174:0000b861] [DEBUG][com.freerdp.channels.rdpgfx.client] - [rdpgfx_recv_evict_cache_entry_pdu]: RecvEvictCacheEntryPdu: cacheSlot: 308
[17:51:28:259] [47174:0000b861] [DEBUG][com.freerdp.channels.rdpgfx.client] - [rdpgfx_recv_evict_cache_entry_pdu]: RecvEvictCacheEntryPdu: cacheSlot: 309
[17:51:28:259] [47174:0000b861] [DEBUG][com.freerdp.channels.rdpgfx.client] - [rdpgfx_recv_evict_cache_entry_pdu]: RecvEvictCacheEntryPdu: cacheSlot: 310
[17:51:28:259] [47174:0000b861] [DEBUG][com.freerdp.channels.rdpgfx.client] - [rdpgfx_recv_evict_cache_entry_pdu]: RecvEvictCacheEntryPdu: cacheSlot: 311
[17:51:28:259] [47174:0000b861] [DEBUG][com.freerdp.channels.rdpgfx.client] - [rdpgfx_recv_evict_cache_entry_pdu]: RecvEvictCacheEntryPdu: cacheSlot: 312
[17:51:28:259] [47174:0000b861] [DEBUG][com.freerdp.channels.rdpgfx.client] - [rdpgfx_recv_evict_cache_entry_pdu]: RecvEvictCacheEntryPdu: cacheSlot: 313
[17:51:28:259] [47174:0000b861] [DEBUG][com.freerdp.channels.rdpgfx.client] - [rdpgfx_recv_evict_cache_entry_pdu]: RecvEvictCacheEntryPdu: cacheSlot: 314
[17:51:28:260] [47174:0000b861] [DEBUG][com.freerdp.channels.rdpgfx.client] - [rdpgfx_recv_evict_cache_entry_pdu]: RecvEvictCacheEntryPdu: cacheSlot: 315
[17:51:28:260] [47174:0000b861] [DEBUG][com.freerdp.channels.rdpgfx.client] - [rdpgfx_recv_evict_cache_entry_pdu]: RecvEvictCacheEntryPdu: cacheSlot: 316
[17:51:28:260] [47174:0000b861] [DEBUG][com.freerdp.channels.rdpgfx.client] - [rdpgfx_recv_evict_cache_entry_pdu]: RecvEvictCacheEntryPdu: cacheSlot: 317
[17:51:28:260] [47174:0000b861] [DEBUG][com.freerdp.channels.rdpgfx.client] - [rdpgfx_recv_evict_cache_entry_pdu]: RecvEvictCacheEntryPdu: cacheSlot: 318
[17:51:28:260] [47174:0000b861] [DEBUG][com.freerdp.channels.rdpgfx.client] - [rdpgfx_recv_evict_cache_entry_pdu]: RecvEvictCacheEntryPdu: cacheSlot: 319
[17:51:28:260] [47174:0000b861] [DEBUG][com.freerdp.channels.rdpgfx.client] - [rdpgfx_recv_evict_cache_entry_pdu]: RecvEvictCacheEntryPdu: cacheSlot: 320
[17:51:28:260] [47174:0000b861] [DEBUG][com.freerdp.channels.rdpgfx.client] - [rdpgfx_recv_evict_cache_entry_pdu]: RecvEvictCacheEntryPdu: cacheSlot: 321
[17:51:28:260] [47174:0000b861] [DEBUG][com.freerdp.channels.rdpgfx.client] - [rdpgfx_recv_evict_cache_entry_pdu]: RecvEvictCacheEntryPdu: cacheSlot: 322
[17:51:28:260] [47174:0000b861] [DEBUG][com.freerdp.channels.rdpgfx.client] - [rdpgfx_recv_evict_cache_entry_pdu]: RecvEvictCacheEntryPdu: cacheSlot: 323
[17:51:28:260] [47174:0000b861] [DEBUG][com.freerdp.channels.rdpgfx.client] - [rdpgfx_recv_evict_cache_entry_pdu]: RecvEvictCacheEntryPdu: cacheSlot: 324
[17:51:28:260] [47174:0000b861] [DEBUG][com.freerdp.channels.rdpgfx.client] - [rdpgfx_recv_evict_cache_entry_pdu]: RecvEvictCacheEntryPdu: cacheSlot: 325
[17:51:28:260] [47174:0000b861] [DEBUG][com.freerdp.channels.rdpgfx.client] - [rdpgfx_recv_evict_cache_entry_pdu]: RecvEvictCacheEntryPdu: cacheSlot: 326
[17:51:28:260] [47174:0000b861] [DEBUG][com.freerdp.channels.rdpgfx.client] - [rdpgfx_recv_evict_cache_entry_pdu]: RecvEvictCacheEntryPdu: cacheSlot: 327
[17:51:28:260] [47174:0000b861] [DEBUG][com.freerdp.channels.rdpgfx.client] - [rdpgfx_recv_evict_cache_entry_pdu]: RecvEvictCacheEntryPdu: cacheSlot: 328
[17:51:28:260] [47174:0000b861] [DEBUG][com.freerdp.channels.rdpgfx.client] - [rdpgfx_recv_evict_cache_entry_pdu]: RecvEvictCacheEntryPdu: cacheSlot: 329
[17:51:28:260] [47174:0000b861] [DEBUG][com.freerdp.channels.rdpgfx.client] - [rdpgfx_recv_evict_cache_entry_pdu]: RecvEvictCacheEntryPdu: cacheSlot: 330
[17:51:28:261] [47174:0000b861] [DEBUG][com.freerdp.channels.rdpgfx.client] - [rdpgfx_recv_evict_cache_entry_pdu]: RecvEvictCacheEntryPdu: cacheSlot: 331
[17:51:28:261] [47174:0000b861] [DEBUG][com.freerdp.channels.rdpgfx.client] - [rdpgfx_recv_evict_cache_entry_pdu]: RecvEvictCacheEntryPdu: cacheSlot: 332
[17:51:28:261] [47174:0000b861] [DEBUG][com.freerdp.channels.rdpgfx.client] - [rdpgfx_recv_evict_cache_entry_pdu]: RecvEvictCacheEntryPdu: cacheSlot: 333
[17:51:28:261] [47174:0000b861] [DEBUG][com.freerdp.channels.rdpgfx.client] - [rdpgfx_recv_evict_cache_entry_pdu]: RecvEvictCacheEntryPdu: cacheSlot: 334
[17:51:28:261] [47174:0000b861] [DEBUG][com.freerdp.channels.rdpgfx.client] - [rdpgfx_recv_evict_cache_entry_pdu]: RecvEvictCacheEntryPdu: cacheSlot: 335
[17:51:28:261] [47174:0000b861] [DEBUG][com.freerdp.channels.rdpgfx.client] - [rdpgfx_recv_evict_cache_entry_pdu]: RecvEvictCacheEntryPdu: cacheSlot: 336
[17:51:28:261] [47174:0000b861] [DEBUG][com.freerdp.channels.rdpgfx.client] - [rdpgfx_recv_evict_cache_entry_pdu]: RecvEvictCacheEntryPdu: cacheSlot: 337
[17:51:28:261] [47174:0000b861] [DEBUG][com.freerdp.channels.rdpgfx.client] - [rdpgfx_recv_evict_cache_entry_pdu]: RecvEvictCacheEntryPdu: cacheSlot: 338
[17:51:28:261] [47174:0000b861] [DEBUG][com.freerdp.channels.rdpgfx.client] - [rdpgfx_recv_evict_cache_entry_pdu]: RecvEvictCacheEntryPdu: cacheSlot: 339
[17:51:28:261] [47174:0000b861] [DEBUG][com.freerdp.channels.rdpgfx.client] - [rdpgfx_recv_evict_cache_entry_pdu]: RecvEvictCacheEntryPdu: cacheSlot: 340
[17:51:28:261] [47174:0000b861] [DEBUG][com.freerdp.channels.rdpgfx.client] - [rdpgfx_recv_evict_cache_entry_pdu]: RecvEvictCacheEntryPdu: cacheSlot: 341
[17:51:28:261] [47174:0000b861] [DEBUG][com.freerdp.channels.rdpgfx.client] - [rdpgfx_recv_evict_cache_entry_pdu]: RecvEvictCacheEntryPdu: cacheSlot: 342
[17:51:28:261] [47174:0000b861] [DEBUG][com.freerdp.channels.rdpgfx.client] - [rdpgfx_recv_evict_cache_entry_pdu]: RecvEvictCacheEntryPdu: cacheSlot: 343
[17:51:28:261] [47174:0000b861] [DEBUG][com.freerdp.channels.rdpgfx.client] - [rdpgfx_recv_evict_cache_entry_pdu]: RecvEvictCacheEntryPdu: cacheSlot: 344
[17:51:28:261] [47174:0000b861] [DEBUG][com.freerdp.channels.rdpgfx.client] - [rdpgfx_recv_evict_cache_entry_pdu]: RecvEvictCacheEntryPdu: cacheSlot: 345
[17:51:28:261] [47174:0000b861] [DEBUG][com.freerdp.channels.rdpgfx.client] - [rdpgfx_recv_evict_cache_entry_pdu]: RecvEvictCacheEntryPdu: cacheSlot: 346
[17:51:28:261] [47174:0000b861] [DEBUG][com.freerdp.channels.rdpgfx.client] - [rdpgfx_recv_evict_cache_entry_pdu]: RecvEvictCacheEntryPdu: cacheSlot: 347
[17:51:28:261] [47174:0000b861] [DEBUG][com.freerdp.channels.rdpgfx.client] - [rdpgfx_recv_evict_cache_entry_pdu]: RecvEvictCacheEntryPdu: cacheSlot: 348
[17:51:28:261] [47174:0000b861] [DEBUG][com.freerdp.channels.rdpgfx.client] - [rdpgfx_recv_evict_cache_entry_pdu]: RecvEvictCacheEntryPdu: cacheSlot: 349
[17:51:28:261] [47174:0000b861] [DEBUG][com.freerdp.channels.rdpgfx.client] - [rdpgfx_recv_evict_cache_entry_pdu]: RecvEvictCacheEntryPdu: cacheSlot: 350
[17:51:28:261] [47174:0000b861] [DEBUG][com.freerdp.channels.rdpgfx.client] - [rdpgfx_recv_evict_cache_entry_pdu]: RecvEvictCacheEntryPdu: cacheSlot: 351
[17:51:28:261] [47174:0000b861] [DEBUG][com.freerdp.channels.rdpgfx.client] - [rdpgfx_recv_evict_cache_entry_pdu]: RecvEvictCacheEntryPdu: cacheSlot: 352
[17:51:28:261] [47174:0000b861] [DEBUG][com.freerdp.channels.rdpgfx.client] - [rdpgfx_recv_evict_cache_entry_pdu]: RecvEvictCacheEntryPdu: cacheSlot: 358
[17:51:28:261] [47174:0000b861] [DEBUG][com.freerdp.channels.rdpgfx.client] - [rdpgfx_recv_evict_cache_entry_pdu]: RecvEvictCacheEntryPdu: cacheSlot: 359
[17:51:28:261] [47174:0000b861] [DEBUG][com.freerdp.channels.rdpgfx.client] - [rdpgfx_recv_evict_cache_entry_pdu]: RecvEvictCacheEntryPdu: cacheSlot: 360
[17:51:28:261] [47174:0000b861] [DEBUG][com.freerdp.channels.rdpgfx.client] - [rdpgfx_recv_evict_cache_entry_pdu]: RecvEvictCacheEntryPdu: cacheSlot: 361
[17:51:28:262] [47174:0000b861] [DEBUG][com.freerdp.channels.rdpgfx.client] - [rdpgfx_recv_evict_cache_entry_pdu]: RecvEvictCacheEntryPdu: cacheSlot: 362
[17:51:28:262] [47174:0000b861] [DEBUG][com.freerdp.channels.rdpgfx.client] - [rdpgfx_recv_evict_cache_entry_pdu]: RecvEvictCacheEntryPdu: cacheSlot: 363
[17:51:28:262] [47174:0000b861] [DEBUG][com.freerdp.channels.rdpgfx.client] - [rdpgfx_recv_evict_cache_entry_pdu]: RecvEvictCacheEntryPdu: cacheSlot: 364
[17:51:28:262] [47174:0000b861] [DEBUG][com.freerdp.channels.rdpgfx.client] - [rdpgfx_recv_evict_cache_entry_pdu]: RecvEvictCacheEntryPdu: cacheSlot: 365
[17:51:28:262] [47174:0000b861] [DEBUG][com.freerdp.channels.rdpgfx.client] - [rdpgfx_recv_evict_cache_entry_pdu]: RecvEvictCacheEntryPdu: cacheSlot: 366
[17:51:28:262] [47174:0000b861] [DEBUG][com.freerdp.channels.rdpgfx.client] - [rdpgfx_recv_evict_cache_entry_pdu]: RecvEvictCacheEntryPdu: cacheSlot: 367
[17:51:28:262] [47174:0000b861] [DEBUG][com.freerdp.channels.rdpgfx.client] - [rdpgfx_recv_evict_cache_entry_pdu]: RecvEvictCacheEntryPdu: cacheSlot: 368
[17:51:28:262] [47174:0000b861] [DEBUG][com.freerdp.channels.rdpgfx.client] - [rdpgfx_recv_evict_cache_entry_pdu]: RecvEvictCacheEntryPdu: cacheSlot: 376
[17:51:28:262] [47174:0000b861] [DEBUG][com.freerdp.channels.rdpgfx.client] - [rdpgfx_recv_evict_cache_entry_pdu]: RecvEvictCacheEntryPdu: cacheSlot: 377
[17:51:28:262] [47174:0000b861] [DEBUG][com.freerdp.channels.rdpgfx.client] - [rdpgfx_recv_evict_cache_entry_pdu]: RecvEvictCacheEntryPdu: cacheSlot: 378
[17:51:28:262] [47174:0000b861] [DEBUG][com.freerdp.channels.rdpgfx.client] - [rdpgfx_recv_evict_cache_entry_pdu]: RecvEvictCacheEntryPdu: cacheSlot: 379
[17:51:28:262] [47174:0000b861] [DEBUG][com.freerdp.channels.rdpgfx.client] - [rdpgfx_recv_evict_cache_entry_pdu]: RecvEvictCacheEntryPdu: cacheSlot: 380
[17:51:28:262] [47174:0000b861] [DEBUG][com.freerdp.channels.rdpgfx.client] - [rdpgfx_recv_evict_cache_entry_pdu]: RecvEvictCacheEntryPdu: cacheSlot: 381
[17:51:28:262] [47174:0000b861] [DEBUG][com.freerdp.channels.rdpgfx.client] - [rdpgfx_recv_evict_cache_entry_pdu]: RecvEvictCacheEntryPdu: cacheSlot: 382
[17:51:28:262] [47174:0000b861] [DEBUG][com.freerdp.channels.rdpgfx.client] - [rdpgfx_recv_evict_cache_entry_pdu]: RecvEvictCacheEntryPdu: cacheSlot: 383
[17:51:28:262] [47174:0000b861] [DEBUG][com.freerdp.channels.rdpgfx.client] - [rdpgfx_recv_evict_cache_entry_pdu]: RecvEvictCacheEntryPdu: cacheSlot: 384
[17:51:28:262] [47174:0000b861] [DEBUG][com.freerdp.channels.rdpgfx.client] - [rdpgfx_recv_evict_cache_entry_pdu]: RecvEvictCacheEntryPdu: cacheSlot: 385
[17:51:28:262] [47174:0000b861] [DEBUG][com.freerdp.channels.rdpgfx.client] - [rdpgfx_recv_evict_cache_entry_pdu]: RecvEvictCacheEntryPdu: cacheSlot: 386
[17:51:28:262] [47174:0000b861] [DEBUG][com.freerdp.channels.rdpgfx.client] - [rdpgfx_recv_evict_cache_entry_pdu]: RecvEvictCacheEntryPdu: cacheSlot: 387
[17:51:28:262] [47174:0000b861] [DEBUG][com.freerdp.channels.rdpgfx.client] - [rdpgfx_recv_evict_cache_entry_pdu]: RecvEvictCacheEntryPdu: cacheSlot: 394
[17:51:28:262] [47174:0000b861] [DEBUG][com.freerdp.channels.rdpgfx.client] - [rdpgfx_recv_evict_cache_entry_pdu]: RecvEvictCacheEntryPdu: cacheSlot: 395
[17:51:28:262] [47174:0000b861] [DEBUG][com.freerdp.channels.rdpgfx.client] - [rdpgfx_recv_evict_cache_entry_pdu]: RecvEvictCacheEntryPdu: cacheSlot: 397
[17:51:28:262] [47174:0000b861] [DEBUG][com.freerdp.channels.rdpgfx.client] - [rdpgfx_recv_evict_cache_entry_pdu]: RecvEvictCacheEntryPdu: cacheSlot: 398
[17:51:28:262] [47174:0000b861] [DEBUG][com.freerdp.channels.rdpgfx.client] - [rdpgfx_recv_evict_cache_entry_pdu]: RecvEvictCacheEntryPdu: cacheSlot: 399
[17:51:28:262] [47174:0000b861] [DEBUG][com.freerdp.channels.rdpgfx.client] - [rdpgfx_recv_evict_cache_entry_pdu]: RecvEvictCacheEntryPdu: cacheSlot: 400
[17:51:28:262] [47174:0000b861] [DEBUG][com.freerdp.channels.rdpgfx.client] - [rdpgfx_recv_evict_cache_entry_pdu]: RecvEvictCacheEntryPdu: cacheSlot: 401
[17:51:28:262] [47174:0000b861] [DEBUG][com.freerdp.channels.rdpgfx.client] - [rdpgfx_recv_evict_cache_entry_pdu]: RecvEvictCacheEntryPdu: cacheSlot: 402
[17:51:28:262] [47174:0000b861] [DEBUG][com.freerdp.channels.rdpgfx.client] - [rdpgfx_recv_evict_cache_entry_pdu]: RecvEvictCacheEntryPdu: cacheSlot: 404
[17:51:28:262] [47174:0000b861] [DEBUG][com.freerdp.channels.rdpgfx.client] - [rdpgfx_recv_evict_cache_entry_pdu]: RecvEvictCacheEntryPdu: cacheSlot: 596
[17:51:28:262] [47174:0000b861] [DEBUG][com.freerdp.channels.rdpgfx.client] - [rdpgfx_recv_evict_cache_entry_pdu]: RecvEvictCacheEntryPdu: cacheSlot: 597
[17:51:28:262] [47174:0000b861] [DEBUG][com.freerdp.channels.rdpgfx.client] - [rdpgfx_recv_evict_cache_entry_pdu]: RecvEvictCacheEntryPdu: cacheSlot: 598
[17:51:28:263] [47174:0000b861] [DEBUG][com.freerdp.channels.rdpgfx.client] - [rdpgfx_recv_evict_cache_entry_pdu]: RecvEvictCacheEntryPdu: cacheSlot: 599
[17:51:28:263] [47174:0000b861] [DEBUG][com.freerdp.channels.rdpgfx.client] - [rdpgfx_recv_evict_cache_entry_pdu]: RecvEvictCacheEntryPdu: cacheSlot: 600
[17:51:28:263] [47174:0000b861] [DEBUG][com.freerdp.channels.rdpgfx.client] - [rdpgfx_recv_evict_cache_entry_pdu]: RecvEvictCacheEntryPdu: cacheSlot: 601
[17:51:28:263] [47174:0000b861] [DEBUG][com.freerdp.channels.rdpgfx.client] - [rdpgfx_recv_evict_cache_entry_pdu]: RecvEvictCacheEntryPdu: cacheSlot: 602
[17:51:28:263] [47174:0000b861] [DEBUG][com.freerdp.channels.rdpgfx.client] - [rdpgfx_recv_evict_cache_entry_pdu]: RecvEvictCacheEntryPdu: cacheSlot: 603
[17:51:28:263] [47174:0000b861] [DEBUG][com.freerdp.channels.rdpgfx.client] - [rdpgfx_recv_evict_cache_entry_pdu]: RecvEvictCacheEntryPdu: cacheSlot: 604
[17:51:28:263] [47174:0000b861] [DEBUG][com.freerdp.channels.rdpgfx.client] - [rdpgfx_recv_evict_cache_entry_pdu]: RecvEvictCacheEntryPdu: cacheSlot: 605
[17:51:28:263] [47174:0000b861] [DEBUG][com.freerdp.channels.rdpgfx.client] - [rdpgfx_recv_evict_cache_entry_pdu]: RecvEvictCacheEntryPdu: cacheSlot: 606
[17:51:28:264] [47174:0000b861] [DEBUG][com.freerdp.channels.rdpgfx.client] - [rdpgfx_recv_evict_cache_entry_pdu]: RecvEvictCacheEntryPdu: cacheSlot: 607
[17:51:28:264] [47174:0000b861] [DEBUG][com.freerdp.channels.rdpgfx.client] - [rdpgfx_recv_evict_cache_entry_pdu]: RecvEvictCacheEntryPdu: cacheSlot: 608
[17:51:28:264] [47174:0000b861] [DEBUG][com.freerdp.channels.rdpgfx.client] - [rdpgfx_recv_evict_cache_entry_pdu]: RecvEvictCacheEntryPdu: cacheSlot: 609
[17:51:28:264] [47174:0000b861] [DEBUG][com.freerdp.channels.rdpgfx.client] - [rdpgfx_recv_evict_cache_entry_pdu]: RecvEvictCacheEntryPdu: cacheSlot: 610
[17:51:28:264] [47174:0000b861] [DEBUG][com.freerdp.channels.rdpgfx.client] - [rdpgfx_recv_evict_cache_entry_pdu]: RecvEvictCacheEntryPdu: cacheSlot: 611
[17:51:28:264] [47174:0000b861] [DEBUG][com.freerdp.channels.rdpgfx.client] - [rdpgfx_recv_evict_cache_entry_pdu]: RecvEvictCacheEntryPdu: cacheSlot: 612
[17:51:28:264] [47174:0000b861] [DEBUG][com.freerdp.channels.rdpgfx.client] - [rdpgfx_recv_evict_cache_entry_pdu]: RecvEvictCacheEntryPdu: cacheSlot: 613
[17:51:28:264] [47174:0000b861] [DEBUG][com.freerdp.channels.rdpgfx.client] - [rdpgfx_recv_evict_cache_entry_pdu]: RecvEvictCacheEntryPdu: cacheSlot: 614
[17:51:28:264] [47174:0000b861] [DEBUG][com.freerdp.channels.rdpgfx.client] - [rdpgfx_recv_evict_cache_entry_pdu]: RecvEvictCacheEntryPdu: cacheSlot: 615
[17:51:28:264] [47174:0000b861] [DEBUG][com.freerdp.channels.rdpgfx.client] - [rdpgfx_recv_evict_cache_entry_pdu]: RecvEvictCacheEntryPdu: cacheSlot: 616
[17:51:28:264] [47174:0000b861] [DEBUG][com.freerdp.channels.rdpgfx.client] - [rdpgfx_recv_evict_cache_entry_pdu]: RecvEvictCacheEntryPdu: cacheSlot: 617
[17:51:28:264] [47174:0000b861] [DEBUG][com.freerdp.channels.rdpgfx.client] - [rdpgfx_recv_evict_cache_entry_pdu]: RecvEvictCacheEntryPdu: cacheSlot: 618
[17:51:28:264] [47174:0000b861] [DEBUG][com.freerdp.channels.rdpgfx.client] - [rdpgfx_recv_evict_cache_entry_pdu]: RecvEvictCacheEntryPdu: cacheSlot: 619
[17:51:28:264] [47174:0000b861] [DEBUG][com.freerdp.channels.rdpgfx.client] - [rdpgfx_recv_evict_cache_entry_pdu]: RecvEvictCacheEntryPdu: cacheSlot: 620
[17:51:28:264] [47174:0000b861] [DEBUG][com.freerdp.channels.rdpgfx.client] - [rdpgfx_recv_evict_cache_entry_pdu]: RecvEvictCacheEntryPdu: cacheSlot: 621
[17:51:28:264] [47174:0000b861] [DEBUG][com.freerdp.channels.rdpgfx.client] - [rdpgfx_recv_evict_cache_entry_pdu]: RecvEvictCacheEntryPdu: cacheSlot: 622
[17:51:28:264] [47174:0000b861] [DEBUG][com.freerdp.channels.rdpgfx.client] - [rdpgfx_recv_evict_cache_entry_pdu]: RecvEvictCacheEntryPdu: cacheSlot: 623
[17:51:28:264] [47174:0000b861] [DEBUG][com.freerdp.channels.rdpgfx.client] - [rdpgfx_recv_evict_cache_entry_pdu]: RecvEvictCacheEntryPdu: cacheSlot: 624
[17:51:28:264] [47174:0000b861] [DEBUG][com.freerdp.channels.rdpgfx.client] - [rdpgfx_recv_evict_cache_entry_pdu]: RecvEvictCacheEntryPdu: cacheSlot: 625
[17:51:28:264] [47174:0000b861] [DEBUG][com.freerdp.channels.rdpgfx.client] - [rdpgfx_recv_evict_cache_entry_pdu]: RecvEvictCacheEntryPdu: cacheSlot: 626
[17:51:28:264] [47174:0000b861] [DEBUG][com.freerdp.channels.rdpgfx.client] - [rdpgfx_recv_evict_cache_entry_pdu]: RecvEvictCacheEntryPdu: cacheSlot: 627
[17:51:28:264] [47174:0000b861] [DEBUG][com.freerdp.channels.rdpgfx.client] - [rdpgfx_recv_evict_cache_entry_pdu]: RecvEvictCacheEntryPdu: cacheSlot: 628
[17:51:28:264] [47174:0000b861] [DEBUG][com.freerdp.channels.rdpgfx.client] - [rdpgfx_recv_evict_cache_entry_pdu]: RecvEvictCacheEntryPdu: cacheSlot: 629
[17:51:28:264] [47174:0000b861] [DEBUG][com.freerdp.channels.rdpgfx.client] - [rdpgfx_recv_evict_cache_entry_pdu]: RecvEvictCacheEntryPdu: cacheSlot: 630
[17:51:28:264] [47174:0000b861] [DEBUG][com.freerdp.channels.rdpgfx.client] - [rdpgfx_recv_evict_cache_entry_pdu]: RecvEvictCacheEntryPdu: cacheSlot: 631
[17:51:28:264] [47174:0000b861] [DEBUG][com.freerdp.channels.rdpgfx.client] - [rdpgfx_recv_evict_cache_entry_pdu]: RecvEvictCacheEntryPdu: cacheSlot: 632
[17:51:28:264] [47174:0000b861] [DEBUG][com.freerdp.channels.rdpgfx.client] - [rdpgfx_recv_evict_cache_entry_pdu]: RecvEvictCacheEntryPdu: cacheSlot: 633
[17:51:28:264] [47174:0000b861] [DEBUG][com.freerdp.channels.rdpgfx.client] - [rdpgfx_recv_evict_cache_entry_pdu]: RecvEvictCacheEntryPdu: cacheSlot: 634
[17:51:28:264] [47174:0000b861] [DEBUG][com.freerdp.channels.rdpgfx.client] - [rdpgfx_recv_evict_cache_entry_pdu]: RecvEvictCacheEntryPdu: cacheSlot: 635
[17:51:28:264] [47174:0000b861] [DEBUG][com.freerdp.channels.rdpgfx.client] - [rdpgfx_recv_evict_cache_entry_pdu]: RecvEvictCacheEntryPdu: cacheSlot: 636
[17:51:28:264] [47174:0000b861] [DEBUG][com.freerdp.channels.rdpgfx.client] - [rdpgfx_recv_evict_cache_entry_pdu]: RecvEvictCacheEntryPdu: cacheSlot: 637
[17:51:28:264] [47174:0000b861] [DEBUG][com.freerdp.channels.rdpgfx.client] - [rdpgfx_recv_evict_cache_entry_pdu]: RecvEvictCacheEntryPdu: cacheSlot: 638
[17:51:28:264] [47174:0000b861] [DEBUG][com.freerdp.channels.rdpgfx.client] - [rdpgfx_recv_evict_cache_entry_pdu]: RecvEvictCacheEntryPdu: cacheSlot: 412
[17:51:28:264] [47174:0000b861] [DEBUG][com.freerdp.channels.rdpgfx.client] - [rdpgfx_recv_evict_cache_entry_pdu]: RecvEvictCacheEntryPdu: cacheSlot: 413
[17:51:28:264] [47174:0000b861] [DEBUG][com.freerdp.channels.rdpgfx.client] - [rdpgfx_recv_evict_cache_entry_pdu]: RecvEvictCacheEntryPdu: cacheSlot: 414
[17:51:28:264] [47174:0000b861] [DEBUG][com.freerdp.channels.rdpgfx.client] - [rdpgfx_recv_evict_cache_entry_pdu]: RecvEvictCacheEntryPdu: cacheSlot: 415
[17:51:28:265] [47174:0000b861] [DEBUG][com.freerdp.channels.rdpgfx.client] - [rdpgfx_recv_evict_cache_entry_pdu]: RecvEvictCacheEntryPdu: cacheSlot: 416
[17:51:28:265] [47174:0000b861] [DEBUG][com.freerdp.channels.rdpgfx.client] - [rdpgfx_recv_evict_cache_entry_pdu]: RecvEvictCacheEntryPdu: cacheSlot: 417
[17:51:28:265] [47174:0000b861] [DEBUG][com.freerdp.channels.rdpgfx.client] - [rdpgfx_recv_evict_cache_entry_pdu]: RecvEvictCacheEntryPdu: cacheSlot: 418
[17:51:28:265] [47174:0000b861] [DEBUG][com.freerdp.channels.rdpgfx.client] - [rdpgfx_recv_evict_cache_entry_pdu]: RecvEvictCacheEntryPdu: cacheSlot: 419
[17:51:28:265] [47174:0000b861] [DEBUG][com.freerdp.channels.rdpgfx.client] - [rdpgfx_recv_evict_cache_entry_pdu]: RecvEvictCacheEntryPdu: cacheSlot: 420
[17:51:28:265] [47174:0000b861] [DEBUG][com.freerdp.channels.rdpgfx.client] - [rdpgfx_recv_evict_cache_entry_pdu]: RecvEvictCacheEntryPdu: cacheSlot: 421
[17:51:28:265] [47174:0000b861] [DEBUG][com.freerdp.channels.rdpgfx.client] - [rdpgfx_recv_evict_cache_entry_pdu]: RecvEvictCacheEntryPdu: cacheSlot: 422
[17:51:28:265] [47174:0000b861] [DEBUG][com.freerdp.channels.rdpgfx.client] - [rdpgfx_recv_evict_cache_entry_pdu]: RecvEvictCacheEntryPdu: cacheSlot: 423
[17:51:28:265] [47174:0000b861] [DEBUG][com.freerdp.channels.rdpgfx.client] - [rdpgfx_recv_evict_cache_entry_pdu]: RecvEvictCacheEntryPdu: cacheSlot: 430
[17:51:28:265] [47174:0000b861] [DEBUG][com.freerdp.channels.rdpgfx.client] - [rdpgfx_recv_evict_cache_entry_pdu]: RecvEvictCacheEntryPdu: cacheSlot: 431
[17:51:28:265] [47174:0000b861] [DEBUG][com.freerdp.channels.rdpgfx.client] - [rdpgfx_recv_evict_cache_entry_pdu]: RecvEvictCacheEntryPdu: cacheSlot: 433
[17:51:28:265] [47174:0000b861] [DEBUG][com.freerdp.channels.rdpgfx.client] - [rdpgfx_recv_evict_cache_entry_pdu]: RecvEvictCacheEntryPdu: cacheSlot: 434
[17:51:28:265] [47174:0000b861] [DEBUG][com.freerdp.channels.rdpgfx.client] - [rdpgfx_recv_evict_cache_entry_pdu]: RecvEvictCacheEntryPdu: cacheSlot: 435
[17:51:28:265] [47174:0000b861] [DEBUG][com.freerdp.channels.rdpgfx.client] - [rdpgfx_recv_evict_cache_entry_pdu]: RecvEvictCacheEntryPdu: cacheSlot: 436
[17:51:28:265] [47174:0000b861] [DEBUG][com.freerdp.channels.rdpgfx.client] - [rdpgfx_recv_evict_cache_entry_pdu]: RecvEvictCacheEntryPdu: cacheSlot: 437
[17:51:28:265] [47174:0000b861] [DEBUG][com.freerdp.channels.rdpgfx.client] - [rdpgfx_recv_evict_cache_entry_pdu]: RecvEvictCacheEntryPdu: cacheSlot: 438
[17:51:28:265] [47174:0000b861] [DEBUG][com.freerdp.channels.rdpgfx.client] - [rdpgfx_recv_evict_cache_entry_pdu]: RecvEvictCacheEntryPdu: cacheSlot: 442
[17:51:28:265] [47174:0000b861] [DEBUG][com.freerdp.channels.rdpgfx.client] - [rdpgfx_recv_evict_cache_entry_pdu]: RecvEvictCacheEntryPdu: cacheSlot: 443
[17:51:28:265] [47174:0000b861] [DEBUG][com.freerdp.channels.rdpgfx.client] - [rdpgfx_recv_evict_cache_entry_pdu]: RecvEvictCacheEntryPdu: cacheSlot: 444
[17:51:28:265] [47174:0000b861] [DEBUG][com.freerdp.channels.rdpgfx.client] - [rdpgfx_recv_evict_cache_entry_pdu]: RecvEvictCacheEntryPdu: cacheSlot: 457
[17:51:28:265] [47174:0000b861] [DEBUG][com.freerdp.channels.rdpgfx.client] - [rdpgfx_recv_evict_cache_entry_pdu]: RecvEvictCacheEntryPdu: cacheSlot: 460
[17:51:28:265] [47174:0000b861] [DEBUG][com.freerdp.channels.rdpgfx.client] - [rdpgfx_recv_evict_cache_entry_pdu]: RecvEvictCacheEntryPdu: cacheSlot: 462
[17:51:28:265] [47174:0000b861] [DEBUG][com.freerdp.channels.rdpgfx.client] - [rdpgfx_recv_evict_cache_entry_pdu]: RecvEvictCacheEntryPdu: cacheSlot: 465
[17:51:28:265] [47174:0000b861] [DEBUG][com.freerdp.channels.rdpgfx.client] - [rdpgfx_recv_evict_cache_entry_pdu]: RecvEvictCacheEntryPdu: cacheSlot: 466
[17:51:28:265] [47174:0000b861] [DEBUG][com.freerdp.channels.rdpgfx.client] - [rdpgfx_recv_evict_cache_entry_pdu]: RecvEvictCacheEntryPdu: cacheSlot: 467
[17:51:28:265] [47174:0000b861] [DEBUG][com.freerdp.channels.rdpgfx.client] - [rdpgfx_recv_evict_cache_entry_pdu]: RecvEvictCacheEntryPdu: cacheSlot: 468
[17:51:28:265] [47174:0000b861] [DEBUG][com.freerdp.channels.rdpgfx.client] - [rdpgfx_recv_evict_cache_entry_pdu]: RecvEvictCacheEntryPdu: cacheSlot: 469
[17:51:28:265] [47174:0000b861] [DEBUG][com.freerdp.channels.rdpgfx.client] - [rdpgfx_recv_evict_cache_entry_pdu]: RecvEvictCacheEntryPdu: cacheSlot: 470
[17:51:28:265] [47174:0000b861] [DEBUG][com.freerdp.channels.rdpgfx.client] - [rdpgfx_recv_evict_cache_entry_pdu]: RecvEvictCacheEntryPdu: cacheSlot: 471
[17:51:28:265] [47174:0000b861] [DEBUG][com.freerdp.channels.rdpgfx.client] - [rdpgfx_recv_evict_cache_entry_pdu]: RecvEvictCacheEntryPdu: cacheSlot: 472
[17:51:28:265] [47174:0000b861] [DEBUG][com.freerdp.channels.rdpgfx.client] - [rdpgfx_recv_evict_cache_entry_pdu]: RecvEvictCacheEntryPdu: cacheSlot: 473
[17:51:28:265] [47174:0000b861] [DEBUG][com.freerdp.channels.rdpgfx.client] - [rdpgfx_recv_evict_cache_entry_pdu]: RecvEvictCacheEntryPdu: cacheSlot: 474
[17:51:28:265] [47174:0000b861] [DEBUG][com.freerdp.channels.rdpgfx.client] - [rdpgfx_recv_evict_cache_entry_pdu]: RecvEvictCacheEntryPdu: cacheSlot: 475
[17:51:28:265] [47174:0000b861] [DEBUG][com.freerdp.channels.rdpgfx.client] - [rdpgfx_recv_evict_cache_entry_pdu]: RecvEvictCacheEntryPdu: cacheSlot: 476
[17:51:28:265] [47174:0000b861] [DEBUG][com.freerdp.channels.rdpgfx.client] - [rdpgfx_recv_evict_cache_entry_pdu]: RecvEvictCacheEntryPdu: cacheSlot: 477
[17:51:28:265] [47174:0000b861] [DEBUG][com.freerdp.channels.rdpgfx.client] - [rdpgfx_recv_evict_cache_entry_pdu]: RecvEvictCacheEntryPdu: cacheSlot: 478
[17:51:28:265] [47174:0000b861] [DEBUG][com.freerdp.channels.rdpgfx.client] - [rdpgfx_recv_evict_cache_entry_pdu]: RecvEvictCacheEntryPdu: cacheSlot: 479
[17:51:28:265] [47174:0000b861] [DEBUG][com.freerdp.channels.rdpgfx.client] - [rdpgfx_recv_evict_cache_entry_pdu]: RecvEvictCacheEntryPdu: cacheSlot: 480
[17:51:28:265] [47174:0000b861] [DEBUG][com.freerdp.channels.rdpgfx.client] - [rdpgfx_recv_evict_cache_entry_pdu]: RecvEvictCacheEntryPdu: cacheSlot: 481
[17:51:28:265] [47174:0000b861] [DEBUG][com.freerdp.channels.rdpgfx.client] - [rdpgfx_recv_evict_cache_entry_pdu]: RecvEvictCacheEntryPdu: cacheSlot: 482
[17:51:28:265] [47174:0000b861] [DEBUG][com.freerdp.channels.rdpgfx.client] - [rdpgfx_recv_evict_cache_entry_pdu]: RecvEvictCacheEntryPdu: cacheSlot: 483
[17:51:28:265] [47174:0000b861] [DEBUG][com.freerdp.channels.rdpgfx.client] - [rdpgfx_recv_evict_cache_entry_pdu]: RecvEvictCacheEntryPdu: cacheSlot: 484
[17:51:28:265] [47174:0000b861] [DEBUG][com.freerdp.channels.rdpgfx.client] - [rdpgfx_recv_evict_cache_entry_pdu]: RecvEvictCacheEntryPdu: cacheSlot: 485
[17:51:28:265] [47174:0000b861] [DEBUG][com.freerdp.channels.rdpgfx.client] - [rdpgfx_recv_evict_cache_entry_pdu]: RecvEvictCacheEntryPdu: cacheSlot: 486
[17:51:28:265] [47174:0000b861] [DEBUG][com.freerdp.channels.rdpgfx.client] - [rdpgfx_recv_evict_cache_entry_pdu]: RecvEvictCacheEntryPdu: cacheSlot: 487
[17:51:28:266] [47174:0000b861] [DEBUG][com.freerdp.channels.rdpgfx.client] - [rdpgfx_recv_evict_cache_entry_pdu]: RecvEvictCacheEntryPdu: cacheSlot: 488
[17:51:28:266] [47174:0000b861] [DEBUG][com.freerdp.channels.rdpgfx.client] - [rdpgfx_recv_evict_cache_entry_pdu]: RecvEvictCacheEntryPdu: cacheSlot: 489
[17:51:28:266] [47174:0000b861] [DEBUG][com.freerdp.channels.rdpgfx.client] - [rdpgfx_recv_evict_cache_entry_pdu]: RecvEvictCacheEntryPdu: cacheSlot: 490
[17:51:28:266] [47174:0000b861] [DEBUG][com.freerdp.channels.rdpgfx.client] - [rdpgfx_recv_evict_cache_entry_pdu]: RecvEvictCacheEntryPdu: cacheSlot: 491
[17:51:28:266] [47174:0000b861] [DEBUG][com.freerdp.channels.rdpgfx.client] - [rdpgfx_recv_evict_cache_entry_pdu]: RecvEvictCacheEntryPdu: cacheSlot: 492
[17:51:28:266] [47174:0000b861] [DEBUG][com.freerdp.channels.rdpgfx.client] - [rdpgfx_recv_evict_cache_entry_pdu]: RecvEvictCacheEntryPdu: cacheSlot: 493
[17:51:28:266] [47174:0000b861] [DEBUG][com.freerdp.channels.rdpgfx.client] - [rdpgfx_recv_evict_cache_entry_pdu]: RecvEvictCacheEntryPdu: cacheSlot: 494
[17:51:28:266] [47174:0000b861] [DEBUG][com.freerdp.channels.rdpgfx.client] - [rdpgfx_recv_evict_cache_entry_pdu]: RecvEvictCacheEntryPdu: cacheSlot: 495
[17:51:28:266] [47174:0000b861] [DEBUG][com.freerdp.channels.rdpgfx.client] - [rdpgfx_recv_evict_cache_entry_pdu]: RecvEvictCacheEntryPdu: cacheSlot: 496
[17:51:28:266] [47174:0000b861] [DEBUG][com.freerdp.channels.rdpgfx.client] - [rdpgfx_recv_evict_cache_entry_pdu]: RecvEvictCacheEntryPdu: cacheSlot: 497
[17:51:28:266] [47174:0000b861] [DEBUG][com.freerdp.channels.rdpgfx.client] - [rdpgfx_recv_evict_cache_entry_pdu]: RecvEvictCacheEntryPdu: cacheSlot: 498
[17:51:28:266] [47174:0000b861] [DEBUG][com.freerdp.channels.rdpgfx.client] - [rdpgfx_recv_evict_cache_entry_pdu]: RecvEvictCacheEntryPdu: cacheSlot: 499
[17:51:28:266] [47174:0000b861] [DEBUG][com.freerdp.channels.rdpgfx.client] - [rdpgfx_recv_evict_cache_entry_pdu]: RecvEvictCacheEntryPdu: cacheSlot: 500
[17:51:28:266] [47174:0000b861] [DEBUG][com.freerdp.channels.rdpgfx.client] - [rdpgfx_recv_evict_cache_entry_pdu]: RecvEvictCacheEntryPdu: cacheSlot: 501
[17:51:28:266] [47174:0000b861] [DEBUG][com.freerdp.channels.rdpgfx.client] - [rdpgfx_recv_evict_cache_entry_pdu]: RecvEvictCacheEntryPdu: cacheSlot: 502
[17:51:28:266] [47174:0000b861] [DEBUG][com.freerdp.channels.rdpgfx.client] - [rdpgfx_recv_evict_cache_entry_pdu]: RecvEvictCacheEntryPdu: cacheSlot: 503
[17:51:28:266] [47174:0000b861] [DEBUG][com.freerdp.channels.rdpgfx.client] - [rdpgfx_recv_evict_cache_entry_pdu]: RecvEvictCacheEntryPdu: cacheSlot: 504
[17:51:28:266] [47174:0000b861] [DEBUG][com.freerdp.channels.rdpgfx.client] - [rdpgfx_recv_evict_cache_entry_pdu]: RecvEvictCacheEntryPdu: cacheSlot: 505
[17:51:28:266] [47174:0000b861] [DEBUG][com.freerdp.channels.rdpgfx.client] - [rdpgfx_recv_evict_cache_entry_pdu]: RecvEvictCacheEntryPdu: cacheSlot: 506
[17:51:28:266] [47174:0000b861] [DEBUG][com.freerdp.channels.rdpgfx.client] - [rdpgfx_recv_evict_cache_entry_pdu]: RecvEvictCacheEntryPdu: cacheSlot: 507
[17:51:28:266] [47174:0000b861] [DEBUG][com.freerdp.channels.rdpgfx.client] - [rdpgfx_recv_evict_cache_entry_pdu]: RecvEvictCacheEntryPdu: cacheSlot: 508
[17:51:28:266] [47174:0000b861] [DEBUG][com.freerdp.channels.rdpgfx.client] - [rdpgfx_recv_evict_cache_entry_pdu]: RecvEvictCacheEntryPdu: cacheSlot: 509
[17:51:28:266] [47174:0000b861] [DEBUG][com.freerdp.channels.rdpgfx.client] - [rdpgfx_recv_evict_cache_entry_pdu]: RecvEvictCacheEntryPdu: cacheSlot: 510
[17:51:28:266] [47174:0000b861] [DEBUG][com.freerdp.channels.rdpgfx.client] - [rdpgfx_recv_evict_cache_entry_pdu]: RecvEvictCacheEntryPdu: cacheSlot: 511
[17:51:28:266] [47174:0000b861] [DEBUG][com.freerdp.channels.rdpgfx.client] - [rdpgfx_recv_evict_cache_entry_pdu]: RecvEvictCacheEntryPdu: cacheSlot: 512
[17:51:28:266] [47174:0000b861] [DEBUG][com.freerdp.channels.rdpgfx.client] - [rdpgfx_recv_evict_cache_entry_pdu]: RecvEvictCacheEntryPdu: cacheSlot: 513
[17:51:28:266] [47174:0000b861] [DEBUG][com.freerdp.channels.rdpgfx.client] - [rdpgfx_recv_evict_cache_entry_pdu]: RecvEvictCacheEntryPdu: cacheSlot: 514
[17:51:28:266] [47174:0000b861] [DEBUG][com.freerdp.channels.rdpgfx.client] - [rdpgfx_recv_evict_cache_entry_pdu]: RecvEvictCacheEntryPdu: cacheSlot: 515
[17:51:28:266] [47174:0000b861] [DEBUG][com.freerdp.channels.rdpgfx.client] - [rdpgfx_recv_evict_cache_entry_pdu]: RecvEvictCacheEntryPdu: cacheSlot: 516
[17:51:28:266] [47174:0000b861] [DEBUG][com.freerdp.channels.rdpgfx.client] - [rdpgfx_recv_evict_cache_entry_pdu]: RecvEvictCacheEntryPdu: cacheSlot: 517
[17:51:28:266] [47174:0000b861] [DEBUG][com.freerdp.channels.rdpgfx.client] - [rdpgfx_recv_evict_cache_entry_pdu]: RecvEvictCacheEntryPdu: cacheSlot: 518
[17:51:28:266] [47174:0000b861] [DEBUG][com.freerdp.channels.rdpgfx.client] - [rdpgfx_recv_evict_cache_entry_pdu]: RecvEvictCacheEntryPdu: cacheSlot: 519
[17:51:28:266] [47174:0000b861] [DEBUG][com.freerdp.channels.rdpgfx.client] - [rdpgfx_recv_evict_cache_entry_pdu]: RecvEvictCacheEntryPdu: cacheSlot: 520
[17:51:28:266] [47174:0000b861] [DEBUG][com.freerdp.channels.rdpgfx.client] - [rdpgfx_recv_evict_cache_entry_pdu]: RecvEvictCacheEntryPdu: cacheSlot: 521
[17:51:28:266] [47174:0000b861] [DEBUG][com.freerdp.channels.rdpgfx.client] - [rdpgfx_recv_evict_cache_entry_pdu]: RecvEvictCacheEntryPdu: cacheSlot: 522
[17:51:28:266] [47174:0000b861] [DEBUG][com.freerdp.channels.rdpgfx.client] - [rdpgfx_recv_evict_cache_entry_pdu]: RecvEvictCacheEntryPdu: cacheSlot: 523
[17:51:28:266] [47174:0000b861] [DEBUG][com.freerdp.channels.rdpgfx.client] - [rdpgfx_recv_evict_cache_entry_pdu]: RecvEvictCacheEntryPdu: cacheSlot: 524
[17:51:28:266] [47174:0000b861] [DEBUG][com.freerdp.channels.rdpgfx.client] - [rdpgfx_recv_evict_cache_entry_pdu]: RecvEvictCacheEntryPdu: cacheSlot: 525
[17:51:28:266] [47174:0000b861] [DEBUG][com.freerdp.channels.rdpgfx.client] - [rdpgfx_recv_evict_cache_entry_pdu]: RecvEvictCacheEntryPdu: cacheSlot: 526
[17:51:28:266] [47174:0000b861] [DEBUG][com.freerdp.channels.rdpgfx.client] - [rdpgfx_recv_evict_cache_entry_pdu]: RecvEvictCacheEntryPdu: cacheSlot: 527
[17:51:28:267] [47174:0000b861] [DEBUG][com.freerdp.channels.rdpgfx.client] - [rdpgfx_recv_evict_cache_entry_pdu]: RecvEvictCacheEntryPdu: cacheSlot: 528
[17:51:28:267] [47174:0000b861] [DEBUG][com.freerdp.channels.rdpgfx.client] - [rdpgfx_recv_evict_cache_entry_pdu]: RecvEvictCacheEntryPdu: cacheSlot: 529
[17:51:28:267] [47174:0000b861] [DEBUG][com.freerdp.channels.rdpgfx.client] - [rdpgfx_recv_evict_cache_entry_pdu]: RecvEvictCacheEntryPdu: cacheSlot: 530
[17:51:28:267] [47174:0000b861] [DEBUG][com.freerdp.channels.rdpgfx.client] - [rdpgfx_recv_evict_cache_entry_pdu]: RecvEvictCacheEntryPdu: cacheSlot: 531
[17:51:28:267] [47174:0000b861] [DEBUG][com.freerdp.channels.rdpgfx.client] - [rdpgfx_recv_evict_cache_entry_pdu]: RecvEvictCacheEntryPdu: cacheSlot: 532
[17:51:28:267] [47174:0000b861] [DEBUG][com.freerdp.channels.rdpgfx.client] - [rdpgfx_recv_evict_cache_entry_pdu]: RecvEvictCacheEntryPdu: cacheSlot: 533
[17:51:28:267] [47174:0000b861] [DEBUG][com.freerdp.channels.rdpgfx.client] - [rdpgfx_recv_evict_cache_entry_pdu]: RecvEvictCacheEntryPdu: cacheSlot: 534
[17:51:28:267] [47174:0000b861] [DEBUG][com.freerdp.channels.rdpgfx.client] - [rdpgfx_recv_evict_cache_entry_pdu]: RecvEvictCacheEntryPdu: cacheSlot: 535
[17:51:28:267] [47174:0000b861] [DEBUG][com.freerdp.channels.rdpgfx.client] - [rdpgfx_recv_evict_cache_entry_pdu]: RecvEvictCacheEntryPdu: cacheSlot: 536
[17:51:28:267] [47174:0000b861] [DEBUG][com.freerdp.channels.rdpgfx.client] - [rdpgfx_recv_evict_cache_entry_pdu]: RecvEvictCacheEntryPdu: cacheSlot: 537
[17:51:28:267] [47174:0000b861] [DEBUG][com.freerdp.channels.rdpgfx.client] - [rdpgfx_recv_evict_cache_entry_pdu]: RecvEvictCacheEntryPdu: cacheSlot: 538
[17:51:28:267] [47174:0000b861] [DEBUG][com.freerdp.channels.rdpgfx.client] - [rdpgfx_recv_evict_cache_entry_pdu]: RecvEvictCacheEntryPdu: cacheSlot: 539
[17:51:28:267] [47174:0000b861] [DEBUG][com.freerdp.channels.rdpgfx.client] - [rdpgfx_recv_evict_cache_entry_pdu]: RecvEvictCacheEntryPdu: cacheSlot: 540
[17:51:28:267] [47174:0000b861] [DEBUG][com.freerdp.channels.rdpgfx.client] - [rdpgfx_recv_evict_cache_entry_pdu]: RecvEvictCacheEntryPdu: cacheSlot: 541
[17:51:28:267] [47174:0000b861] [DEBUG][com.freerdp.channels.rdpgfx.client] - [rdpgfx_recv_evict_cache_entry_pdu]: RecvEvictCacheEntryPdu: cacheSlot: 542
[17:51:28:267] [47174:0000b861] [DEBUG][com.freerdp.channels.rdpgfx.client] - [rdpgfx_recv_evict_cache_entry_pdu]: RecvEvictCacheEntryPdu: cacheSlot: 543
[17:51:28:267] [47174:0000b861] [DEBUG][com.freerdp.channels.rdpgfx.client] - [rdpgfx_recv_evict_cache_entry_pdu]: RecvEvictCacheEntryPdu: cacheSlot: 544
[17:51:28:267] [47174:0000b861] [DEBUG][com.freerdp.channels.rdpgfx.client] - [rdpgfx_recv_evict_cache_entry_pdu]: RecvEvictCacheEntryPdu: cacheSlot: 545
[17:51:28:267] [47174:0000b861] [DEBUG][com.freerdp.channels.rdpgfx.client] - [rdpgfx_recv_evict_cache_entry_pdu]: RecvEvictCacheEntryPdu: cacheSlot: 546
[17:51:28:267] [47174:0000b861] [DEBUG][com.freerdp.channels.rdpgfx.client] - [rdpgfx_recv_evict_cache_entry_pdu]: RecvEvictCacheEntryPdu: cacheSlot: 547
[17:51:28:267] [47174:0000b861] [DEBUG][com.freerdp.channels.rdpgfx.client] - [rdpgfx_recv_evict_cache_entry_pdu]: RecvEvictCacheEntryPdu: cacheSlot: 548
[17:51:28:267] [47174:0000b861] [DEBUG][com.freerdp.channels.rdpgfx.client] - [rdpgfx_recv_evict_cache_entry_pdu]: RecvEvictCacheEntryPdu: cacheSlot: 549
[17:51:28:267] [47174:0000b861] [DEBUG][com.freerdp.channels.rdpgfx.client] - [rdpgfx_recv_evict_cache_entry_pdu]: RecvEvictCacheEntryPdu: cacheSlot: 550
[17:51:28:267] [47174:0000b861] [DEBUG][com.freerdp.channels.rdpgfx.client] - [rdpgfx_recv_evict_cache_entry_pdu]: RecvEvictCacheEntryPdu: cacheSlot: 551
[17:51:28:267] [47174:0000b861] [DEBUG][com.freerdp.channels.rdpgfx.client] - [rdpgfx_recv_evict_cache_entry_pdu]: RecvEvictCacheEntryPdu: cacheSlot: 552
[17:51:28:267] [47174:0000b861] [DEBUG][com.freerdp.channels.rdpgfx.client] - [rdpgfx_recv_evict_cache_entry_pdu]: RecvEvictCacheEntryPdu: cacheSlot: 553
[17:51:28:267] [47174:0000b861] [DEBUG][com.freerdp.channels.rdpgfx.client] - [rdpgfx_recv_evict_cache_entry_pdu]: RecvEvictCacheEntryPdu: cacheSlot: 554
[17:51:28:267] [47174:0000b861] [DEBUG][com.freerdp.channels.rdpgfx.client] - [rdpgfx_recv_evict_cache_entry_pdu]: RecvEvictCacheEntryPdu: cacheSlot: 555
[17:51:28:267] [47174:0000b861] [DEBUG][com.freerdp.channels.rdpgfx.client] - [rdpgfx_recv_evict_cache_entry_pdu]: RecvEvictCacheEntryPdu: cacheSlot: 556
[17:51:28:267] [47174:0000b861] [DEBUG][com.freerdp.channels.rdpgfx.client] - [rdpgfx_recv_evict_cache_entry_pdu]: RecvEvictCacheEntryPdu: cacheSlot: 557
[17:51:28:267] [47174:0000b861] [DEBUG][com.freerdp.channels.rdpgfx.client] - [rdpgfx_recv_evict_cache_entry_pdu]: RecvEvictCacheEntryPdu: cacheSlot: 558
[17:51:28:267] [47174:0000b861] [DEBUG][com.freerdp.channels.rdpgfx.client] - [rdpgfx_recv_evict_cache_entry_pdu]: RecvEvictCacheEntryPdu: cacheSlot: 559
[17:51:28:267] [47174:0000b861] [DEBUG][com.freerdp.channels.rdpgfx.client] - [rdpgfx_recv_evict_cache_entry_pdu]: RecvEvictCacheEntryPdu: cacheSlot: 560
[17:51:28:267] [47174:0000b861] [DEBUG][com.freerdp.channels.rdpgfx.client] - [rdpgfx_recv_evict_cache_entry_pdu]: RecvEvictCacheEntryPdu: cacheSlot: 561
[17:51:28:267] [47174:0000b861] [DEBUG][com.freerdp.channels.rdpgfx.client] - [rdpgfx_recv_evict_cache_entry_pdu]: RecvEvictCacheEntryPdu: cacheSlot: 34
[17:51:28:268] [47174:0000b861] [DEBUG][com.freerdp.channels.rdpgfx.client] - [rdpgfx_recv_evict_cache_entry_pdu]: RecvEvictCacheEntryPdu: cacheSlot: 35
[17:51:28:268] [47174:0000b861] [DEBUG][com.freerdp.channels.rdpgfx.client] - [rdpgfx_recv_evict_cache_entry_pdu]: RecvEvictCacheEntryPdu: cacheSlot: 36
[17:51:28:268] [47174:0000b861] [DEBUG][com.freerdp.channels.rdpgfx.client] - [rdpgfx_recv_evict_cache_entry_pdu]: RecvEvictCacheEntryPdu: cacheSlot: 37
[17:51:28:268] [47174:0000b861] [DEBUG][com.freerdp.channels.rdpgfx.client] - [rdpgfx_recv_evict_cache_entry_pdu]: RecvEvictCacheEntryPdu: cacheSlot: 38
[17:51:28:268] [47174:0000b848] [DEBUG][com.freerdp.client.x11] - [xf_input_touch_remote]: touch_remote: ev=Update id=1903 x=1549 y=1019 rdpei=0x7f74e0214070 fallback=0
[17:51:28:268] [47174:0000b861] [DEBUG][com.freerdp.channels.rdpgfx.client] - [rdpgfx_recv_evict_cache_entry_pdu]: RecvEvictCacheEntryPdu: cacheSlot: 39
[17:51:28:268] [47174:0000b861] [DEBUG][com.freerdp.channels.rdpgfx.client] - [rdpgfx_recv_evict_cache_entry_pdu]: RecvEvictCacheEntryPdu: cacheSlot: 40
[17:51:28:268] [47174:0000b861] [DEBUG][com.freerdp.channels.rdpgfx.client] - [rdpgfx_recv_evict_cache_entry_pdu]: RecvEvictCacheEntryPdu: cacheSlot: 41
[17:51:28:268] [47174:0000b861] [DEBUG][com.freerdp.channels.rdpgfx.client] - [rdpgfx_recv_evict_cache_entry_pdu]: RecvEvictCacheEntryPdu: cacheSlot: 44
[17:51:28:268] [47174:0000b861] [DEBUG][com.freerdp.channels.rdpgfx.client] - [rdpgfx_recv_evict_cache_entry_pdu]: RecvEvictCacheEntryPdu: cacheSlot: 45
[17:51:28:268] [47174:0000b861] [DEBUG][com.freerdp.channels.rdpgfx.client] - [rdpgfx_recv_evict_cache_entry_pdu]: RecvEvictCacheEntryPdu: cacheSlot: 46
[17:51:28:268] [47174:0000b861] [DEBUG][com.freerdp.channels.rdpgfx.client] - [rdpgfx_recv_evict_cache_entry_pdu]: RecvEvictCacheEntryPdu: cacheSlot: 47
[17:51:28:268] [47174:0000b861] [DEBUG][com.freerdp.channels.rdpgfx.client] - [rdpgfx_recv_evict_cache_entry_pdu]: RecvEvictCacheEntryPdu: cacheSlot: 48
[17:51:28:268] [47174:0000b861] [DEBUG][com.freerdp.channels.rdpgfx.client] - [rdpgfx_recv_evict_cache_entry_pdu]: RecvEvictCacheEntryPdu: cacheSlot: 49
[17:51:28:268] [47174:0000b861] [DEBUG][com.freerdp.channels.rdpgfx.client] - [rdpgfx_recv_evict_cache_entry_pdu]: RecvEvictCacheEntryPdu: cacheSlot: 50
[17:51:28:268] [47174:0000b861] [DEBUG][com.freerdp.channels.rdpgfx.client] - [rdpgfx_recv_evict_cache_entry_pdu]: RecvEvictCacheEntryPdu: cacheSlot: 51
[17:51:28:268] [47174:0000b861] [DEBUG][com.freerdp.channels.rdpgfx.client] - [rdpgfx_recv_evict_cache_entry_pdu]: RecvEvictCacheEntryPdu: cacheSlot: 52
[17:51:28:268] [47174:0000b861] [DEBUG][com.freerdp.channels.rdpgfx.client] - [rdpgfx_recv_evict_cache_entry_pdu]: RecvEvictCacheEntryPdu: cacheSlot: 53
[17:51:28:268] [47174:0000b861] [DEBUG][com.freerdp.channels.rdpgfx.client] - [rdpgfx_recv_evict_cache_entry_pdu]: RecvEvictCacheEntryPdu: cacheSlot: 54
[17:51:28:268] [47174:0000b861] [DEBUG][com.freerdp.channels.rdpgfx.client] - [rdpgfx_recv_evict_cache_entry_pdu]: RecvEvictCacheEntryPdu: cacheSlot: 55
[17:51:28:268] [47174:0000b861] [DEBUG][com.freerdp.channels.rdpgfx.client] - [rdpgfx_recv_evict_cache_entry_pdu]: RecvEvictCacheEntryPdu: cacheSlot: 56
[17:51:28:268] [47174:0000b861] [DEBUG][com.freerdp.channels.rdpgfx.client] - [rdpgfx_recv_evict_cache_entry_pdu]: RecvEvictCacheEntryPdu: cacheSlot: 60
[17:51:28:268] [47174:0000b861] [DEBUG][com.freerdp.channels.rdpgfx.client] - [rdpgfx_recv_evict_cache_entry_pdu]: RecvEvictCacheEntryPdu: cacheSlot: 61
[17:51:28:268] [47174:0000b861] [DEBUG][com.freerdp.channels.rdpgfx.client] - [rdpgfx_recv_evict_cache_entry_pdu]: RecvEvictCacheEntryPdu: cacheSlot: 62
[17:51:28:268] [47174:0000b861] [DEBUG][com.freerdp.channels.rdpgfx.client] - [rdpgfx_recv_evict_cache_entry_pdu]: RecvEvictCacheEntryPdu: cacheSlot: 63
[17:51:28:268] [47174:0000b861] [DEBUG][com.freerdp.channels.rdpgfx.client] - [rdpgfx_recv_evict_cache_entry_pdu]: RecvEvictCacheEntryPdu: cacheSlot: 64
[17:51:28:268] [47174:0000b861] [DEBUG][com.freerdp.channels.rdpgfx.client] - [rdpgfx_recv_evict_cache_entry_pdu]: RecvEvictCacheEntryPdu: cacheSlot: 65
[17:51:28:268] [47174:0000b861] [DEBUG][com.freerdp.channels.rdpgfx.client] - [rdpgfx_recv_evict_cache_entry_pdu]: RecvEvictCacheEntryPdu: cacheSlot: 66
[17:51:28:268] [47174:0000b861] [DEBUG][com.freerdp.channels.rdpgfx.client] - [rdpgfx_recv_evict_cache_entry_pdu]: RecvEvictCacheEntryPdu: cacheSlot: 67
[17:51:28:268] [47174:0000b861] [DEBUG][com.freerdp.channels.rdpgfx.client] - [rdpgfx_recv_evict_cache_entry_pdu]: RecvEvictCacheEntryPdu: cacheSlot: 68
[17:51:28:268] [47174:0000b861] [DEBUG][com.freerdp.channels.rdpgfx.client] - [rdpgfx_recv_evict_cache_entry_pdu]: RecvEvictCacheEntryPdu: cacheSlot: 69
[17:51:28:268] [47174:0000b861] [DEBUG][com.freerdp.channels.rdpgfx.client] - [rdpgfx_recv_evict_cache_entry_pdu]: RecvEvictCacheEntryPdu: cacheSlot: 70
[17:51:28:268] [47174:0000b861] [DEBUG][com.freerdp.channels.rdpgfx.client] - [rdpgfx_recv_evict_cache_entry_pdu]: RecvEvictCacheEntryPdu: cacheSlot: 71
[17:51:28:268] [47174:0000b861] [DEBUG][com.freerdp.channels.rdpgfx.client] - [rdpgfx_recv_evict_cache_entry_pdu]: RecvEvictCacheEntryPdu: cacheSlot: 72
[17:51:28:268] [47174:0000b861] [DEBUG][com.freerdp.channels.rdpgfx.client] - [rdpgfx_recv_evict_cache_entry_pdu]: RecvEvictCacheEntryPdu: cacheSlot: 73
[17:51:28:268] [47174:0000b861] [DEBUG][com.freerdp.channels.rdpgfx.client] - [rdpgfx_recv_evict_cache_entry_pdu]: RecvEvictCacheEntryPdu: cacheSlot: 76
[17:51:28:268] [47174:0000b861] [DEBUG][com.freerdp.channels.rdpgfx.client] - [rdpgfx_recv_evict_cache_entry_pdu]: RecvEvictCacheEntryPdu: cacheSlot: 77
[17:51:28:268] [47174:0000b861] [DEBUG][com.freerdp.channels.rdpgfx.client] - [rdpgfx_recv_evict_cache_entry_pdu]: RecvEvictCacheEntryPdu: cacheSlot: 78
[17:51:28:269] [47174:0000b861] [DEBUG][com.freerdp.channels.rdpgfx.client] - [rdpgfx_recv_evict_cache_entry_pdu]: RecvEvictCacheEntryPdu: cacheSlot: 79
[17:51:28:269] [47174:0000b861] [DEBUG][com.freerdp.channels.rdpgfx.client] - [rdpgfx_recv_evict_cache_entry_pdu]: RecvEvictCacheEntryPdu: cacheSlot: 80
[17:51:28:269] [47174:0000b861] [DEBUG][com.freerdp.channels.rdpgfx.client] - [rdpgfx_recv_evict_cache_entry_pdu]: RecvEvictCacheEntryPdu: cacheSlot: 81
[17:51:28:269] [47174:0000b861] [DEBUG][com.freerdp.channels.rdpgfx.client] - [rdpgfx_recv_evict_cache_entry_pdu]: RecvEvictCacheEntryPdu: cacheSlot: 82
[17:51:28:269] [47174:0000b861] [DEBUG][com.freerdp.channels.rdpgfx.client] - [rdpgfx_recv_evict_cache_entry_pdu]: RecvEvictCacheEntryPdu: cacheSlot: 83
[17:51:28:269] [47174:0000b861] [DEBUG][com.freerdp.channels.rdpgfx.client] - [rdpgfx_recv_evict_cache_entry_pdu]: RecvEvictCacheEntryPdu: cacheSlot: 84
[17:51:28:269] [47174:0000b861] [DEBUG][com.freerdp.channels.rdpgfx.client] - [rdpgfx_recv_evict_cache_entry_pdu]: RecvEvictCacheEntryPdu: cacheSlot: 85
[17:51:28:269] [47174:0000b861] [DEBUG][com.freerdp.channels.rdpgfx.client] - [rdpgfx_recv_evict_cache_entry_pdu]: RecvEvictCacheEntryPdu: cacheSlot: 86
[17:51:28:269] [47174:0000b861] [DEBUG][com.freerdp.channels.rdpgfx.client] - [rdpgfx_recv_evict_cache_entry_pdu]: RecvEvictCacheEntryPdu: cacheSlot: 87
[17:51:28:269] [47174:0000b861] [DEBUG][com.freerdp.channels.rdpgfx.client] - [rdpgfx_recv_evict_cache_entry_pdu]: RecvEvictCacheEntryPdu: cacheSlot: 91
[17:51:28:269] [47174:0000b861] [DEBUG][com.freerdp.channels.rdpgfx.client] - [rdpgfx_recv_evict_cache_entry_pdu]: RecvEvictCacheEntryPdu: cacheSlot: 92
[17:51:28:269] [47174:0000b861] [DEBUG][com.freerdp.channels.rdpgfx.client] - [rdpgfx_recv_evict_cache_entry_pdu]: RecvEvictCacheEntryPdu: cacheSlot: 93
[17:51:28:269] [47174:0000b861] [DEBUG][com.freerdp.channels.rdpgfx.client] - [rdpgfx_recv_evict_cache_entry_pdu]: RecvEvictCacheEntryPdu: cacheSlot: 94
[17:51:28:269] [47174:0000b861] [DEBUG][com.freerdp.channels.rdpgfx.client] - [rdpgfx_recv_evict_cache_entry_pdu]: RecvEvictCacheEntryPdu: cacheSlot: 95
[17:51:28:269] [47174:0000b861] [DEBUG][com.freerdp.channels.rdpgfx.client] - [rdpgfx_recv_evict_cache_entry_pdu]: RecvEvictCacheEntryPdu: cacheSlot: 96
[17:51:28:269] [47174:0000b861] [DEBUG][com.freerdp.channels.rdpgfx.client] - [rdpgfx_recv_evict_cache_entry_pdu]: RecvEvictCacheEntryPdu: cacheSlot: 97
[17:51:28:269] [47174:0000b861] [DEBUG][com.freerdp.channels.rdpgfx.client] - [rdpgfx_recv_evict_cache_entry_pdu]: RecvEvictCacheEntryPdu: cacheSlot: 98
[17:51:28:269] [47174:0000b861] [DEBUG][com.freerdp.channels.rdpgfx.client] - [rdpgfx_recv_evict_cache_entry_pdu]: RecvEvictCacheEntryPdu: cacheSlot: 99
[17:51:28:269] [47174:0000b861] [DEBUG][com.freerdp.channels.rdpgfx.client] - [rdpgfx_recv_evict_cache_entry_pdu]: RecvEvictCacheEntryPdu: cacheSlot: 100
[17:51:28:269] [47174:0000b861] [DEBUG][com.freerdp.channels.rdpgfx.client] - [rdpgfx_recv_evict_cache_entry_pdu]: RecvEvictCacheEntryPdu: cacheSlot: 101
[17:51:28:269] [47174:0000b861] [DEBUG][com.freerdp.channels.rdpgfx.client] - [rdpgfx_recv_evict_cache_entry_pdu]: RecvEvictCacheEntryPdu: cacheSlot: 102
[17:51:28:269] [47174:0000b861] [DEBUG][com.freerdp.channels.rdpgfx.client] - [rdpgfx_recv_evict_cache_entry_pdu]: RecvEvictCacheEntryPdu: cacheSlot: 103
[17:51:28:269] [47174:0000b861] [DEBUG][com.freerdp.channels.rdpgfx.client] - [rdpgfx_recv_evict_cache_entry_pdu]: RecvEvictCacheEntryPdu: cacheSlot: 104
[17:51:28:269] [47174:0000b861] [DEBUG][com.freerdp.channels.rdpgfx.client] - [rdpgfx_recv_evict_cache_entry_pdu]: RecvEvictCacheEntryPdu: cacheSlot: 107
[17:51:28:269] [47174:0000b861] [DEBUG][com.freerdp.channels.rdpgfx.client] - [rdpgfx_recv_evict_cache_entry_pdu]: RecvEvictCacheEntryPdu: cacheSlot: 109
[17:51:28:269] [47174:0000b861] [DEBUG][com.freerdp.channels.rdpgfx.client] - [rdpgfx_recv_evict_cache_entry_pdu]: RecvEvictCacheEntryPdu: cacheSlot: 110
[17:51:28:269] [47174:0000b861] [DEBUG][com.freerdp.channels.rdpgfx.client] - [rdpgfx_recv_evict_cache_entry_pdu]: RecvEvictCacheEntryPdu: cacheSlot: 111
[17:51:28:269] [47174:0000b861] [DEBUG][com.freerdp.channels.rdpgfx.client] - [rdpgfx_recv_evict_cache_entry_pdu]: RecvEvictCacheEntryPdu: cacheSlot: 112
[17:51:28:269] [47174:0000b861] [DEBUG][com.freerdp.channels.rdpgfx.client] - [rdpgfx_recv_evict_cache_entry_pdu]: RecvEvictCacheEntryPdu: cacheSlot: 113
[17:51:28:269] [47174:0000b861] [DEBUG][com.freerdp.channels.rdpgfx.client] - [rdpgfx_recv_evict_cache_entry_pdu]: RecvEvictCacheEntryPdu: cacheSlot: 114
[17:51:28:269] [47174:0000b861] [DEBUG][com.freerdp.channels.rdpgfx.client] - [rdpgfx_recv_evict_cache_entry_pdu]: RecvEvictCacheEntryPdu: cacheSlot: 115
[17:51:28:269] [47174:0000b861] [DEBUG][com.freerdp.channels.rdpgfx.client] - [rdpgfx_recv_evict_cache_entry_pdu]: RecvEvictCacheEntryPdu: cacheSlot: 116
[17:51:28:269] [47174:0000b861] [DEBUG][com.freerdp.channels.rdpgfx.client] - [rdpgfx_recv_evict_cache_entry_pdu]: RecvEvictCacheEntryPdu: cacheSlot: 118
[17:51:28:269] [47174:0000b861] [DEBUG][com.freerdp.channels.rdpgfx.client] - [rdpgfx_recv_evict_cache_entry_pdu]: RecvEvictCacheEntryPdu: cacheSlot: 119
[17:51:28:269] [47174:0000b861] [DEBUG][com.freerdp.channels.rdpgfx.client] - [rdpgfx_recv_evict_cache_entry_pdu]: RecvEvictCacheEntryPdu: cacheSlot: 639
[17:51:28:269] [47174:0000b861] [DEBUG][com.freerdp.channels.rdpgfx.client] - [rdpgfx_recv_evict_cache_entry_pdu]: RecvEvictCacheEntryPdu: cacheSlot: 640
[17:51:28:270] [47174:0000b861] [DEBUG][com.freerdp.channels.rdpgfx.client] - [rdpgfx_recv_evict_cache_entry_pdu]: RecvEvictCacheEntryPdu: cacheSlot: 641
[17:51:28:270] [47174:0000b861] [DEBUG][com.freerdp.channels.rdpgfx.client] - [rdpgfx_recv_evict_cache_entry_pdu]: RecvEvictCacheEntryPdu: cacheSlot: 124
[17:51:28:270] [47174:0000b861] [DEBUG][com.freerdp.channels.rdpgfx.client] - [rdpgfx_recv_evict_cache_entry_pdu]: RecvEvictCacheEntryPdu: cacheSlot: 125
[17:51:28:270] [47174:0000b861] [DEBUG][com.freerdp.channels.rdpgfx.client] - [rdpgfx_recv_evict_cache_entry_pdu]: RecvEvictCacheEntryPdu: cacheSlot: 126
[17:51:28:270] [47174:0000b861] [DEBUG][com.freerdp.channels.rdpgfx.client] - [rdpgfx_recv_evict_cache_entry_pdu]: RecvEvictCacheEntryPdu: cacheSlot: 127
[17:51:28:270] [47174:0000b861] [DEBUG][com.freerdp.channels.rdpgfx.client] - [rdpgfx_recv_evict_cache_entry_pdu]: RecvEvictCacheEntryPdu: cacheSlot: 128
[17:51:28:270] [47174:0000b861] [DEBUG][com.freerdp.channels.rdpgfx.client] - [rdpgfx_recv_evict_cache_entry_pdu]: RecvEvictCacheEntryPdu: cacheSlot: 129
[17:51:28:270] [47174:0000b861] [DEBUG][com.freerdp.channels.rdpgfx.client] - [rdpgfx_recv_evict_cache_entry_pdu]: RecvEvictCacheEntryPdu: cacheSlot: 130
[17:51:28:270] [47174:0000b861] [DEBUG][com.freerdp.channels.rdpgfx.client] - [rdpgfx_recv_evict_cache_entry_pdu]: RecvEvictCacheEntryPdu: cacheSlot: 131
[17:51:28:270] [47174:0000b861] [DEBUG][com.freerdp.channels.rdpgfx.client] - [rdpgfx_recv_evict_cache_entry_pdu]: RecvEvictCacheEntryPdu: cacheSlot: 132
[17:51:28:270] [47174:0000b861] [DEBUG][com.freerdp.channels.rdpgfx.client] - [rdpgfx_recv_evict_cache_entry_pdu]: RecvEvictCacheEntryPdu: cacheSlot: 133
[17:51:28:270] [47174:0000b861] [DEBUG][com.freerdp.channels.rdpgfx.client] - [rdpgfx_recv_evict_cache_entry_pdu]: RecvEvictCacheEntryPdu: cacheSlot: 134
[17:51:28:270] [47174:0000b861] [DEBUG][com.freerdp.channels.rdpgfx.client] - [rdpgfx_recv_evict_cache_entry_pdu]: RecvEvictCacheEntryPdu: cacheSlot: 138
[17:51:28:270] [47174:0000b861] [DEBUG][com.freerdp.channels.rdpgfx.client] - [rdpgfx_recv_evict_cache_entry_pdu]: RecvEvictCacheEntryPdu: cacheSlot: 139
[17:51:28:270] [47174:0000b861] [DEBUG][com.freerdp.channels.rdpgfx.client] - [rdpgfx_recv_evict_cache_entry_pdu]: RecvEvictCacheEntryPdu: cacheSlot: 140
[17:51:28:270] [47174:0000b861] [DEBUG][com.freerdp.channels.rdpgfx.client] - [rdpgfx_recv_evict_cache_entry_pdu]: RecvEvictCacheEntryPdu: cacheSlot: 141
[17:51:28:270] [47174:0000b861] [DEBUG][com.freerdp.channels.rdpgfx.client] - [rdpgfx_recv_evict_cache_entry_pdu]: RecvEvictCacheEntryPdu: cacheSlot: 142
[17:51:28:270] [47174:0000b861] [DEBUG][com.freerdp.channels.rdpgfx.client] - [rdpgfx_recv_evict_cache_entry_pdu]: RecvEvictCacheEntryPdu: cacheSlot: 143
[17:51:28:271] [47174:0000b861] [DEBUG][com.freerdp.channels.rdpgfx.client] - [rdpgfx_recv_evict_cache_entry_pdu]: RecvEvictCacheEntryPdu: cacheSlot: 144
[17:51:28:271] [47174:0000b861] [DEBUG][com.freerdp.channels.rdpgfx.client] - [rdpgfx_recv_evict_cache_entry_pdu]: RecvEvictCacheEntryPdu: cacheSlot: 145
[17:51:28:271] [47174:0000b861] [DEBUG][com.freerdp.channels.rdpgfx.client] - [rdpgfx_recv_evict_cache_entry_pdu]: RecvEvictCacheEntryPdu: cacheSlot: 146
[17:51:28:271] [47174:0000b861] [DEBUG][com.freerdp.channels.rdpgfx.client] - [rdpgfx_recv_evict_cache_entry_pdu]: RecvEvictCacheEntryPdu: cacheSlot: 147
[17:51:28:271] [47174:0000b861] [DEBUG][com.freerdp.channels.rdpgfx.client] - [rdpgfx_recv_evict_cache_entry_pdu]: RecvEvictCacheEntryPdu: cacheSlot: 148
[17:51:28:271] [47174:0000b861] [DEBUG][com.freerdp.channels.rdpgfx.client] - [rdpgfx_recv_evict_cache_entry_pdu]: RecvEvictCacheEntryPdu: cacheSlot: 149
[17:51:28:271] [47174:0000b861] [DEBUG][com.freerdp.channels.rdpgfx.client] - [rdpgfx_recv_evict_cache_entry_pdu]: RecvEvictCacheEntryPdu: cacheSlot: 150
[17:51:28:271] [47174:0000b861] [DEBUG][com.freerdp.channels.rdpgfx.client] - [rdpgfx_recv_evict_cache_entry_pdu]: RecvEvictCacheEntryPdu: cacheSlot: 151
[17:51:28:271] [47174:0000b861] [DEBUG][com.freerdp.channels.rdpgfx.client] - [rdpgfx_recv_evict_cache_entry_pdu]: RecvEvictCacheEntryPdu: cacheSlot: 155
[17:51:28:271] [47174:0000b861] [DEBUG][com.freerdp.channels.rdpgfx.client] - [rdpgfx_recv_evict_cache_entry_pdu]: RecvEvictCacheEntryPdu: cacheSlot: 156
[17:51:28:271] [47174:0000b861] [DEBUG][com.freerdp.channels.rdpgfx.client] - [rdpgfx_recv_evict_cache_entry_pdu]: RecvEvictCacheEntryPdu: cacheSlot: 157
[17:51:28:271] [47174:0000b861] [DEBUG][com.freerdp.channels.rdpgfx.client] - [rdpgfx_recv_evict_cache_entry_pdu]: RecvEvictCacheEntryPdu: cacheSlot: 158
[17:51:28:271] [47174:0000b861] [DEBUG][com.freerdp.channels.rdpgfx.client] - [rdpgfx_recv_evict_cache_entry_pdu]: RecvEvictCacheEntryPdu: cacheSlot: 159
[17:51:28:271] [47174:0000b861] [DEBUG][com.freerdp.channels.rdpgfx.client] - [rdpgfx_recv_evict_cache_entry_pdu]: RecvEvictCacheEntryPdu: cacheSlot: 160
[17:51:28:271] [47174:0000b861] [DEBUG][com.freerdp.channels.rdpgfx.client] - [rdpgfx_recv_evict_cache_entry_pdu]: RecvEvictCacheEntryPdu: cacheSlot: 161
[17:51:28:271] [47174:0000b861] [DEBUG][com.freerdp.channels.rdpgfx.client] - [rdpgfx_recv_evict_cache_entry_pdu]: RecvEvictCacheEntryPdu: cacheSlot: 162
[17:51:28:271] [47174:0000b861] [DEBUG][com.freerdp.channels.rdpgfx.client] - [rdpgfx_recv_evict_cache_entry_pdu]: RecvEvictCacheEntryPdu: cacheSlot: 163
[17:51:28:271] [47174:0000b861] [DEBUG][com.freerdp.channels.rdpgfx.client] - [rdpgfx_recv_evict_cache_entry_pdu]: RecvEvictCacheEntryPdu: cacheSlot: 164
[17:51:28:271] [47174:0000b861] [DEBUG][com.freerdp.channels.rdpgfx.client] - [rdpgfx_recv_evict_cache_entry_pdu]: RecvEvictCacheEntryPdu: cacheSlot: 165
[17:51:28:271] [47174:0000b861] [DEBUG][com.freerdp.channels.rdpgfx.client] - [rdpgfx_recv_evict_cache_entry_pdu]: RecvEvictCacheEntryPdu: cacheSlot: 166
[17:51:28:271] [47174:0000b861] [DEBUG][com.freerdp.channels.rdpgfx.client] - [rdpgfx_recv_evict_cache_entry_pdu]: RecvEvictCacheEntryPdu: cacheSlot: 167
[17:51:28:272] [47174:0000b861] [DEBUG][com.freerdp.channels.rdpgfx.client] - [rdpgfx_recv_evict_cache_entry_pdu]: RecvEvictCacheEntryPdu: cacheSlot: 168
[17:51:28:272] [47174:0000b861] [DEBUG][com.freerdp.channels.rdpgfx.client] - [rdpgfx_recv_evict_cache_entry_pdu]: RecvEvictCacheEntryPdu: cacheSlot: 171
[17:51:28:272] [47174:0000b861] [DEBUG][com.freerdp.channels.rdpgfx.client] - [rdpgfx_recv_evict_cache_entry_pdu]: RecvEvictCacheEntryPdu: cacheSlot: 172
[17:51:28:272] [47174:0000b861] [DEBUG][com.freerdp.channels.rdpgfx.client] - [rdpgfx_recv_evict_cache_entry_pdu]: RecvEvictCacheEntryPdu: cacheSlot: 173
[17:51:28:272] [47174:0000b861] [DEBUG][com.freerdp.channels.rdpgfx.client] - [rdpgfx_recv_evict_cache_entry_pdu]: RecvEvictCacheEntryPdu: cacheSlot: 177
[17:51:28:272] [47174:0000b861] [DEBUG][com.freerdp.channels.rdpgfx.client] - [rdpgfx_recv_evict_cache_entry_pdu]: RecvEvictCacheEntryPdu: cacheSlot: 178
[17:51:28:272] [47174:0000b861] [DEBUG][com.freerdp.channels.rdpgfx.client] - [rdpgfx_recv_evict_cache_entry_pdu]: RecvEvictCacheEntryPdu: cacheSlot: 179
[17:51:28:272] [47174:0000b861] [DEBUG][com.freerdp.channels.rdpgfx.client] - [rdpgfx_recv_evict_cache_entry_pdu]: RecvEvictCacheEntryPdu: cacheSlot: 180
[17:51:28:272] [47174:0000b861] [DEBUG][com.freerdp.channels.rdpgfx.client] - [rdpgfx_recv_evict_cache_entry_pdu]: RecvEvictCacheEntryPdu: cacheSlot: 181
[17:51:28:272] [47174:0000b861] [DEBUG][com.freerdp.channels.rdpgfx.client] - [rdpgfx_recv_evict_cache_entry_pdu]: RecvEvictCacheEntryPdu: cacheSlot: 182
[17:51:28:272] [47174:0000b861] [DEBUG][com.freerdp.channels.rdpgfx.client] - [rdpgfx_recv_evict_cache_entry_pdu]: RecvEvictCacheEntryPdu: cacheSlot: 183
[17:51:28:272] [47174:0000b861] [DEBUG][com.freerdp.channels.rdpgfx.client] - [rdpgfx_recv_evict_cache_entry_pdu]: RecvEvictCacheEntryPdu: cacheSlot: 184
[17:51:28:272] [47174:0000b861] [DEBUG][com.freerdp.channels.rdpgfx.client] - [rdpgfx_recv_evict_cache_entry_pdu]: RecvEvictCacheEntryPdu: cacheSlot: 188
[17:51:28:272] [47174:0000b861] [DEBUG][com.freerdp.channels.rdpgfx.client] - [rdpgfx_recv_evict_cache_entry_pdu]: RecvEvictCacheEntryPdu: cacheSlot: 190
[17:51:28:272] [47174:0000b861] [DEBUG][com.freerdp.channels.rdpgfx.client] - [rdpgfx_recv_evict_cache_entry_pdu]: RecvEvictCacheEntryPdu: cacheSlot: 191
[17:51:28:272] [47174:0000b861] [DEBUG][com.freerdp.channels.rdpgfx.client] - [rdpgfx_recv_evict_cache_entry_pdu]: RecvEvictCacheEntryPdu: cacheSlot: 192
[17:51:28:272] [47174:0000b861] [DEBUG][com.freerdp.channels.rdpgfx.client] - [rdpgfx_recv_evict_cache_entry_pdu]: RecvEvictCacheEntryPdu: cacheSlot: 193
[17:51:28:272] [47174:0000b861] [DEBUG][com.freerdp.channels.rdpgfx.client] - [rdpgfx_recv_evict_cache_entry_pdu]: RecvEvictCacheEntryPdu: cacheSlot: 194
[17:51:28:272] [47174:0000b861] [DEBUG][com.freerdp.channels.rdpgfx.client] - [rdpgfx_recv_evict_cache_entry_pdu]: RecvEvictCacheEntryPdu: cacheSlot: 195
[17:51:28:272] [47174:0000b861] [DEBUG][com.freerdp.channels.rdpgfx.client] - [rdpgfx_recv_evict_cache_entry_pdu]: RecvEvictCacheEntryPdu: cacheSlot: 196
[17:51:28:272] [47174:0000b861] [DEBUG][com.freerdp.channels.rdpgfx.client] - [rdpgfx_recv_evict_cache_entry_pdu]: RecvEvictCacheEntryPdu: cacheSlot: 197
[17:51:28:272] [47174:0000b861] [DEBUG][com.freerdp.channels.rdpgfx.client] - [rdpgfx_recv_evict_cache_entry_pdu]: RecvEvictCacheEntryPdu: cacheSlot: 198
[17:51:28:272] [47174:0000b861] [DEBUG][com.freerdp.channels.rdpgfx.client] - [rdpgfx_recv_evict_cache_entry_pdu]: RecvEvictCacheEntryPdu: cacheSlot: 199
[17:51:28:273] [47174:0000b861] [DEBUG][com.freerdp.channels.rdpgfx.client] - [rdpgfx_recv_evict_cache_entry_pdu]: RecvEvictCacheEntryPdu: cacheSlot: 201
[17:51:28:273] [47174:0000b861] [DEBUG][com.freerdp.channels.rdpgfx.client] - [rdpgfx_recv_evict_cache_entry_pdu]: RecvEvictCacheEntryPdu: cacheSlot: 202
[17:51:28:273] [47174:0000b861] [DEBUG][com.freerdp.channels.rdpgfx.client] - [rdpgfx_recv_evict_cache_entry_pdu]: RecvEvictCacheEntryPdu: cacheSlot: 203
[17:51:28:273] [47174:0000b861] [DEBUG][com.freerdp.channels.rdpgfx.client] - [rdpgfx_recv_evict_cache_entry_pdu]: RecvEvictCacheEntryPdu: cacheSlot: 204
[17:51:28:273] [47174:0000b861] [DEBUG][com.freerdp.channels.rdpgfx.client] - [rdpgfx_recv_evict_cache_entry_pdu]: RecvEvictCacheEntryPdu: cacheSlot: 205
[17:51:28:273] [47174:0000b861] [DEBUG][com.freerdp.channels.rdpgfx.client] - [rdpgfx_recv_evict_cache_entry_pdu]: RecvEvictCacheEntryPdu: cacheSlot: 206
[17:51:28:273] [47174:0000b861] [DEBUG][com.freerdp.channels.rdpgfx.client] - [rdpgfx_recv_evict_cache_entry_pdu]: RecvEvictCacheEntryPdu: cacheSlot: 207
[17:51:28:273] [47174:0000b861] [DEBUG][com.freerdp.channels.rdpgfx.client] - [rdpgfx_recv_evict_cache_entry_pdu]: RecvEvictCacheEntryPdu: cacheSlot: 208
[17:51:28:273] [47174:0000b861] [DEBUG][com.freerdp.channels.rdpgfx.client] - [rdpgfx_recv_evict_cache_entry_pdu]: RecvEvictCacheEntryPdu: cacheSlot: 209
[17:51:28:273] [47174:0000b861] [DEBUG][com.freerdp.channels.rdpgfx.client] - [rdpgfx_recv_evict_cache_entry_pdu]: RecvEvictCacheEntryPdu: cacheSlot: 210
[17:51:28:273] [47174:0000b861] [DEBUG][com.freerdp.channels.rdpgfx.client] - [rdpgfx_recv_evict_cache_entry_pdu]: RecvEvictCacheEntryPdu: cacheSlot: 211
[17:51:28:273] [47174:0000b861] [DEBUG][com.freerdp.channels.rdpgfx.client] - [rdpgfx_recv_evict_cache_entry_pdu]: RecvEvictCacheEntryPdu: cacheSlot: 212
[17:51:28:273] [47174:0000b861] [DEBUG][com.freerdp.channels.rdpgfx.client] - [rdpgfx_recv_evict_cache_entry_pdu]: RecvEvictCacheEntryPdu: cacheSlot: 213
[17:51:28:273] [47174:0000b861] [DEBUG][com.freerdp.channels.rdpgfx.client] - [rdpgfx_recv_evict_cache_entry_pdu]: RecvEvictCacheEntryPdu: cacheSlot: 214
[17:51:28:273] [47174:0000b861] [DEBUG][com.freerdp.channels.rdpgfx.client] - [rdpgfx_recv_evict_cache_entry_pdu]: RecvEvictCacheEntryPdu: cacheSlot: 215
[17:51:28:273] [47174:0000b861] [DEBUG][com.freerdp.channels.rdpgfx.client] - [rdpgfx_recv_evict_cache_entry_pdu]: RecvEvictCacheEntryPdu: cacheSlot: 216
[17:51:28:273] [47174:0000b861] [DEBUG][com.freerdp.channels.rdpgfx.client] - [rdpgfx_recv_evict_cache_entry_pdu]: RecvEvictCacheEntryPdu: cacheSlot: 217
[17:51:28:273] [47174:0000b861] [DEBUG][com.freerdp.channels.rdpgfx.client] - [rdpgfx_recv_evict_cache_entry_pdu]: RecvEvictCacheEntryPdu: cacheSlot: 218
[17:51:28:273] [47174:0000b861] [DEBUG][com.freerdp.channels.rdpgfx.client] - [rdpgfx_recv_evict_cache_entry_pdu]: RecvEvictCacheEntryPdu: cacheSlot: 219
[17:51:28:273] [47174:0000b861] [DEBUG][com.freerdp.channels.rdpgfx.client] - [rdpgfx_recv_evict_cache_entry_pdu]: RecvEvictCacheEntryPdu: cacheSlot: 224
[17:51:28:273] [47174:0000b861] [DEBUG][com.freerdp.channels.rdpgfx.client] - [rdpgfx_recv_evict_cache_entry_pdu]: RecvEvictCacheEntryPdu: cacheSlot: 225
[17:51:28:273] [47174:0000b861] [DEBUG][com.freerdp.channels.rdpgfx.client] - [rdpgfx_recv_evict_cache_entry_pdu]: RecvEvictCacheEntryPdu: cacheSlot: 226
[17:51:28:273] [47174:0000b861] [DEBUG][com.freerdp.channels.rdpgfx.client] - [rdpgfx_recv_evict_cache_entry_pdu]: RecvEvictCacheEntryPdu: cacheSlot: 227
[17:51:28:273] [47174:0000b861] [DEBUG][com.freerdp.channels.rdpgfx.client] - [rdpgfx_recv_evict_cache_entry_pdu]: RecvEvictCacheEntryPdu: cacheSlot: 228
[17:51:28:273] [47174:0000b861] [DEBUG][com.freerdp.channels.rdpgfx.client] - [rdpgfx_recv_evict_cache_entry_pdu]: RecvEvictCacheEntryPdu: cacheSlot: 229
[17:51:28:273] [47174:0000b861] [DEBUG][com.freerdp.channels.rdpgfx.client] - [rdpgfx_recv_evict_cache_entry_pdu]: RecvEvictCacheEntryPdu: cacheSlot: 230
[17:51:28:273] [47174:0000b861] [DEBUG][com.freerdp.channels.rdpgfx.client] - [rdpgfx_recv_evict_cache_entry_pdu]: RecvEvictCacheEntryPdu: cacheSlot: 231
[17:51:28:273] [47174:0000b861] [DEBUG][com.freerdp.channels.rdpgfx.client] - [rdpgfx_recv_evict_cache_entry_pdu]: RecvEvictCacheEntryPdu: cacheSlot: 232
[17:51:28:273] [47174:0000b861] [DEBUG][com.freerdp.channels.rdpgfx.client] - [rdpgfx_recv_evict_cache_entry_pdu]: RecvEvictCacheEntryPdu: cacheSlot: 233
[17:51:28:273] [47174:0000b861] [DEBUG][com.freerdp.channels.rdpgfx.client] - [rdpgfx_recv_evict_cache_entry_pdu]: RecvEvictCacheEntryPdu: cacheSlot: 234
[17:51:28:273] [47174:0000b861] [DEBUG][com.freerdp.channels.rdpgfx.client] - [rdpgfx_recv_evict_cache_entry_pdu]: RecvEvictCacheEntryPdu: cacheSlot: 235
[17:51:28:273] [47174:0000b861] [DEBUG][com.freerdp.channels.rdpgfx.client] - [rdpgfx_recv_evict_cache_entry_pdu]: RecvEvictCacheEntryPdu: cacheSlot: 236
[17:51:28:273] [47174:0000b861] [DEBUG][com.freerdp.channels.rdpgfx.client] - [rdpgfx_recv_evict_cache_entry_pdu]: RecvEvictCacheEntryPdu: cacheSlot: 237
[17:51:28:273] [47174:0000b861] [DEBUG][com.freerdp.channels.rdpgfx.client] - [rdpgfx_recv_evict_cache_entry_pdu]: RecvEvictCacheEntryPdu: cacheSlot: 238
[17:51:28:273] [47174:0000b861] [DEBUG][com.freerdp.channels.rdpgfx.client] - [rdpgfx_recv_evict_cache_entry_pdu]: RecvEvictCacheEntryPdu: cacheSlot: 239
[17:51:28:273] [47174:0000b861] [DEBUG][com.freerdp.channels.rdpgfx.client] - [rdpgfx_recv_evict_cache_entry_pdu]: RecvEvictCacheEntryPdu: cacheSlot: 240
[17:51:28:273] [47174:0000b861] [DEBUG][com.freerdp.channels.rdpgfx.client] - [rdpgfx_recv_evict_cache_entry_pdu]: RecvEvictCacheEntryPdu: cacheSlot: 241
[17:51:28:273] [47174:0000b861] [DEBUG][com.freerdp.channels.rdpgfx.client] - [rdpgfx_recv_evict_cache_entry_pdu]: RecvEvictCacheEntryPdu: cacheSlot: 242
[17:51:28:273] [47174:0000b861] [DEBUG][com.freerdp.channels.rdpgfx.client] - [rdpgfx_recv_evict_cache_entry_pdu]: RecvEvictCacheEntryPdu: cacheSlot: 243
[17:51:28:273] [47174:0000b861] [DEBUG][com.freerdp.channels.rdpgfx.client] - [rdpgfx_recv_evict_cache_entry_pdu]: RecvEvictCacheEntryPdu: cacheSlot: 244
[17:51:28:273] [47174:0000b861] [DEBUG][com.freerdp.channels.rdpgfx.client] - [rdpgfx_recv_evict_cache_entry_pdu]: RecvEvictCacheEntryPdu: cacheSlot: 245
[17:51:28:273] [47174:0000b861] [DEBUG][com.freerdp.channels.rdpgfx.client] - [rdpgfx_recv_evict_cache_entry_pdu]: RecvEvictCacheEntryPdu: cacheSlot: 246
[17:51:28:273] [47174:0000b861] [DEBUG][com.freerdp.channels.rdpgfx.client] - [rdpgfx_recv_evict_cache_entry_pdu]: RecvEvictCacheEntryPdu: cacheSlot: 247
[17:51:28:273] [47174:0000b861] [DEBUG][com.freerdp.channels.rdpgfx.client] - [rdpgfx_recv_evict_cache_entry_pdu]: RecvEvictCacheEntryPdu: cacheSlot: 248
[17:51:28:274] [47174:0000b861] [DEBUG][com.freerdp.channels.rdpgfx.client] - [rdpgfx_recv_evict_cache_entry_pdu]: RecvEvictCacheEntryPdu: cacheSlot: 249
[17:51:28:274] [47174:0000b861] [DEBUG][com.freerdp.channels.rdpgfx.client] - [rdpgfx_recv_evict_cache_entry_pdu]: RecvEvictCacheEntryPdu: cacheSlot: 250
[17:51:28:274] [47174:0000b861] [DEBUG][com.freerdp.channels.rdpgfx.client] - [rdpgfx_recv_evict_cache_entry_pdu]: RecvEvictCacheEntryPdu: cacheSlot: 251
[17:51:28:274] [47174:0000b861] [DEBUG][com.freerdp.channels.rdpgfx.client] - [rdpgfx_recv_evict_cache_entry_pdu]: RecvEvictCacheEntryPdu: cacheSlot: 562
[17:51:28:274] [47174:0000b861] [DEBUG][com.freerdp.channels.rdpgfx.client] - [rdpgfx_recv_evict_cache_entry_pdu]: RecvEvictCacheEntryPdu: cacheSlot: 563
[17:51:28:274] [47174:0000b861] [DEBUG][com.freerdp.channels.rdpgfx.client] - [rdpgfx_recv_evict_cache_entry_pdu]: RecvEvictCacheEntryPdu: cacheSlot: 252
[17:51:28:274] [47174:0000b861] [DEBUG][com.freerdp.channels.rdpgfx.client] - [rdpgfx_recv_evict_cache_entry_pdu]: RecvEvictCacheEntryPdu: cacheSlot: 564
[17:51:28:274] [47174:0000b861] [DEBUG][com.freerdp.channels.rdpgfx.client] - [rdpgfx_recv_evict_cache_entry_pdu]: RecvEvictCacheEntryPdu: cacheSlot: 565
[17:51:28:274] [47174:0000b861] [DEBUG][com.freerdp.channels.rdpgfx.client] - [rdpgfx_recv_evict_cache_entry_pdu]: RecvEvictCacheEntryPdu: cacheSlot: 566
[17:51:28:274] [47174:0000b861] [DEBUG][com.freerdp.channels.rdpgfx.client] - [rdpgfx_recv_evict_cache_entry_pdu]: RecvEvictCacheEntryPdu: cacheSlot: 567
[17:51:28:274] [47174:0000b861] [DEBUG][com.freerdp.channels.rdpgfx.client] - [rdpgfx_recv_evict_cache_entry_pdu]: RecvEvictCacheEntryPdu: cacheSlot: 568
[17:51:28:274] [47174:0000b861] [DEBUG][com.freerdp.channels.rdpgfx.client] - [rdpgfx_recv_evict_cache_entry_pdu]: RecvEvictCacheEntryPdu: cacheSlot: 569
[17:51:28:274] [47174:0000b861] [DEBUG][com.freerdp.channels.rdpgfx.client] - [rdpgfx_recv_evict_cache_entry_pdu]: RecvEvictCacheEntryPdu: cacheSlot: 570
[17:51:28:274] [47174:0000b861] [DEBUG][com.freerdp.channels.rdpgfx.client] - [rdpgfx_recv_evict_cache_entry_pdu]: RecvEvictCacheEntryPdu: cacheSlot: 571
[17:51:28:274] [47174:0000b861] [DEBUG][com.freerdp.channels.rdpgfx.client] - [rdpgfx_recv_evict_cache_entry_pdu]: RecvEvictCacheEntryPdu: cacheSlot: 572
[17:51:28:274] [47174:0000b861] [DEBUG][com.freerdp.channels.rdpgfx.client] - [rdpgfx_recv_evict_cache_entry_pdu]: RecvEvictCacheEntryPdu: cacheSlot: 573
[17:51:28:274] [47174:0000b861] [DEBUG][com.freerdp.channels.rdpgfx.client] - [rdpgfx_recv_evict_cache_entry_pdu]: RecvEvictCacheEntryPdu: cacheSlot: 574
[17:51:28:274] [47174:0000b861] [DEBUG][com.freerdp.channels.rdpgfx.client] - [rdpgfx_recv_evict_cache_entry_pdu]: RecvEvictCacheEntryPdu: cacheSlot: 575
[17:51:28:274] [47174:0000b861] [DEBUG][com.freerdp.channels.rdpgfx.client] - [rdpgfx_recv_evict_cache_entry_pdu]: RecvEvictCacheEntryPdu: cacheSlot: 576
[17:51:28:274] [47174:0000b861] [DEBUG][com.freerdp.channels.rdpgfx.client] - [rdpgfx_recv_evict_cache_entry_pdu]: RecvEvictCacheEntryPdu: cacheSlot: 577
[17:51:28:274] [47174:0000b861] [DEBUG][com.freerdp.channels.rdpgfx.client] - [rdpgfx_recv_evict_cache_entry_pdu]: RecvEvictCacheEntryPdu: cacheSlot: 578
[17:51:28:274] [47174:0000b861] [DEBUG][com.freerdp.channels.rdpgfx.client] - [rdpgfx_recv_evict_cache_entry_pdu]: RecvEvictCacheEntryPdu: cacheSlot: 253
[17:51:28:274] [47174:0000b861] [DEBUG][com.freerdp.channels.rdpgfx.client] - [rdpgfx_recv_evict_cache_entry_pdu]: RecvEvictCacheEntryPdu: cacheSlot: 254
[17:51:28:274] [47174:0000b861] [DEBUG][com.freerdp.channels.rdpgfx.client] - [rdpgfx_recv_evict_cache_entry_pdu]: RecvEvictCacheEntryPdu: cacheSlot: 255
[17:51:28:274] [47174:0000b861] [DEBUG][com.freerdp.channels.rdpgfx.client] - [rdpgfx_recv_evict_cache_entry_pdu]: RecvEvictCacheEntryPdu: cacheSlot: 258
[17:51:28:274] [47174:0000b861] [DEBUG][com.freerdp.channels.rdpgfx.client] - [rdpgfx_recv_evict_cache_entry_pdu]: RecvEvictCacheEntryPdu: cacheSlot: 259
[17:51:28:274] [47174:0000b861] [DEBUG][com.freerdp.channels.rdpgfx.client] - [rdpgfx_recv_evict_cache_entry_pdu]: RecvEvictCacheEntryPdu: cacheSlot: 260
[17:51:28:274] [47174:0000b861] [DEBUG][com.freerdp.channels.rdpgfx.client] - [rdpgfx_recv_evict_cache_entry_pdu]: RecvEvictCacheEntryPdu: cacheSlot: 579
[17:51:28:274] [47174:0000b861] [DEBUG][com.freerdp.channels.rdpgfx.client] - [rdpgfx_recv_evict_cache_entry_pdu]: RecvEvictCacheEntryPdu: cacheSlot: 580
[17:51:28:274] [47174:0000b861] [DEBUG][com.freerdp.channels.rdpgfx.client] - [rdpgfx_recv_evict_cache_entry_pdu]: RecvEvictCacheEntryPdu: cacheSlot: 581
[17:51:28:274] [47174:0000b861] [DEBUG][com.freerdp.channels.rdpgfx.client] - [rdpgfx_recv_evict_cache_entry_pdu]: RecvEvictCacheEntryPdu: cacheSlot: 582
[17:51:28:274] [47174:0000b861] [DEBUG][com.freerdp.channels.rdpgfx.client] - [rdpgfx_recv_evict_cache_entry_pdu]: RecvEvictCacheEntryPdu: cacheSlot: 583
[17:51:28:274] [47174:0000b861] [DEBUG][com.freerdp.channels.rdpgfx.client] - [rdpgfx_recv_evict_cache_entry_pdu]: RecvEvictCacheEntryPdu: cacheSlot: 584
[17:51:28:274] [47174:0000b861] [DEBUG][com.freerdp.channels.rdpgfx.client] - [rdpgfx_recv_evict_cache_entry_pdu]: RecvEvictCacheEntryPdu: cacheSlot: 585
[17:51:28:274] [47174:0000b861] [DEBUG][com.freerdp.channels.rdpgfx.client] - [rdpgfx_recv_evict_cache_entry_pdu]: RecvEvictCacheEntryPdu: cacheSlot: 586
[17:51:28:274] [47174:0000b861] [DEBUG][com.freerdp.channels.rdpgfx.client] - [rdpgfx_recv_evict_cache_entry_pdu]: RecvEvictCacheEntryPdu: cacheSlot: 587
[17:51:28:274] [47174:0000b861] [DEBUG][com.freerdp.channels.rdpgfx.client] - [rdpgfx_recv_evict_cache_entry_pdu]: RecvEvictCacheEntryPdu: cacheSlot: 588
[17:51:28:274] [47174:0000b861] [DEBUG][com.freerdp.channels.rdpgfx.client] - [rdpgfx_recv_evict_cache_entry_pdu]: RecvEvictCacheEntryPdu: cacheSlot: 589
[17:51:28:274] [47174:0000b861] [DEBUG][com.freerdp.channels.rdpgfx.client] - [rdpgfx_recv_evict_cache_entry_pdu]: RecvEvictCacheEntryPdu: cacheSlot: 590
[17:51:28:274] [47174:0000b861] [DEBUG][com.freerdp.channels.rdpgfx.client] - [rdpgfx_recv_evict_cache_entry_pdu]: RecvEvictCacheEntryPdu: cacheSlot: 591
[17:51:28:274] [47174:0000b861] [DEBUG][com.freerdp.channels.rdpgfx.client] - [rdpgfx_recv_evict_cache_entry_pdu]: RecvEvictCacheEntryPdu: cacheSlot: 592
[17:51:28:274] [47174:0000b861] [DEBUG][com.freerdp.channels.rdpgfx.client] - [rdpgfx_recv_evict_cache_entry_pdu]: RecvEvictCacheEntryPdu: cacheSlot: 593
[17:51:28:274] [47174:0000b861] [DEBUG][com.freerdp.channels.rdpgfx.client] - [rdpgfx_recv_evict_cache_entry_pdu]: RecvEvictCacheEntryPdu: cacheSlot: 594
[17:51:28:274] [47174:0000b861] [DEBUG][com.freerdp.channels.rdpgfx.client] - [rdpgfx_recv_evict_cache_entry_pdu]: RecvEvictCacheEntryPdu: cacheSlot: 595
[17:51:28:274] [47174:0000b861] [DEBUG][com.freerdp.channels.rdpgfx.client] - [rdpgfx_recv_evict_cache_entry_pdu]: RecvEvictCacheEntryPdu: cacheSlot: 263
[17:51:28:274] [47174:0000b861] [DEBUG][com.freerdp.channels.rdpgfx.client] - [rdpgfx_recv_evict_cache_entry_pdu]: RecvEvictCacheEntryPdu: cacheSlot: 264
[17:51:28:274] [47174:0000b861] [DEBUG][com.freerdp.channels.rdpgfx.client] - [rdpgfx_recv_evict_cache_entry_pdu]: RecvEvictCacheEntryPdu: cacheSlot: 265
[17:51:28:274] [47174:0000b861] [DEBUG][com.freerdp.channels.rdpgfx.client] - [rdpgfx_recv_evict_cache_entry_pdu]: RecvEvictCacheEntryPdu: cacheSlot: 266
[17:51:28:274] [47174:0000b861] [DEBUG][com.freerdp.channels.rdpgfx.client] - [rdpgfx_recv_evict_cache_entry_pdu]: RecvEvictCacheEntryPdu: cacheSlot: 267
[17:51:28:274] [47174:0000b861] [DEBUG][com.freerdp.channels.rdpgfx.client] - [rdpgfx_recv_evict_cache_entry_pdu]: RecvEvictCacheEntryPdu: cacheSlot: 268
[17:51:28:274] [47174:0000b861] [DEBUG][com.freerdp.channels.rdpgfx.client] - [rdpgfx_recv_evict_cache_entry_pdu]: RecvEvictCacheEntryPdu: cacheSlot: 269
[17:51:28:274] [47174:0000b861] [DEBUG][com.freerdp.channels.rdpgfx.client] - [rdpgfx_recv_evict_cache_entry_pdu]: RecvEvictCacheEntryPdu: cacheSlot: 270
[17:51:28:274] [47174:0000b861] [DEBUG][com.freerdp.channels.rdpgfx.client] - [rdpgfx_recv_evict_cache_entry_pdu]: RecvEvictCacheEntryPdu: cacheSlot: 271
[17:51:28:274] [47174:0000b861] [DEBUG][com.freerdp.channels.rdpgfx.client] - [rdpgfx_recv_evict_cache_entry_pdu]: RecvEvictCacheEntryPdu: cacheSlot: 272
[17:51:28:274] [47174:0000b861] [DEBUG][com.freerdp.channels.rdpgfx.client] - [rdpgfx_recv_evict_cache_entry_pdu]: RecvEvictCacheEntryPdu: cacheSlot: 273
[17:51:28:274] [47174:0000b861] [DEBUG][com.freerdp.channels.rdpgfx.client] - [rdpgfx_recv_evict_cache_entry_pdu]: RecvEvictCacheEntryPdu: cacheSlot: 274
[17:51:28:274] [47174:0000b861] [DEBUG][com.freerdp.channels.rdpgfx.client] - [rdpgfx_recv_evict_cache_entry_pdu]: RecvEvictCacheEntryPdu: cacheSlot: 275
[17:51:28:274] [47174:0000b861] [DEBUG][com.freerdp.channels.rdpgfx.client] - [rdpgfx_recv_evict_cache_entry_pdu]: RecvEvictCacheEntryPdu: cacheSlot: 276
[17:51:28:274] [47174:0000b861] [DEBUG][com.freerdp.channels.rdpgfx.client] - [rdpgfx_recv_evict_cache_entry_pdu]: RecvEvictCacheEntryPdu: cacheSlot: 277
[17:51:28:274] [47174:0000b861] [DEBUG][com.freerdp.channels.rdpgfx.client] - [rdpgfx_recv_evict_cache_entry_pdu]: RecvEvictCacheEntryPdu: cacheSlot: 278
[17:51:28:274] [47174:0000b861] [DEBUG][com.freerdp.channels.rdpgfx.client] - [rdpgfx_recv_evict_cache_entry_pdu]: RecvEvictCacheEntryPdu: cacheSlot: 279
[17:51:28:274] [47174:0000b861] [DEBUG][com.freerdp.channels.rdpgfx.client] - [rdpgfx_recv_evict_cache_entry_pdu]: RecvEvictCacheEntryPdu: cacheSlot: 280
[17:51:28:274] [47174:0000b861] [DEBUG][com.freerdp.channels.rdpgfx.client] - [rdpgfx_recv_evict_cache_entry_pdu]: RecvEvictCacheEntryPdu: cacheSlot: 281
[17:51:28:274] [47174:0000b861] [DEBUG][com.freerdp.channels.rdpgfx.client] - [rdpgfx_recv_evict_cache_entry_pdu]: RecvEvictCacheEntryPdu: cacheSlot: 282
[17:51:28:274] [47174:0000b861] [DEBUG][com.freerdp.channels.rdpgfx.client] - [rdpgfx_recv_evict_cache_entry_pdu]: RecvEvictCacheEntryPdu: cacheSlot: 283
[17:51:28:274] [47174:0000b861] [DEBUG][com.freerdp.channels.rdpgfx.client] - [rdpgfx_recv_evict_cache_entry_pdu]: RecvEvictCacheEntryPdu: cacheSlot: 284
[17:51:28:274] [47174:0000b861] [DEBUG][com.freerdp.channels.rdpgfx.client] - [rdpgfx_recv_evict_cache_entry_pdu]: RecvEvictCacheEntryPdu: cacheSlot: 285
[17:51:28:274] [47174:0000b861] [DEBUG][com.freerdp.channels.rdpgfx.client] - [rdpgfx_recv_evict_cache_entry_pdu]: RecvEvictCacheEntryPdu: cacheSlot: 286
[17:51:28:274] [47174:0000b861] [DEBUG][com.freerdp.channels.rdpgfx.client] - [rdpgfx_recv_evict_cache_entry_pdu]: RecvEvictCacheEntryPdu: cacheSlot: 287
[17:51:28:274] [47174:0000b861] [DEBUG][com.freerdp.channels.rdpgfx.client] - [rdpgfx_recv_evict_cache_entry_pdu]: RecvEvictCacheEntryPdu: cacheSlot: 288
[17:51:28:274] [47174:0000b861] [DEBUG][com.freerdp.channels.rdpgfx.client] - [rdpgfx_recv_evict_cache_entry_pdu]: RecvEvictCacheEntryPdu: cacheSlot: 289
[17:51:28:274] [47174:0000b861] [DEBUG][com.freerdp.channels.rdpgfx.client] - [rdpgfx_recv_evict_cache_entry_pdu]: RecvEvictCacheEntryPdu: cacheSlot: 290
[17:51:28:274] [47174:0000b861] [DEBUG][com.freerdp.channels.rdpgfx.client] - [rdpgfx_recv_evict_cache_entry_pdu]: RecvEvictCacheEntryPdu: cacheSlot: 291
[17:51:28:274] [47174:0000b861] [DEBUG][com.freerdp.channels.rdpgfx.client] - [rdpgfx_recv_evict_cache_entry_pdu]: RecvEvictCacheEntryPdu: cacheSlot: 292
[17:51:28:274] [47174:0000b861] [DEBUG][com.freerdp.channels.rdpgfx.client] - [rdpgfx_recv_evict_cache_entry_pdu]: RecvEvictCacheEntryPdu: cacheSlot: 293
[17:51:28:274] [47174:0000b861] [DEBUG][com.freerdp.channels.rdpgfx.client] - [rdpgfx_recv_evict_cache_entry_pdu]: RecvEvictCacheEntryPdu: cacheSlot: 294
[17:51:28:274] [47174:0000b861] [DEBUG][com.freerdp.channels.rdpgfx.client] - [rdpgfx_recv_evict_cache_entry_pdu]: RecvEvictCacheEntryPdu: cacheSlot: 295
[17:51:28:274] [47174:0000b861] [DEBUG][com.freerdp.channels.rdpgfx.client] - [rdpgfx_recv_evict_cache_entry_pdu]: RecvEvictCacheEntryPdu: cacheSlot: 296
[17:51:28:274] [47174:0000b861] [DEBUG][com.freerdp.channels.rdpgfx.client] - [rdpgfx_recv_evict_cache_entry_pdu]: RecvEvictCacheEntryPdu: cacheSlot: 297
[17:51:28:275] [47174:0000b861] [DEBUG][com.freerdp.channels.rdpgfx.client] - [rdpgfx_recv_evict_cache_entry_pdu]: RecvEvictCacheEntryPdu: cacheSlot: 298
[17:51:28:275] [47174:0000b861] [DEBUG][com.freerdp.channels.rdpgfx.client] - [rdpgfx_recv_evict_cache_entry_pdu]: RecvEvictCacheEntryPdu: cacheSlot: 299
[17:51:28:275] [47174:0000b861] [DEBUG][com.freerdp.channels.rdpgfx.client] - [rdpgfx_recv_evict_cache_entry_pdu]: RecvEvictCacheEntryPdu: cacheSlot: 300
[17:51:28:275] [47174:0000b861] [DEBUG][com.freerdp.channels.rdpgfx.client] - [rdpgfx_recv_evict_cache_entry_pdu]: RecvEvictCacheEntryPdu: cacheSlot: 301
[17:51:28:275] [47174:0000b861] [DEBUG][com.freerdp.channels.rdpgfx.client] - [rdpgfx_recv_evict_cache_entry_pdu]: RecvEvictCacheEntryPdu: cacheSlot: 302
[17:51:28:275] [47174:0000b861] [DEBUG][com.freerdp.channels.rdpgfx.client] - [rdpgfx_recv_evict_cache_entry_pdu]: RecvEvictCacheEntryPdu: cacheSlot: 303
[17:51:28:275] [47174:0000b861] [DEBUG][com.freerdp.channels.rdpgfx.client] - [rdpgfx_recv_evict_cache_entry_pdu]: RecvEvictCacheEntryPdu: cacheSlot: 304
[17:51:28:275] [47174:0000b861] [DEBUG][com.freerdp.channels.rdpgfx.client] - [rdpgfx_recv_evict_cache_entry_pdu]: RecvEvictCacheEntryPdu: cacheSlot: 305
[17:51:28:275] [47174:0000b861] [DEBUG][com.freerdp.channels.rdpgfx.client] - [rdpgfx_recv_evict_cache_entry_pdu]: RecvEvictCacheEntryPdu: cacheSlot: 306
[17:51:28:275] [47174:0000b861] [DEBUG][com.freerdp.channels.rdpgfx.client] - [rdpgfx_recv_evict_cache_entry_pdu]: RecvEvictCacheEntryPdu: cacheSlot: 307
[17:51:28:275] [47174:0000b861] [DEBUG][com.freerdp.channels.rdpgfx.client] - [rdpgfx_recv_evict_cache_entry_pdu]: RecvEvictCacheEntryPdu: cacheSlot: 308
[17:51:28:275] [47174:0000b861] [DEBUG][com.freerdp.channels.rdpgfx.client] - [rdpgfx_recv_evict_cache_entry_pdu]: RecvEvictCacheEntryPdu: cacheSlot: 309
[17:51:28:275] [47174:0000b861] [DEBUG][com.freerdp.channels.rdpgfx.client] - [rdpgfx_recv_evict_cache_entry_pdu]: RecvEvictCacheEntryPdu: cacheSlot: 310
[17:51:28:275] [47174:0000b861] [DEBUG][com.freerdp.channels.rdpgfx.client] - [rdpgfx_recv_evict_cache_entry_pdu]: RecvEvictCacheEntryPdu: cacheSlot: 311
[17:51:28:275] [47174:0000b861] [DEBUG][com.freerdp.channels.rdpgfx.client] - [rdpgfx_recv_evict_cache_entry_pdu]: RecvEvictCacheEntryPdu: cacheSlot: 312
[17:51:28:275] [47174:0000b861] [DEBUG][com.freerdp.channels.rdpgfx.client] - [rdpgfx_recv_evict_cache_entry_pdu]: RecvEvictCacheEntryPdu: cacheSlot: 313
[17:51:28:275] [47174:0000b861] [DEBUG][com.freerdp.channels.rdpgfx.client] - [rdpgfx_recv_evict_cache_entry_pdu]: RecvEvictCacheEntryPdu: cacheSlot: 314
[17:51:28:275] [47174:0000b861] [DEBUG][com.freerdp.channels.rdpgfx.client] - [rdpgfx_recv_evict_cache_entry_pdu]: RecvEvictCacheEntryPdu: cacheSlot: 315
[17:51:28:275] [47174:0000b861] [DEBUG][com.freerdp.channels.rdpgfx.client] - [rdpgfx_recv_evict_cache_entry_pdu]: RecvEvictCacheEntryPdu: cacheSlot: 316
[17:51:28:275] [47174:0000b861] [DEBUG][com.freerdp.channels.rdpgfx.client] - [rdpgfx_recv_evict_cache_entry_pdu]: RecvEvictCacheEntryPdu: cacheSlot: 317
[17:51:28:275] [47174:0000b861] [DEBUG][com.freerdp.channels.rdpgfx.client] - [rdpgfx_recv_evict_cache_entry_pdu]: RecvEvictCacheEntryPdu: cacheSlot: 318
[17:51:28:275] [47174:0000b861] [DEBUG][com.freerdp.channels.rdpgfx.client] - [rdpgfx_recv_evict_cache_entry_pdu]: RecvEvictCacheEntryPdu: cacheSlot: 319
[17:51:28:275] [47174:0000b861] [DEBUG][com.freerdp.channels.rdpgfx.client] - [rdpgfx_recv_evict_cache_entry_pdu]: RecvEvictCacheEntryPdu: cacheSlot: 320
[17:51:28:275] [47174:0000b861] [DEBUG][com.freerdp.channels.rdpgfx.client] - [rdpgfx_recv_evict_cache_entry_pdu]: RecvEvictCacheEntryPdu: cacheSlot: 321
[17:51:28:275] [47174:0000b861] [DEBUG][com.freerdp.channels.rdpgfx.client] - [rdpgfx_recv_evict_cache_entry_pdu]: RecvEvictCacheEntryPdu: cacheSlot: 322
[17:51:28:275] [47174:0000b861] [DEBUG][com.freerdp.channels.rdpgfx.client] - [rdpgfx_recv_evict_cache_entry_pdu]: RecvEvictCacheEntryPdu: cacheSlot: 323
[17:51:28:275] [47174:0000b861] [DEBUG][com.freerdp.channels.rdpgfx.client] - [rdpgfx_recv_evict_cache_entry_pdu]: RecvEvictCacheEntryPdu: cacheSlot: 324
[17:51:28:275] [47174:0000b861] [DEBUG][com.freerdp.channels.rdpgfx.client] - [rdpgfx_recv_evict_cache_entry_pdu]: RecvEvictCacheEntryPdu: cacheSlot: 325
[17:51:28:275] [47174:0000b861] [DEBUG][com.freerdp.channels.rdpgfx.client] - [rdpgfx_recv_evict_cache_entry_pdu]: RecvEvictCacheEntryPdu: cacheSlot: 326
[17:51:28:275] [47174:0000b861] [DEBUG][com.freerdp.channels.rdpgfx.client] - [rdpgfx_recv_evict_cache_entry_pdu]: RecvEvictCacheEntryPdu: cacheSlot: 327
[17:51:28:275] [47174:0000b861] [DEBUG][com.freerdp.channels.rdpgfx.client] - [rdpgfx_recv_evict_cache_entry_pdu]: RecvEvictCacheEntryPdu: cacheSlot: 328
[17:51:28:275] [47174:0000b861] [DEBUG][com.freerdp.channels.rdpgfx.client] - [rdpgfx_recv_evict_cache_entry_pdu]: RecvEvictCacheEntryPdu: cacheSlot: 329
[17:51:28:275] [47174:0000b861] [DEBUG][com.freerdp.channels.rdpgfx.client] - [rdpgfx_recv_evict_cache_entry_pdu]: RecvEvictCacheEntryPdu: cacheSlot: 330
[17:51:28:275] [47174:0000b861] [DEBUG][com.freerdp.channels.rdpgfx.client] - [rdpgfx_recv_evict_cache_entry_pdu]: RecvEvictCacheEntryPdu: cacheSlot: 331
[17:51:28:275] [47174:0000b861] [DEBUG][com.freerdp.channels.rdpgfx.client] - [rdpgfx_recv_evict_cache_entry_pdu]: RecvEvictCacheEntryPdu: cacheSlot: 332
[17:51:28:275] [47174:0000b861] [DEBUG][com.freerdp.channels.rdpgfx.client] - [rdpgfx_recv_evict_cache_entry_pdu]: RecvEvictCacheEntryPdu: cacheSlot: 333
[17:51:28:275] [47174:0000b861] [DEBUG][com.freerdp.channels.rdpgfx.client] - [rdpgfx_recv_evict_cache_entry_pdu]: RecvEvictCacheEntryPdu: cacheSlot: 334
[17:51:28:275] [47174:0000b861] [DEBUG][com.freerdp.channels.rdpgfx.client] - [rdpgfx_recv_evict_cache_entry_pdu]: RecvEvictCacheEntryPdu: cacheSlot: 335
[17:51:28:275] [47174:0000b861] [DEBUG][com.freerdp.channels.rdpgfx.client] - [rdpgfx_recv_evict_cache_entry_pdu]: RecvEvictCacheEntryPdu: cacheSlot: 336
[17:51:28:275] [47174:0000b861] [DEBUG][com.freerdp.channels.rdpgfx.client] - [rdpgfx_recv_evict_cache_entry_pdu]: RecvEvictCacheEntryPdu: cacheSlot: 337
[17:51:28:275] [47174:0000b861] [DEBUG][com.freerdp.channels.rdpgfx.client] - [rdpgfx_recv_evict_cache_entry_pdu]: RecvEvictCacheEntryPdu: cacheSlot: 338
[17:51:28:276] [47174:0000b861] [DEBUG][com.freerdp.channels.rdpgfx.client] - [rdpgfx_recv_evict_cache_entry_pdu]: RecvEvictCacheEntryPdu: cacheSlot: 339
[17:51:28:276] [47174:0000b861] [DEBUG][com.freerdp.channels.rdpgfx.client] - [rdpgfx_recv_evict_cache_entry_pdu]: RecvEvictCacheEntryPdu: cacheSlot: 340
[17:51:28:276] [47174:0000b861] [DEBUG][com.freerdp.channels.rdpgfx.client] - [rdpgfx_recv_evict_cache_entry_pdu]: RecvEvictCacheEntryPdu: cacheSlot: 341
[17:51:28:276] [47174:0000b861] [DEBUG][com.freerdp.channels.rdpgfx.client] - [rdpgfx_recv_evict_cache_entry_pdu]: RecvEvictCacheEntryPdu: cacheSlot: 342
[17:51:28:276] [47174:0000b861] [DEBUG][com.freerdp.channels.rdpgfx.client] - [rdpgfx_recv_evict_cache_entry_pdu]: RecvEvictCacheEntryPdu: cacheSlot: 343
[17:51:28:276] [47174:0000b861] [DEBUG][com.freerdp.channels.rdpgfx.client] - [rdpgfx_recv_evict_cache_entry_pdu]: RecvEvictCacheEntryPdu: cacheSlot: 344
[17:51:28:276] [47174:0000b861] [DEBUG][com.freerdp.channels.rdpgfx.client] - [rdpgfx_recv_evict_cache_entry_pdu]: RecvEvictCacheEntryPdu: cacheSlot: 345
[17:51:28:276] [47174:0000b861] [DEBUG][com.freerdp.channels.rdpgfx.client] - [rdpgfx_recv_evict_cache_entry_pdu]: RecvEvictCacheEntryPdu: cacheSlot: 346
[17:51:28:276] [47174:0000b861] [DEBUG][com.freerdp.channels.rdpgfx.client] - [rdpgfx_recv_evict_cache_entry_pdu]: RecvEvictCacheEntryPdu: cacheSlot: 347
[17:51:28:276] [47174:0000b861] [DEBUG][com.freerdp.channels.rdpgfx.client] - [rdpgfx_recv_evict_cache_entry_pdu]: RecvEvictCacheEntryPdu: cacheSlot: 348
[17:51:28:276] [47174:0000b861] [DEBUG][com.freerdp.channels.rdpgfx.client] - [rdpgfx_recv_evict_cache_entry_pdu]: RecvEvictCacheEntryPdu: cacheSlot: 349
[17:51:28:276] [47174:0000b861] [DEBUG][com.freerdp.channels.rdpgfx.client] - [rdpgfx_recv_evict_cache_entry_pdu]: RecvEvictCacheEntryPdu: cacheSlot: 350
[17:51:28:276] [47174:0000b861] [DEBUG][com.freerdp.channels.rdpgfx.client] - [rdpgfx_recv_evict_cache_entry_pdu]: RecvEvictCacheEntryPdu: cacheSlot: 351
[17:51:28:276] [47174:0000b861] [DEBUG][com.freerdp.channels.rdpgfx.client] - [rdpgfx_recv_evict_cache_entry_pdu]: RecvEvictCacheEntryPdu: cacheSlot: 352
[17:51:28:276] [47174:0000b861] [DEBUG][com.freerdp.channels.rdpgfx.client] - [rdpgfx_recv_evict_cache_entry_pdu]: RecvEvictCacheEntryPdu: cacheSlot: 358
[17:51:28:276] [47174:0000b861] [DEBUG][com.freerdp.channels.rdpgfx.client] - [rdpgfx_recv_evict_cache_entry_pdu]: RecvEvictCacheEntryPdu: cacheSlot: 359
[17:51:28:276] [47174:0000b861] [DEBUG][com.freerdp.channels.rdpgfx.client] - [rdpgfx_recv_evict_cache_entry_pdu]: RecvEvictCacheEntryPdu: cacheSlot: 360
[17:51:28:276] [47174:0000b861] [DEBUG][com.freerdp.channels.rdpgfx.client] - [rdpgfx_recv_evict_cache_entry_pdu]: RecvEvictCacheEntryPdu: cacheSlot: 361
[17:51:28:276] [47174:0000b861] [DEBUG][com.freerdp.channels.rdpgfx.client] - [rdpgfx_recv_evict_cache_entry_pdu]: RecvEvictCacheEntryPdu: cacheSlot: 362
[17:51:28:276] [47174:0000b861] [DEBUG][com.freerdp.channels.rdpgfx.client] - [rdpgfx_recv_evict_cache_entry_pdu]: RecvEvictCacheEntryPdu: cacheSlot: 363
[17:51:28:276] [47174:0000b861] [DEBUG][com.freerdp.channels.rdpgfx.client] - [rdpgfx_recv_evict_cache_entry_pdu]: RecvEvictCacheEntryPdu: cacheSlot: 364
[17:51:28:276] [47174:0000b861] [DEBUG][com.freerdp.channels.rdpgfx.client] - [rdpgfx_recv_evict_cache_entry_pdu]: RecvEvictCacheEntryPdu: cacheSlot: 365
[17:51:28:276] [47174:0000b861] [DEBUG][com.freerdp.channels.rdpgfx.client] - [rdpgfx_recv_evict_cache_entry_pdu]: RecvEvictCacheEntryPdu: cacheSlot: 366
[17:51:28:276] [47174:0000b861] [DEBUG][com.freerdp.channels.rdpgfx.client] - [rdpgfx_recv_evict_cache_entry_pdu]: RecvEvictCacheEntryPdu: cacheSlot: 367
[17:51:28:276] [47174:0000b861] [DEBUG][com.freerdp.channels.rdpgfx.client] - [rdpgfx_recv_evict_cache_entry_pdu]: RecvEvictCacheEntryPdu: cacheSlot: 368
[17:51:28:276] [47174:0000b861] [DEBUG][com.freerdp.channels.rdpgfx.client] - [rdpgfx_recv_evict_cache_entry_pdu]: RecvEvictCacheEntryPdu: cacheSlot: 376
[17:51:28:276] [47174:0000b861] [DEBUG][com.freerdp.channels.rdpgfx.client] - [rdpgfx_recv_evict_cache_entry_pdu]: RecvEvictCacheEntryPdu: cacheSlot: 377
[17:51:28:276] [47174:0000b861] [DEBUG][com.freerdp.channels.rdpgfx.client] - [rdpgfx_recv_evict_cache_entry_pdu]: RecvEvictCacheEntryPdu: cacheSlot: 378
[17:51:28:276] [47174:0000b861] [DEBUG][com.freerdp.channels.rdpgfx.client] - [rdpgfx_recv_evict_cache_entry_pdu]: RecvEvictCacheEntryPdu: cacheSlot: 379
[17:51:28:276] [47174:0000b861] [DEBUG][com.freerdp.channels.rdpgfx.client] - [rdpgfx_recv_evict_cache_entry_pdu]: RecvEvictCacheEntryPdu: cacheSlot: 380
[17:51:28:276] [47174:0000b861] [DEBUG][com.freerdp.channels.rdpgfx.client] - [rdpgfx_recv_evict_cache_entry_pdu]: RecvEvictCacheEntryPdu: cacheSlot: 381
[17:51:28:276] [47174:0000b861] [DEBUG][com.freerdp.channels.rdpgfx.client] - [rdpgfx_recv_evict_cache_entry_pdu]: RecvEvictCacheEntryPdu: cacheSlot: 382
[17:51:28:276] [47174:0000b861] [DEBUG][com.freerdp.channels.rdpgfx.client] - [rdpgfx_recv_evict_cache_entry_pdu]: RecvEvictCacheEntryPdu: cacheSlot: 383
[17:51:28:276] [47174:0000b861] [DEBUG][com.freerdp.channels.rdpgfx.client] - [rdpgfx_recv_evict_cache_entry_pdu]: RecvEvictCacheEntryPdu: cacheSlot: 384
[17:51:28:276] [47174:0000b861] [DEBUG][com.freerdp.channels.rdpgfx.client] - [rdpgfx_recv_evict_cache_entry_pdu]: RecvEvictCacheEntryPdu: cacheSlot: 385
[17:51:28:276] [47174:0000b861] [DEBUG][com.freerdp.channels.rdpgfx.client] - [rdpgfx_recv_evict_cache_entry_pdu]: RecvEvictCacheEntryPdu: cacheSlot: 386
[17:51:28:276] [47174:0000b861] [DEBUG][com.freerdp.channels.rdpgfx.client] - [rdpgfx_recv_evict_cache_entry_pdu]: RecvEvictCacheEntryPdu: cacheSlot: 387
[17:51:28:276] [47174:0000b861] [DEBUG][com.freerdp.channels.rdpgfx.client] - [rdpgfx_recv_evict_cache_entry_pdu]: RecvEvictCacheEntryPdu: cacheSlot: 394
[17:51:28:276] [47174:0000b861] [DEBUG][com.freerdp.channels.rdpgfx.client] - [rdpgfx_recv_evict_cache_entry_pdu]: RecvEvictCacheEntryPdu: cacheSlot: 395
[17:51:28:276] [47174:0000b861] [DEBUG][com.freerdp.channels.rdpgfx.client] - [rdpgfx_recv_evict_cache_entry_pdu]: RecvEvictCacheEntryPdu: cacheSlot: 397
[17:51:28:276] [47174:0000b861] [DEBUG][com.freerdp.channels.rdpgfx.client] - [rdpgfx_recv_evict_cache_entry_pdu]: RecvEvictCacheEntryPdu: cacheSlot: 398
[17:51:28:276] [47174:0000b861] [DEBUG][com.freerdp.channels.rdpgfx.client] - [rdpgfx_recv_evict_cache_entry_pdu]: RecvEvictCacheEntryPdu: cacheSlot: 399
[17:51:28:276] [47174:0000b861] [DEBUG][com.freerdp.channels.rdpgfx.client] - [rdpgfx_recv_evict_cache_entry_pdu]: RecvEvictCacheEntryPdu: cacheSlot: 400
[17:51:28:276] [47174:0000b861] [DEBUG][com.freerdp.channels.rdpgfx.client] - [rdpgfx_recv_evict_cache_entry_pdu]: RecvEvictCacheEntryPdu: cacheSlot: 401
[17:51:28:277] [47174:0000b861] [DEBUG][com.freerdp.channels.rdpgfx.client] - [rdpgfx_recv_evict_cache_entry_pdu]: RecvEvictCacheEntryPdu: cacheSlot: 402
[17:51:28:277] [47174:0000b861] [DEBUG][com.freerdp.channels.rdpgfx.client] - [rdpgfx_recv_evict_cache_entry_pdu]: RecvEvictCacheEntryPdu: cacheSlot: 404
[17:51:28:277] [47174:0000b861] [DEBUG][com.freerdp.channels.rdpgfx.client] - [rdpgfx_recv_evict_cache_entry_pdu]: RecvEvictCacheEntryPdu: cacheSlot: 596
[17:51:28:277] [47174:0000b861] [DEBUG][com.freerdp.channels.rdpgfx.client] - [rdpgfx_recv_evict_cache_entry_pdu]: RecvEvictCacheEntryPdu: cacheSlot: 597
[17:51:28:277] [47174:0000b861] [DEBUG][com.freerdp.channels.rdpgfx.client] - [rdpgfx_recv_evict_cache_entry_pdu]: RecvEvictCacheEntryPdu: cacheSlot: 598
[17:51:28:277] [47174:0000b861] [DEBUG][com.freerdp.channels.rdpgfx.client] - [rdpgfx_recv_evict_cache_entry_pdu]: RecvEvictCacheEntryPdu: cacheSlot: 599
[17:51:28:277] [47174:0000b861] [DEBUG][com.freerdp.channels.rdpgfx.client] - [rdpgfx_recv_evict_cache_entry_pdu]: RecvEvictCacheEntryPdu: cacheSlot: 600
[17:51:28:277] [47174:0000b861] [DEBUG][com.freerdp.channels.rdpgfx.client] - [rdpgfx_recv_evict_cache_entry_pdu]: RecvEvictCacheEntryPdu: cacheSlot: 601
[17:51:28:277] [47174:0000b861] [DEBUG][com.freerdp.channels.rdpgfx.client] - [rdpgfx_recv_evict_cache_entry_pdu]: RecvEvictCacheEntryPdu: cacheSlot: 602
[17:51:28:277] [47174:0000b861] [DEBUG][com.freerdp.channels.rdpgfx.client] - [rdpgfx_recv_evict_cache_entry_pdu]: RecvEvictCacheEntryPdu: cacheSlot: 603
[17:51:28:277] [47174:0000b861] [DEBUG][com.freerdp.channels.rdpgfx.client] - [rdpgfx_recv_evict_cache_entry_pdu]: RecvEvictCacheEntryPdu: cacheSlot: 604
[17:51:28:277] [47174:0000b861] [DEBUG][com.freerdp.channels.rdpgfx.client] - [rdpgfx_recv_evict_cache_entry_pdu]: RecvEvictCacheEntryPdu: cacheSlot: 605
[17:51:28:277] [47174:0000b861] [DEBUG][com.freerdp.channels.rdpgfx.client] - [rdpgfx_recv_evict_cache_entry_pdu]: RecvEvictCacheEntryPdu: cacheSlot: 606
[17:51:28:277] [47174:0000b861] [DEBUG][com.freerdp.channels.rdpgfx.client] - [rdpgfx_recv_evict_cache_entry_pdu]: RecvEvictCacheEntryPdu: cacheSlot: 607
[17:51:28:277] [47174:0000b861] [DEBUG][com.freerdp.channels.rdpgfx.client] - [rdpgfx_recv_evict_cache_entry_pdu]: RecvEvictCacheEntryPdu: cacheSlot: 608
[17:51:28:277] [47174:0000b861] [DEBUG][com.freerdp.channels.rdpgfx.client] - [rdpgfx_recv_evict_cache_entry_pdu]: RecvEvictCacheEntryPdu: cacheSlot: 609
[17:51:28:277] [47174:0000b861] [DEBUG][com.freerdp.channels.rdpgfx.client] - [rdpgfx_recv_evict_cache_entry_pdu]: RecvEvictCacheEntryPdu: cacheSlot: 610
[17:51:28:277] [47174:0000b861] [DEBUG][com.freerdp.channels.rdpgfx.client] - [rdpgfx_recv_evict_cache_entry_pdu]: RecvEvictCacheEntryPdu: cacheSlot: 611
[17:51:28:277] [47174:0000b861] [DEBUG][com.freerdp.channels.rdpgfx.client] - [rdpgfx_recv_evict_cache_entry_pdu]: RecvEvictCacheEntryPdu: cacheSlot: 612
[17:51:28:277] [47174:0000b861] [DEBUG][com.freerdp.channels.rdpgfx.client] - [rdpgfx_recv_evict_cache_entry_pdu]: RecvEvictCacheEntryPdu: cacheSlot: 613
[17:51:28:277] [47174:0000b861] [DEBUG][com.freerdp.channels.rdpgfx.client] - [rdpgfx_recv_evict_cache_entry_pdu]: RecvEvictCacheEntryPdu: cacheSlot: 614
[17:51:28:277] [47174:0000b861] [DEBUG][com.freerdp.channels.rdpgfx.client] - [rdpgfx_recv_evict_cache_entry_pdu]: RecvEvictCacheEntryPdu: cacheSlot: 615
[17:51:28:277] [47174:0000b861] [DEBUG][com.freerdp.channels.rdpgfx.client] - [rdpgfx_recv_evict_cache_entry_pdu]: RecvEvictCacheEntryPdu: cacheSlot: 616
[17:51:28:277] [47174:0000b861] [DEBUG][com.freerdp.channels.rdpgfx.client] - [rdpgfx_recv_evict_cache_entry_pdu]: RecvEvictCacheEntryPdu: cacheSlot: 617
[17:51:28:277] [47174:0000b861] [DEBUG][com.freerdp.channels.rdpgfx.client] - [rdpgfx_recv_evict_cache_entry_pdu]: RecvEvictCacheEntryPdu: cacheSlot: 618
[17:51:28:277] [47174:0000b861] [DEBUG][com.freerdp.channels.rdpgfx.client] - [rdpgfx_recv_evict_cache_entry_pdu]: RecvEvictCacheEntryPdu: cacheSlot: 619
[17:51:28:277] [47174:0000b861] [DEBUG][com.freerdp.channels.rdpgfx.client] - [rdpgfx_recv_evict_cache_entry_pdu]: RecvEvictCacheEntryPdu: cacheSlot: 620
[17:51:28:277] [47174:0000b861] [DEBUG][com.freerdp.channels.rdpgfx.client] - [rdpgfx_recv_evict_cache_entry_pdu]: RecvEvictCacheEntryPdu: cacheSlot: 621
[17:51:28:277] [47174:0000b861] [DEBUG][com.freerdp.channels.rdpgfx.client] - [rdpgfx_recv_evict_cache_entry_pdu]: RecvEvictCacheEntryPdu: cacheSlot: 622
[17:51:28:277] [47174:0000b861] [DEBUG][com.freerdp.channels.rdpgfx.client] - [rdpgfx_recv_evict_cache_entry_pdu]: RecvEvictCacheEntryPdu: cacheSlot: 623
[17:51:28:277] [47174:0000b861] [DEBUG][com.freerdp.channels.rdpgfx.client] - [rdpgfx_recv_evict_cache_entry_pdu]: RecvEvictCacheEntryPdu: cacheSlot: 624
[17:51:28:277] [47174:0000b861] [DEBUG][com.freerdp.channels.rdpgfx.client] - [rdpgfx_recv_evict_cache_entry_pdu]: RecvEvictCacheEntryPdu: cacheSlot: 625
[17:51:28:277] [47174:0000b861] [DEBUG][com.freerdp.channels.rdpgfx.client] - [rdpgfx_recv_evict_cache_entry_pdu]: RecvEvictCacheEntryPdu: cacheSlot: 626
[17:51:28:277] [47174:0000b861] [DEBUG][com.freerdp.channels.rdpgfx.client] - [rdpgfx_recv_evict_cache_entry_pdu]: RecvEvictCacheEntryPdu: cacheSlot: 627
[17:51:28:277] [47174:0000b861] [DEBUG][com.freerdp.channels.rdpgfx.client] - [rdpgfx_recv_evict_cache_entry_pdu]: RecvEvictCacheEntryPdu: cacheSlot: 628
[17:51:28:277] [47174:0000b861] [DEBUG][com.freerdp.channels.rdpgfx.client] - [rdpgfx_recv_evict_cache_entry_pdu]: RecvEvictCacheEntryPdu: cacheSlot: 629
[17:51:28:277] [47174:0000b861] [DEBUG][com.freerdp.channels.rdpgfx.client] - [rdpgfx_recv_evict_cache_entry_pdu]: RecvEvictCacheEntryPdu: cacheSlot: 630
[17:51:28:277] [47174:0000b861] [DEBUG][com.freerdp.channels.rdpgfx.client] - [rdpgfx_recv_evict_cache_entry_pdu]: RecvEvictCacheEntryPdu: cacheSlot: 631
[17:51:28:277] [47174:0000b861] [DEBUG][com.freerdp.channels.rdpgfx.client] - [rdpgfx_recv_evict_cache_entry_pdu]: RecvEvictCacheEntryPdu: cacheSlot: 632
[17:51:28:277] [47174:0000b861] [DEBUG][com.freerdp.channels.rdpgfx.client] - [rdpgfx_recv_evict_cache_entry_pdu]: RecvEvictCacheEntryPdu: cacheSlot: 633
[17:51:28:277] [47174:0000b861] [DEBUG][com.freerdp.channels.rdpgfx.client] - [rdpgfx_recv_evict_cache_entry_pdu]: RecvEvictCacheEntryPdu: cacheSlot: 634
[17:51:28:277] [47174:0000b861] [DEBUG][com.freerdp.channels.rdpgfx.client] - [rdpgfx_recv_evict_cache_entry_pdu]: RecvEvictCacheEntryPdu: cacheSlot: 635
[17:51:28:277] [47174:0000b861] [DEBUG][com.freerdp.channels.rdpgfx.client] - [rdpgfx_recv_evict_cache_entry_pdu]: RecvEvictCacheEntryPdu: cacheSlot: 636
[17:51:28:277] [47174:0000b861] [DEBUG][com.freerdp.channels.rdpgfx.client] - [rdpgfx_recv_evict_cache_entry_pdu]: RecvEvictCacheEntryPdu: cacheSlot: 637
[17:51:28:277] [47174:0000b861] [DEBUG][com.freerdp.channels.rdpgfx.client] - [rdpgfx_recv_evict_cache_entry_pdu]: RecvEvictCacheEntryPdu: cacheSlot: 638
[17:51:28:277] [47174:0000b861] [DEBUG][com.freerdp.channels.rdpgfx.client] - [rdpgfx_recv_evict_cache_entry_pdu]: RecvEvictCacheEntryPdu: cacheSlot: 412
[17:51:28:278] [47174:0000b861] [DEBUG][com.freerdp.channels.rdpgfx.client] - [rdpgfx_recv_evict_cache_entry_pdu]: RecvEvictCacheEntryPdu: cacheSlot: 413
[17:51:28:278] [47174:0000b861] [DEBUG][com.freerdp.channels.rdpgfx.client] - [rdpgfx_recv_evict_cache_entry_pdu]: RecvEvictCacheEntryPdu: cacheSlot: 414
[17:51:28:278] [47174:0000b861] [DEBUG][com.freerdp.channels.rdpgfx.client] - [rdpgfx_recv_evict_cache_entry_pdu]: RecvEvictCacheEntryPdu: cacheSlot: 415
[17:51:28:278] [47174:0000b861] [DEBUG][com.freerdp.channels.rdpgfx.client] - [rdpgfx_recv_evict_cache_entry_pdu]: RecvEvictCacheEntryPdu: cacheSlot: 416
[17:51:28:278] [47174:0000b861] [DEBUG][com.freerdp.channels.rdpgfx.client] - [rdpgfx_recv_evict_cache_entry_pdu]: RecvEvictCacheEntryPdu: cacheSlot: 417
[17:51:28:278] [47174:0000b861] [DEBUG][com.freerdp.channels.rdpgfx.client] - [rdpgfx_recv_evict_cache_entry_pdu]: RecvEvictCacheEntryPdu: cacheSlot: 418
[17:51:28:278] [47174:0000b861] [DEBUG][com.freerdp.channels.rdpgfx.client] - [rdpgfx_recv_evict_cache_entry_pdu]: RecvEvictCacheEntryPdu: cacheSlot: 419
[17:51:28:278] [47174:0000b861] [DEBUG][com.freerdp.channels.rdpgfx.client] - [rdpgfx_recv_evict_cache_entry_pdu]: RecvEvictCacheEntryPdu: cacheSlot: 420
[17:51:28:278] [47174:0000b861] [DEBUG][com.freerdp.channels.rdpgfx.client] - [rdpgfx_recv_evict_cache_entry_pdu]: RecvEvictCacheEntryPdu: cacheSlot: 421
[17:51:28:278] [47174:0000b861] [DEBUG][com.freerdp.channels.rdpgfx.client] - [rdpgfx_recv_evict_cache_entry_pdu]: RecvEvictCacheEntryPdu: cacheSlot: 422
[17:51:28:278] [47174:0000b861] [DEBUG][com.freerdp.channels.rdpgfx.client] - [rdpgfx_recv_evict_cache_entry_pdu]: RecvEvictCacheEntryPdu: cacheSlot: 423
[17:51:28:278] [47174:0000b861] [DEBUG][com.freerdp.channels.rdpgfx.client] - [rdpgfx_recv_evict_cache_entry_pdu]: RecvEvictCacheEntryPdu: cacheSlot: 430
[17:51:28:278] [47174:0000b861] [DEBUG][com.freerdp.channels.rdpgfx.client] - [rdpgfx_recv_evict_cache_entry_pdu]: RecvEvictCacheEntryPdu: cacheSlot: 431
[17:51:28:278] [47174:0000b861] [DEBUG][com.freerdp.channels.rdpgfx.client] - [rdpgfx_recv_evict_cache_entry_pdu]: RecvEvictCacheEntryPdu: cacheSlot: 433
[17:51:28:278] [47174:0000b861] [DEBUG][com.freerdp.channels.rdpgfx.client] - [rdpgfx_recv_evict_cache_entry_pdu]: RecvEvictCacheEntryPdu: cacheSlot: 434
[17:51:28:278] [47174:0000b861] [DEBUG][com.freerdp.channels.rdpgfx.client] - [rdpgfx_recv_evict_cache_entry_pdu]: RecvEvictCacheEntryPdu: cacheSlot: 435
[17:51:28:278] [47174:0000b861] [DEBUG][com.freerdp.channels.rdpgfx.client] - [rdpgfx_recv_evict_cache_entry_pdu]: RecvEvictCacheEntryPdu: cacheSlot: 436
[17:51:28:278] [47174:0000b861] [DEBUG][com.freerdp.channels.rdpgfx.client] - [rdpgfx_recv_evict_cache_entry_pdu]: RecvEvictCacheEntryPdu: cacheSlot: 437
[17:51:28:278] [47174:0000b861] [DEBUG][com.freerdp.channels.rdpgfx.client] - [rdpgfx_recv_evict_cache_entry_pdu]: RecvEvictCacheEntryPdu: cacheSlot: 438
[17:51:28:278] [47174:0000b861] [DEBUG][com.freerdp.channels.rdpgfx.client] - [rdpgfx_recv_evict_cache_entry_pdu]: RecvEvictCacheEntryPdu: cacheSlot: 442
[17:51:28:278] [47174:0000b861] [DEBUG][com.freerdp.channels.rdpgfx.client] - [rdpgfx_recv_evict_cache_entry_pdu]: RecvEvictCacheEntryPdu: cacheSlot: 443
[17:51:28:278] [47174:0000b861] [DEBUG][com.freerdp.channels.rdpgfx.client] - [rdpgfx_recv_evict_cache_entry_pdu]: RecvEvictCacheEntryPdu: cacheSlot: 444
[17:51:28:278] [47174:0000b861] [DEBUG][com.freerdp.channels.rdpgfx.client] - [rdpgfx_recv_evict_cache_entry_pdu]: RecvEvictCacheEntryPdu: cacheSlot: 457
[17:51:28:278] [47174:0000b861] [DEBUG][com.freerdp.channels.rdpgfx.client] - [rdpgfx_recv_evict_cache_entry_pdu]: RecvEvictCacheEntryPdu: cacheSlot: 460
[17:51:28:278] [47174:0000b861] [DEBUG][com.freerdp.channels.rdpgfx.client] - [rdpgfx_recv_evict_cache_entry_pdu]: RecvEvictCacheEntryPdu: cacheSlot: 462
[17:51:28:278] [47174:0000b861] [DEBUG][com.freerdp.channels.rdpgfx.client] - [rdpgfx_recv_evict_cache_entry_pdu]: RecvEvictCacheEntryPdu: cacheSlot: 465
[17:51:28:278] [47174:0000b861] [DEBUG][com.freerdp.channels.rdpgfx.client] - [rdpgfx_recv_evict_cache_entry_pdu]: RecvEvictCacheEntryPdu: cacheSlot: 466
[17:51:28:278] [47174:0000b861] [DEBUG][com.freerdp.channels.rdpgfx.client] - [rdpgfx_recv_evict_cache_entry_pdu]: RecvEvictCacheEntryPdu: cacheSlot: 467
[17:51:28:278] [47174:0000b861] [DEBUG][com.freerdp.channels.rdpgfx.client] - [rdpgfx_recv_evict_cache_entry_pdu]: RecvEvictCacheEntryPdu: cacheSlot: 468
[17:51:28:278] [47174:0000b861] [DEBUG][com.freerdp.channels.rdpgfx.client] - [rdpgfx_recv_evict_cache_entry_pdu]: RecvEvictCacheEntryPdu: cacheSlot: 469
[17:51:28:278] [47174:0000b861] [DEBUG][com.freerdp.channels.rdpgfx.client] - [rdpgfx_recv_evict_cache_entry_pdu]: RecvEvictCacheEntryPdu: cacheSlot: 470
[17:51:28:278] [47174:0000b861] [DEBUG][com.freerdp.channels.rdpgfx.client] - [rdpgfx_recv_evict_cache_entry_pdu]: RecvEvictCacheEntryPdu: cacheSlot: 471
[17:51:28:278] [47174:0000b861] [DEBUG][com.freerdp.channels.rdpgfx.client] - [rdpgfx_recv_evict_cache_entry_pdu]: RecvEvictCacheEntryPdu: cacheSlot: 472
[17:51:28:278] [47174:0000b861] [DEBUG][com.freerdp.channels.rdpgfx.client] - [rdpgfx_recv_evict_cache_entry_pdu]: RecvEvictCacheEntryPdu: cacheSlot: 473
[17:51:28:278] [47174:0000b861] [DEBUG][com.freerdp.channels.rdpgfx.client] - [rdpgfx_recv_evict_cache_entry_pdu]: RecvEvictCacheEntryPdu: cacheSlot: 474
[17:51:28:278] [47174:0000b861] [DEBUG][com.freerdp.channels.rdpgfx.client] - [rdpgfx_recv_evict_cache_entry_pdu]: RecvEvictCacheEntryPdu: cacheSlot: 475
[17:51:28:278] [47174:0000b861] [DEBUG][com.freerdp.channels.rdpgfx.client] - [rdpgfx_recv_evict_cache_entry_pdu]: RecvEvictCacheEntryPdu: cacheSlot: 476
[17:51:28:278] [47174:0000b861] [DEBUG][com.freerdp.channels.rdpgfx.client] - [rdpgfx_recv_evict_cache_entry_pdu]: RecvEvictCacheEntryPdu: cacheSlot: 477
[17:51:28:278] [47174:0000b861] [DEBUG][com.freerdp.channels.rdpgfx.client] - [rdpgfx_recv_evict_cache_entry_pdu]: RecvEvictCacheEntryPdu: cacheSlot: 478
[17:51:28:278] [47174:0000b861] [DEBUG][com.freerdp.channels.rdpgfx.client] - [rdpgfx_recv_evict_cache_entry_pdu]: RecvEvictCacheEntryPdu: cacheSlot: 479
[17:51:28:278] [47174:0000b861] [DEBUG][com.freerdp.channels.rdpgfx.client] - [rdpgfx_recv_evict_cache_entry_pdu]: RecvEvictCacheEntryPdu: cacheSlot: 480
[17:51:28:278] [47174:0000b861] [DEBUG][com.freerdp.channels.rdpgfx.client] - [rdpgfx_recv_evict_cache_entry_pdu]: RecvEvictCacheEntryPdu: cacheSlot: 481
[17:51:28:278] [47174:0000b861] [DEBUG][com.freerdp.channels.rdpgfx.client] - [rdpgfx_recv_evict_cache_entry_pdu]: RecvEvictCacheEntryPdu: cacheSlot: 482
[17:51:28:278] [47174:0000b861] [DEBUG][com.freerdp.channels.rdpgfx.client] - [rdpgfx_recv_evict_cache_entry_pdu]: RecvEvictCacheEntryPdu: cacheSlot: 483
[17:51:28:278] [47174:0000b861] [DEBUG][com.freerdp.channels.rdpgfx.client] - [rdpgfx_recv_evict_cache_entry_pdu]: RecvEvictCacheEntryPdu: cacheSlot: 484
[17:51:28:278] [47174:0000b861] [DEBUG][com.freerdp.channels.rdpgfx.client] - [rdpgfx_recv_evict_cache_entry_pdu]: RecvEvictCacheEntryPdu: cacheSlot: 485
[17:51:28:279] [47174:0000b861] [DEBUG][com.freerdp.channels.rdpgfx.client] - [rdpgfx_recv_evict_cache_entry_pdu]: RecvEvictCacheEntryPdu: cacheSlot: 486
[17:51:28:279] [47174:0000b861] [DEBUG][com.freerdp.channels.rdpgfx.client] - [rdpgfx_recv_evict_cache_entry_pdu]: RecvEvictCacheEntryPdu: cacheSlot: 487
[17:51:28:279] [47174:0000b861] [DEBUG][com.freerdp.channels.rdpgfx.client] - [rdpgfx_recv_evict_cache_entry_pdu]: RecvEvictCacheEntryPdu: cacheSlot: 488
[17:51:28:279] [47174:0000b861] [DEBUG][com.freerdp.channels.rdpgfx.client] - [rdpgfx_recv_evict_cache_entry_pdu]: RecvEvictCacheEntryPdu: cacheSlot: 489
[17:51:28:279] [47174:0000b861] [DEBUG][com.freerdp.channels.rdpgfx.client] - [rdpgfx_recv_evict_cache_entry_pdu]: RecvEvictCacheEntryPdu: cacheSlot: 490
[17:51:28:279] [47174:0000b861] [DEBUG][com.freerdp.channels.rdpgfx.client] - [rdpgfx_recv_evict_cache_entry_pdu]: RecvEvictCacheEntryPdu: cacheSlot: 491
[17:51:28:279] [47174:0000b848] [DEBUG][com.freerdp.client.x11] - [xf_input_touch_remote]: touch_remote: ev=Update id=1903 x=1540 y=1037 rdpei=0x7f74e0214070 fallback=0
[17:51:28:279] [47174:0000b861] [DEBUG][com.freerdp.channels.rdpgfx.client] - [rdpgfx_recv_evict_cache_entry_pdu]: RecvEvictCacheEntryPdu: cacheSlot: 492
[17:51:28:279] [47174:0000b861] [DEBUG][com.freerdp.channels.rdpgfx.client] - [rdpgfx_recv_evict_cache_entry_pdu]: RecvEvictCacheEntryPdu: cacheSlot: 493
[17:51:28:279] [47174:0000b861] [DEBUG][com.freerdp.channels.rdpgfx.client] - [rdpgfx_recv_evict_cache_entry_pdu]: RecvEvictCacheEntryPdu: cacheSlot: 494
[17:51:28:279] [47174:0000b861] [DEBUG][com.freerdp.channels.rdpgfx.client] - [rdpgfx_recv_evict_cache_entry_pdu]: RecvEvictCacheEntryPdu: cacheSlot: 495
[17:51:28:279] [47174:0000b861] [DEBUG][com.freerdp.channels.rdpgfx.client] - [rdpgfx_recv_evict_cache_entry_pdu]: RecvEvictCacheEntryPdu: cacheSlot: 496
[17:51:28:279] [47174:0000b861] [DEBUG][com.freerdp.channels.rdpgfx.client] - [rdpgfx_recv_evict_cache_entry_pdu]: RecvEvictCacheEntryPdu: cacheSlot: 497
[17:51:28:279] [47174:0000b861] [DEBUG][com.freerdp.channels.rdpgfx.client] - [rdpgfx_recv_evict_cache_entry_pdu]: RecvEvictCacheEntryPdu: cacheSlot: 498
[17:51:28:279] [47174:0000b861] [DEBUG][com.freerdp.channels.rdpgfx.client] - [rdpgfx_recv_evict_cache_entry_pdu]: RecvEvictCacheEntryPdu: cacheSlot: 499
[17:51:28:279] [47174:0000b861] [DEBUG][com.freerdp.channels.rdpgfx.client] - [rdpgfx_recv_evict_cache_entry_pdu]: RecvEvictCacheEntryPdu: cacheSlot: 500
[17:51:28:279] [47174:0000b861] [DEBUG][com.freerdp.channels.rdpgfx.client] - [rdpgfx_recv_evict_cache_entry_pdu]: RecvEvictCacheEntryPdu: cacheSlot: 501
[17:51:28:279] [47174:0000b861] [DEBUG][com.freerdp.channels.rdpgfx.client] - [rdpgfx_recv_evict_cache_entry_pdu]: RecvEvictCacheEntryPdu: cacheSlot: 502
[17:51:28:279] [47174:0000b861] [DEBUG][com.freerdp.channels.rdpgfx.client] - [rdpgfx_recv_evict_cache_entry_pdu]: RecvEvictCacheEntryPdu: cacheSlot: 503
[17:51:28:279] [47174:0000b861] [DEBUG][com.freerdp.channels.rdpgfx.client] - [rdpgfx_recv_evict_cache_entry_pdu]: RecvEvictCacheEntryPdu: cacheSlot: 504
[17:51:28:279] [47174:0000b861] [DEBUG][com.freerdp.channels.rdpgfx.client] - [rdpgfx_recv_evict_cache_entry_pdu]: RecvEvictCacheEntryPdu: cacheSlot: 505
[17:51:28:279] [47174:0000b861] [DEBUG][com.freerdp.channels.rdpgfx.client] - [rdpgfx_recv_evict_cache_entry_pdu]: RecvEvictCacheEntryPdu: cacheSlot: 506
[17:51:28:279] [47174:0000b861] [DEBUG][com.freerdp.channels.rdpgfx.client] - [rdpgfx_recv_evict_cache_entry_pdu]: RecvEvictCacheEntryPdu: cacheSlot: 507
[17:51:28:279] [47174:0000b861] [DEBUG][com.freerdp.channels.rdpgfx.client] - [rdpgfx_recv_evict_cache_entry_pdu]: RecvEvictCacheEntryPdu: cacheSlot: 508
[17:51:28:279] [47174:0000b861] [DEBUG][com.freerdp.channels.rdpgfx.client] - [rdpgfx_recv_evict_cache_entry_pdu]: RecvEvictCacheEntryPdu: cacheSlot: 509
[17:51:28:279] [47174:0000b861] [DEBUG][com.freerdp.channels.rdpgfx.client] - [rdpgfx_recv_evict_cache_entry_pdu]: RecvEvictCacheEntryPdu: cacheSlot: 510
[17:51:28:279] [47174:0000b861] [DEBUG][com.freerdp.channels.rdpgfx.client] - [rdpgfx_recv_evict_cache_entry_pdu]: RecvEvictCacheEntryPdu: cacheSlot: 511
[17:51:28:279] [47174:0000b861] [DEBUG][com.freerdp.channels.rdpgfx.client] - [rdpgfx_recv_evict_cache_entry_pdu]: RecvEvictCacheEntryPdu: cacheSlot: 512
[17:51:28:279] [47174:0000b861] [DEBUG][com.freerdp.channels.rdpgfx.client] - [rdpgfx_recv_evict_cache_entry_pdu]: RecvEvictCacheEntryPdu: cacheSlot: 513
[17:51:28:279] [47174:0000b861] [DEBUG][com.freerdp.channels.rdpgfx.client] - [rdpgfx_recv_evict_cache_entry_pdu]: RecvEvictCacheEntryPdu: cacheSlot: 514
[17:51:28:279] [47174:0000b861] [DEBUG][com.freerdp.channels.rdpgfx.client] - [rdpgfx_recv_evict_cache_entry_pdu]: RecvEvictCacheEntryPdu: cacheSlot: 515
[17:51:28:279] [47174:0000b861] [DEBUG][com.freerdp.channels.rdpgfx.client] - [rdpgfx_recv_evict_cache_entry_pdu]: RecvEvictCacheEntryPdu: cacheSlot: 516
[17:51:28:279] [47174:0000b861] [DEBUG][com.freerdp.channels.rdpgfx.client] - [rdpgfx_recv_evict_cache_entry_pdu]: RecvEvictCacheEntryPdu: cacheSlot: 517
[17:51:28:279] [47174:0000b861] [DEBUG][com.freerdp.channels.rdpgfx.client] - [rdpgfx_recv_evict_cache_entry_pdu]: RecvEvictCacheEntryPdu: cacheSlot: 518
[17:51:28:279] [47174:0000b861] [DEBUG][com.freerdp.channels.rdpgfx.client] - [rdpgfx_recv_evict_cache_entry_pdu]: RecvEvictCacheEntryPdu: cacheSlot: 519
[17:51:28:279] [47174:0000b861] [DEBUG][com.freerdp.channels.rdpgfx.client] - [rdpgfx_recv_evict_cache_entry_pdu]: RecvEvictCacheEntryPdu: cacheSlot: 520
[17:51:28:279] [47174:0000b861] [DEBUG][com.freerdp.channels.rdpgfx.client] - [rdpgfx_recv_evict_cache_entry_pdu]: RecvEvictCacheEntryPdu: cacheSlot: 521
[17:51:28:279] [47174:0000b861] [DEBUG][com.freerdp.channels.rdpgfx.client] - [rdpgfx_recv_evict_cache_entry_pdu]: RecvEvictCacheEntryPdu: cacheSlot: 522
[17:51:28:279] [47174:0000b861] [DEBUG][com.freerdp.channels.rdpgfx.client] - [rdpgfx_recv_evict_cache_entry_pdu]: RecvEvictCacheEntryPdu: cacheSlot: 523
[17:51:28:279] [47174:0000b861] [DEBUG][com.freerdp.channels.rdpgfx.client] - [rdpgfx_recv_evict_cache_entry_pdu]: RecvEvictCacheEntryPdu: cacheSlot: 524
[17:51:28:279] [47174:0000b861] [DEBUG][com.freerdp.channels.rdpgfx.client] - [rdpgfx_recv_evict_cache_entry_pdu]: RecvEvictCacheEntryPdu: cacheSlot: 525
[17:51:28:280] [47174:0000b861] [DEBUG][com.freerdp.channels.rdpgfx.client] - [rdpgfx_recv_evict_cache_entry_pdu]: RecvEvictCacheEntryPdu: cacheSlot: 526
[17:51:28:280] [47174:0000b861] [DEBUG][com.freerdp.channels.rdpgfx.client] - [rdpgfx_recv_evict_cache_entry_pdu]: RecvEvictCacheEntryPdu: cacheSlot: 527
[17:51:28:280] [47174:0000b861] [DEBUG][com.freerdp.channels.rdpgfx.client] - [rdpgfx_recv_evict_cache_entry_pdu]: RecvEvictCacheEntryPdu: cacheSlot: 528
[17:51:28:280] [47174:0000b861] [DEBUG][com.freerdp.channels.rdpgfx.client] - [rdpgfx_recv_evict_cache_entry_pdu]: RecvEvictCacheEntryPdu: cacheSlot: 529
[17:51:28:280] [47174:0000b861] [DEBUG][com.freerdp.channels.rdpgfx.client] - [rdpgfx_recv_evict_cache_entry_pdu]: RecvEvictCacheEntryPdu: cacheSlot: 530
[17:51:28:280] [47174:0000b861] [DEBUG][com.freerdp.channels.rdpgfx.client] - [rdpgfx_recv_evict_cache_entry_pdu]: RecvEvictCacheEntryPdu: cacheSlot: 531
[17:51:28:280] [47174:0000b861] [DEBUG][com.freerdp.channels.rdpgfx.client] - [rdpgfx_recv_evict_cache_entry_pdu]: RecvEvictCacheEntryPdu: cacheSlot: 532
[17:51:28:280] [47174:0000b861] [DEBUG][com.freerdp.channels.rdpgfx.client] - [rdpgfx_recv_evict_cache_entry_pdu]: RecvEvictCacheEntryPdu: cacheSlot: 533
[17:51:28:280] [47174:0000b861] [DEBUG][com.freerdp.channels.rdpgfx.client] - [rdpgfx_recv_evict_cache_entry_pdu]: RecvEvictCacheEntryPdu: cacheSlot: 534
[17:51:28:280] [47174:0000b861] [DEBUG][com.freerdp.channels.rdpgfx.client] - [rdpgfx_recv_evict_cache_entry_pdu]: RecvEvictCacheEntryPdu: cacheSlot: 535
[17:51:28:280] [47174:0000b861] [DEBUG][com.freerdp.channels.rdpgfx.client] - [rdpgfx_recv_evict_cache_entry_pdu]: RecvEvictCacheEntryPdu: cacheSlot: 536
[17:51:28:280] [47174:0000b861] [DEBUG][com.freerdp.channels.rdpgfx.client] - [rdpgfx_recv_evict_cache_entry_pdu]: RecvEvictCacheEntryPdu: cacheSlot: 537
[17:51:28:280] [47174:0000b861] [DEBUG][com.freerdp.channels.rdpgfx.client] - [rdpgfx_recv_evict_cache_entry_pdu]: RecvEvictCacheEntryPdu: cacheSlot: 538
[17:51:28:280] [47174:0000b861] [DEBUG][com.freerdp.channels.rdpgfx.client] - [rdpgfx_recv_evict_cache_entry_pdu]: RecvEvictCacheEntryPdu: cacheSlot: 539
[17:51:28:280] [47174:0000b861] [DEBUG][com.freerdp.channels.rdpgfx.client] - [rdpgfx_recv_evict_cache_entry_pdu]: RecvEvictCacheEntryPdu: cacheSlot: 540
[17:51:28:280] [47174:0000b861] [DEBUG][com.freerdp.channels.rdpgfx.client] - [rdpgfx_recv_evict_cache_entry_pdu]: RecvEvictCacheEntryPdu: cacheSlot: 541
[17:51:28:280] [47174:0000b861] [DEBUG][com.freerdp.channels.rdpgfx.client] - [rdpgfx_recv_evict_cache_entry_pdu]: RecvEvictCacheEntryPdu: cacheSlot: 542
[17:51:28:280] [47174:0000b861] [DEBUG][com.freerdp.channels.rdpgfx.client] - [rdpgfx_recv_evict_cache_entry_pdu]: RecvEvictCacheEntryPdu: cacheSlot: 543
[17:51:28:280] [47174:0000b861] [DEBUG][com.freerdp.channels.rdpgfx.client] - [rdpgfx_recv_evict_cache_entry_pdu]: RecvEvictCacheEntryPdu: cacheSlot: 544
[17:51:28:280] [47174:0000b861] [DEBUG][com.freerdp.channels.rdpgfx.client] - [rdpgfx_recv_evict_cache_entry_pdu]: RecvEvictCacheEntryPdu: cacheSlot: 545
[17:51:28:280] [47174:0000b861] [DEBUG][com.freerdp.channels.rdpgfx.client] - [rdpgfx_recv_evict_cache_entry_pdu]: RecvEvictCacheEntryPdu: cacheSlot: 546
[17:51:28:280] [47174:0000b861] [DEBUG][com.freerdp.channels.rdpgfx.client] - [rdpgfx_recv_evict_cache_entry_pdu]: RecvEvictCacheEntryPdu: cacheSlot: 547
[17:51:28:280] [47174:0000b861] [DEBUG][com.freerdp.channels.rdpgfx.client] - [rdpgfx_recv_evict_cache_entry_pdu]: RecvEvictCacheEntryPdu: cacheSlot: 548
[17:51:28:280] [47174:0000b861] [DEBUG][com.freerdp.channels.rdpgfx.client] - [rdpgfx_recv_evict_cache_entry_pdu]: RecvEvictCacheEntryPdu: cacheSlot: 549
[17:51:28:280] [47174:0000b861] [DEBUG][com.freerdp.channels.rdpgfx.client] - [rdpgfx_recv_evict_cache_entry_pdu]: RecvEvictCacheEntryPdu: cacheSlot: 550
[17:51:28:280] [47174:0000b861] [DEBUG][com.freerdp.channels.rdpgfx.client] - [rdpgfx_recv_evict_cache_entry_pdu]: RecvEvictCacheEntryPdu: cacheSlot: 551
[17:51:28:280] [47174:0000b861] [DEBUG][com.freerdp.channels.rdpgfx.client] - [rdpgfx_recv_evict_cache_entry_pdu]: RecvEvictCacheEntryPdu: cacheSlot: 552
[17:51:28:280] [47174:0000b861] [DEBUG][com.freerdp.channels.rdpgfx.client] - [rdpgfx_recv_evict_cache_entry_pdu]: RecvEvictCacheEntryPdu: cacheSlot: 553
[17:51:28:280] [47174:0000b861] [DEBUG][com.freerdp.channels.rdpgfx.client] - [rdpgfx_recv_evict_cache_entry_pdu]: RecvEvictCacheEntryPdu: cacheSlot: 554
[17:51:28:280] [47174:0000b861] [DEBUG][com.freerdp.channels.rdpgfx.client] - [rdpgfx_recv_evict_cache_entry_pdu]: RecvEvictCacheEntryPdu: cacheSlot: 555
[17:51:28:280] [47174:0000b861] [DEBUG][com.freerdp.channels.rdpgfx.client] - [rdpgfx_recv_evict_cache_entry_pdu]: RecvEvictCacheEntryPdu: cacheSlot: 556
[17:51:28:280] [47174:0000b861] [DEBUG][com.freerdp.channels.rdpgfx.client] - [rdpgfx_recv_evict_cache_entry_pdu]: RecvEvictCacheEntryPdu: cacheSlot: 557
[17:51:28:280] [47174:0000b861] [DEBUG][com.freerdp.channels.rdpgfx.client] - [rdpgfx_recv_evict_cache_entry_pdu]: RecvEvictCacheEntryPdu: cacheSlot: 558
[17:51:28:280] [47174:0000b861] [DEBUG][com.freerdp.channels.rdpgfx.client] - [rdpgfx_recv_evict_cache_entry_pdu]: RecvEvictCacheEntryPdu: cacheSlot: 559
[17:51:28:280] [47174:0000b861] [DEBUG][com.freerdp.channels.rdpgfx.client] - [rdpgfx_recv_evict_cache_entry_pdu]: RecvEvictCacheEntryPdu: cacheSlot: 560
[17:51:28:280] [47174:0000b861] [DEBUG][com.freerdp.channels.rdpgfx.client] - [rdpgfx_recv_evict_cache_entry_pdu]: RecvEvictCacheEntryPdu: cacheSlot: 561
[17:51:28:280] [47174:0000b861] [DEBUG][com.freerdp.channels.rdpgfx.client] - [rdpgfx_recv_evict_cache_entry_pdu]: RecvEvictCacheEntryPdu: cacheSlot: 34
[17:51:28:288] [47174:0000b848] [DEBUG][com.freerdp.client.x11] - [xf_input_touch_remote]: touch_remote: ev=Update id=1903 x=1532 y=1051 rdpei=0x7f74e0214070 fallback=0
[17:51:28:298] [47174:0000b848] [DEBUG][com.freerdp.client.x11] - [xf_input_touch_remote]: touch_remote: ev=Update id=1903 x=1525 y=1064 rdpei=0x7f74e0214070 fallback=0
[17:51:28:308] [47174:0000b848] [DEBUG][com.freerdp.client.x11] - [xf_input_touch_remote]: touch_remote: ev=Update id=1903 x=1518 y=1077 rdpei=0x7f74e0214070 fallback=0
[17:51:28:319] [47174:0000b848] [DEBUG][com.freerdp.client.x11] - [xf_input_touch_remote]: touch_remote: ev=Update id=1903 x=1513 y=1087 rdpei=0x7f74e0214070 fallback=0
[17:51:28:328] [47174:0000b848] [DEBUG][com.freerdp.client.x11] - [xf_input_touch_remote]: touch_remote: ev=Update id=1903 x=1508 y=1097 rdpei=0x7f74e0214070 fallback=0
[17:51:28:338] [47174:0000b848] [DEBUG][com.freerdp.client.x11] - [xf_input_touch_remote]: touch_remote: ev=Update id=1903 x=1503 y=1104 rdpei=0x7f74e0214070 fallback=0
[17:51:28:348] [47174:0000b848] [DEBUG][com.freerdp.client.x11] - [xf_input_touch_remote]: touch_remote: ev=Update id=1903 x=1500 y=1111 rdpei=0x7f74e0214070 fallback=0
[17:51:28:360] [47174:0000b848] [DEBUG][com.freerdp.client.x11] - [xf_input_touch_remote]: touch_remote: ev=Update id=1903 x=1496 y=1115 rdpei=0x7f74e0214070 fallback=0
[17:51:28:368] [47174:0000b848] [DEBUG][com.freerdp.client.x11] - [xf_input_touch_remote]: touch_remote: ev=Update id=1903 x=1493 y=1119 rdpei=0x7f74e0214070 fallback=0
[17:51:28:378] [47174:0000b848] [DEBUG][com.freerdp.client.x11] - [xf_input_touch_remote]: touch_remote: ev=Update id=1903 x=1490 y=1121 rdpei=0x7f74e0214070 fallback=0
[17:51:28:389] [47174:0000b848] [DEBUG][com.freerdp.client.x11] - [xf_input_touch_remote]: touch_remote: ev=Update id=1903 x=1489 y=1125 rdpei=0x7f74e0214070 fallback=0
[17:51:28:398] [47174:0000b848] [DEBUG][com.freerdp.client.x11] - [xf_input_touch_remote]: touch_remote: ev=Update id=1903 x=1489 y=1125 rdpei=0x7f74e0214070 fallback=0
[17:51:28:407] [47174:0000b861] [DEBUG][com.freerdp.channels.rdpgfx.client] - [rdpgfx_recv_evict_cache_entry_pdu]: RecvEvictCacheEntryPdu: cacheSlot: 35
[17:51:28:407] [47174:0000b861] [DEBUG][com.freerdp.channels.rdpgfx.client] - [rdpgfx_recv_evict_cache_entry_pdu]: RecvEvictCacheEntryPdu: cacheSlot: 36
[17:51:28:409] [47174:0000b848] [DEBUG][com.freerdp.client.x11] - [xf_input_touch_remote]: touch_remote: ev=Update id=1903 x=1489 y=1124 rdpei=0x7f74e0214070 fallback=0
[17:51:28:419] [47174:0000b848] [DEBUG][com.freerdp.client.x11] - [xf_input_touch_remote]: touch_remote: ev=Update id=1903 x=1489 y=1125 rdpei=0x7f74e0214070 fallback=0
[17:51:28:439] [47174:0000b848] [DEBUG][com.freerdp.client.x11] - [xf_input_touch_remote]: touch_remote: ev=Update id=1903 x=1490 y=1124 rdpei=0x7f74e0214070 fallback=0
[17:51:28:440] [47174:0000b861] [DEBUG][com.freerdp.channels.rdpgfx.client] - [rdpgfx_recv_evict_cache_entry_pdu]: RecvEvictCacheEntryPdu: cacheSlot: 37
[17:51:28:440] [47174:0000b861] [DEBUG][com.freerdp.channels.rdpgfx.client] - [rdpgfx_recv_evict_cache_entry_pdu]: RecvEvictCacheEntryPdu: cacheSlot: 38
[17:51:28:440] [47174:0000b861] [DEBUG][com.freerdp.channels.rdpgfx.client] - [rdpgfx_recv_evict_cache_entry_pdu]: RecvEvictCacheEntryPdu: cacheSlot: 39
[17:51:28:440] [47174:0000b861] [DEBUG][com.freerdp.channels.rdpgfx.client] - [rdpgfx_recv_evict_cache_entry_pdu]: RecvEvictCacheEntryPdu: cacheSlot: 40
[17:51:28:440] [47174:0000b861] [DEBUG][com.freerdp.channels.rdpgfx.client] - [rdpgfx_recv_evict_cache_entry_pdu]: RecvEvictCacheEntryPdu: cacheSlot: 41
[17:51:28:440] [47174:0000b861] [DEBUG][com.freerdp.channels.rdpgfx.client] - [rdpgfx_recv_evict_cache_entry_pdu]: RecvEvictCacheEntryPdu: cacheSlot: 44
[17:51:28:440] [47174:0000b861] [DEBUG][com.freerdp.channels.rdpgfx.client] - [rdpgfx_recv_evict_cache_entry_pdu]: RecvEvictCacheEntryPdu: cacheSlot: 45
[17:51:28:440] [47174:0000b861] [DEBUG][com.freerdp.channels.rdpgfx.client] - [rdpgfx_recv_evict_cache_entry_pdu]: RecvEvictCacheEntryPdu: cacheSlot: 46
[17:51:28:440] [47174:0000b861] [DEBUG][com.freerdp.channels.rdpgfx.client] - [rdpgfx_recv_evict_cache_entry_pdu]: RecvEvictCacheEntryPdu: cacheSlot: 47
[17:51:28:449] [47174:0000b848] [DEBUG][com.freerdp.client.x11] - [xf_input_touch_remote]: touch_remote: ev=Update id=1903 x=1492 y=1124 rdpei=0x7f74e0214070 fallback=0
[17:51:28:458] [47174:0000b848] [DEBUG][com.freerdp.client.x11] - [xf_input_touch_remote]: touch_remote: ev=End id=1903 x=1492 y=1124 rdpei=0x7f74e0214070 fallback=0
[17:51:28:467] [47174:0000b861] [DEBUG][com.freerdp.channels.rdpgfx.client] - [rdpgfx_recv_evict_cache_entry_pdu]: RecvEvictCacheEntryPdu: cacheSlot: 48
[17:51:28:467] [47174:0000b861] [DEBUG][com.freerdp.channels.rdpgfx.client] - [rdpgfx_recv_evict_cache_entry_pdu]: RecvEvictCacheEntryPdu: cacheSlot: 49
[17:51:28:505] [47174:0000b861] [DEBUG][com.freerdp.channels.rdpgfx.client] - [rdpgfx_recv_evict_cache_entry_pdu]: RecvEvictCacheEntryPdu: cacheSlot: 50
[17:51:28:505] [47174:0000b861] [DEBUG][com.freerdp.channels.rdpgfx.client] - [rdpgfx_recv_evict_cache_entry_pdu]: RecvEvictCacheEntryPdu: cacheSlot: 51
[17:51:28:525] [47174:0000b861] [DEBUG][com.freerdp.channels.rdpgfx.client] - [rdpgfx_recv_evict_cache_entry_pdu]: RecvEvictCacheEntryPdu: cacheSlot: 52
[17:51:28:525] [47174:0000b861] [DEBUG][com.freerdp.channels.rdpgfx.client] - [rdpgfx_recv_evict_cache_entry_pdu]: RecvEvictCacheEntryPdu: cacheSlot: 53
[17:51:28:525] [47174:0000b861] [DEBUG][com.freerdp.channels.rdpgfx.client] - [rdpgfx_recv_evict_cache_entry_pdu]: RecvEvictCacheEntryPdu: cacheSlot: 54
[17:51:28:525] [47174:0000b861] [DEBUG][com.freerdp.channels.rdpgfx.client] - [rdpgfx_recv_evict_cache_entry_pdu]: RecvEvictCacheEntryPdu: cacheSlot: 55
[17:51:28:525] [47174:0000b861] [DEBUG][com.freerdp.channels.rdpgfx.client] - [rdpgfx_recv_evict_cache_entry_pdu]: RecvEvictCacheEntryPdu: cacheSlot: 56
[17:51:28:525] [47174:0000b861] [DEBUG][com.freerdp.channels.rdpgfx.client] - [rdpgfx_recv_evict_cache_entry_pdu]: RecvEvictCacheEntryPdu: cacheSlot: 60
[17:51:28:525] [47174:0000b861] [DEBUG][com.freerdp.channels.rdpgfx.client] - [rdpgfx_recv_evict_cache_entry_pdu]: RecvEvictCacheEntryPdu: cacheSlot: 61
[17:51:28:525] [47174:0000b861] [DEBUG][com.freerdp.channels.rdpgfx.client] - [rdpgfx_recv_evict_cache_entry_pdu]: RecvEvictCacheEntryPdu: cacheSlot: 62
[17:51:28:525] [47174:0000b861] [DEBUG][com.freerdp.channels.rdpgfx.client] - [rdpgfx_recv_evict_cache_entry_pdu]: RecvEvictCacheEntryPdu: cacheSlot: 63
[17:51:28:525] [47174:0000b861] [DEBUG][com.freerdp.channels.rdpgfx.client] - [rdpgfx_recv_evict_cache_entry_pdu]: RecvEvictCacheEntryPdu: cacheSlot: 64
[17:51:28:525] [47174:0000b861] [DEBUG][com.freerdp.channels.rdpgfx.client] - [rdpgfx_recv_evict_cache_entry_pdu]: RecvEvictCacheEntryPdu: cacheSlot: 65
[17:51:28:525] [47174:0000b861] [DEBUG][com.freerdp.channels.rdpgfx.client] - [rdpgfx_recv_evict_cache_entry_pdu]: RecvEvictCacheEntryPdu: cacheSlot: 66
[17:51:28:526] [47174:0000b861] [DEBUG][com.freerdp.channels.rdpgfx.client] - [rdpgfx_recv_evict_cache_entry_pdu]: RecvEvictCacheEntryPdu: cacheSlot: 67
[17:51:28:526] [47174:0000b861] [DEBUG][com.freerdp.channels.rdpgfx.client] - [rdpgfx_recv_evict_cache_entry_pdu]: RecvEvictCacheEntryPdu: cacheSlot: 68
[17:51:28:526] [47174:0000b861] [DEBUG][com.freerdp.channels.rdpgfx.client] - [rdpgfx_recv_evict_cache_entry_pdu]: RecvEvictCacheEntryPdu: cacheSlot: 69
[17:51:28:526] [47174:0000b861] [DEBUG][com.freerdp.channels.rdpgfx.client] - [rdpgfx_recv_evict_cache_entry_pdu]: RecvEvictCacheEntryPdu: cacheSlot: 70
[17:51:28:526] [47174:0000b861] [DEBUG][com.freerdp.channels.rdpgfx.client] - [rdpgfx_recv_evict_cache_entry_pdu]: RecvEvictCacheEntryPdu: cacheSlot: 71
[17:51:28:526] [47174:0000b861] [DEBUG][com.freerdp.channels.rdpgfx.client] - [rdpgfx_recv_evict_cache_entry_pdu]: RecvEvictCacheEntryPdu: cacheSlot: 72
[17:51:28:526] [47174:0000b861] [DEBUG][com.freerdp.channels.rdpgfx.client] - [rdpgfx_recv_evict_cache_entry_pdu]: RecvEvictCacheEntryPdu: cacheSlot: 73
[17:51:28:526] [47174:0000b861] [DEBUG][com.freerdp.channels.rdpgfx.client] - [rdpgfx_recv_evict_cache_entry_pdu]: RecvEvictCacheEntryPdu: cacheSlot: 76
[17:51:28:559] [47174:0000b861] [DEBUG][com.freerdp.channels.rdpgfx.client] - [rdpgfx_recv_evict_cache_entry_pdu]: RecvEvictCacheEntryPdu: cacheSlot: 78
[17:51:28:559] [47174:0000b861] [DEBUG][com.freerdp.channels.rdpgfx.client] - [rdpgfx_recv_evict_cache_entry_pdu]: RecvEvictCacheEntryPdu: cacheSlot: 79
[17:51:28:559] [47174:0000b861] [DEBUG][com.freerdp.channels.rdpgfx.client] - [rdpgfx_recv_evict_cache_entry_pdu]: RecvEvictCacheEntryPdu: cacheSlot: 80
[17:51:28:559] [47174:0000b861] [DEBUG][com.freerdp.channels.rdpgfx.client] - [rdpgfx_recv_evict_cache_entry_pdu]: RecvEvictCacheEntryPdu: cacheSlot: 81
[17:51:28:559] [47174:0000b861] [DEBUG][com.freerdp.channels.rdpgfx.client] - [rdpgfx_recv_evict_cache_entry_pdu]: RecvEvictCacheEntryPdu: cacheSlot: 82
[17:51:28:559] [47174:0000b861] [DEBUG][com.freerdp.channels.rdpgfx.client] - [rdpgfx_recv_evict_cache_entry_pdu]: RecvEvictCacheEntryPdu: cacheSlot: 83
[17:51:28:566] [47174:0000b861] [DEBUG][com.freerdp.channels.rdpgfx.client] - [rdpgfx_recv_evict_cache_entry_pdu]: RecvEvictCacheEntryPdu: cacheSlot: 84
[17:51:28:566] [47174:0000b861] [DEBUG][com.freerdp.channels.rdpgfx.client] - [rdpgfx_recv_evict_cache_entry_pdu]: RecvEvictCacheEntryPdu: cacheSlot: 85
[17:51:28:566] [47174:0000b861] [DEBUG][com.freerdp.channels.rdpgfx.client] - [rdpgfx_recv_evict_cache_entry_pdu]: RecvEvictCacheEntryPdu: cacheSlot: 86
[17:51:28:566] [47174:0000b861] [DEBUG][com.freerdp.channels.rdpgfx.client] - [rdpgfx_recv_evict_cache_entry_pdu]: RecvEvictCacheEntryPdu: cacheSlot: 87
[17:51:28:566] [47174:0000b861] [DEBUG][com.freerdp.channels.rdpgfx.client] - [rdpgfx_recv_evict_cache_entry_pdu]: RecvEvictCacheEntryPdu: cacheSlot: 91
[17:51:28:566] [47174:0000b861] [DEBUG][com.freerdp.channels.rdpgfx.client] - [rdpgfx_recv_evict_cache_entry_pdu]: RecvEvictCacheEntryPdu: cacheSlot: 92
[17:51:28:566] [47174:0000b861] [DEBUG][com.freerdp.channels.rdpgfx.client] - [rdpgfx_recv_evict_cache_entry_pdu]: RecvEvictCacheEntryPdu: cacheSlot: 93
[17:51:28:566] [47174:0000b861] [DEBUG][com.freerdp.channels.rdpgfx.client] - [rdpgfx_recv_evict_cache_entry_pdu]: RecvEvictCacheEntryPdu: cacheSlot: 94
[17:51:28:566] [47174:0000b861] [DEBUG][com.freerdp.channels.rdpgfx.client] - [rdpgfx_recv_evict_cache_entry_pdu]: RecvEvictCacheEntryPdu: cacheSlot: 95
[17:51:29:085] [47174:0000b848] [DEBUG][com.freerdp.client.x11] - [xf_input_handle_event_remote]: checking for pen
[17:51:29:086] [47174:0000b848] [DEBUG][com.freerdp.client.x11] - [xf_input_touch_remote]: touch_remote: ev=Begin id=1904 x=2051 y=521 rdpei=0x7f74e0214070 fallback=0
[17:51:29:086] [47174:0000b848] [DEBUG][com.freerdp.client.x11] - [xf_input_touch_remote]: touch_remote: ev=Other id=1904 x=0 y=0 rdpei=0x7f74e0214070 fallback=0
[17:51:29:094] [47174:0000b848] [DEBUG][com.freerdp.client.x11] - [xf_input_touch_remote]: touch_remote: ev=Update id=1904 x=2047 y=523 rdpei=0x7f74e0214070 fallback=0
[17:51:29:104] [47174:0000b848] [DEBUG][com.freerdp.client.x11] - [xf_input_touch_remote]: touch_remote: ev=Update id=1904 x=2042 y=528 rdpei=0x7f74e0214070 fallback=0
[17:51:29:115] [47174:0000b848] [DEBUG][com.freerdp.client.x11] - [xf_input_touch_remote]: touch_remote: ev=Update id=1904 x=2037 y=542 rdpei=0x7f74e0214070 fallback=0
[17:51:29:124] [47174:0000b848] [DEBUG][com.freerdp.client.x11] - [xf_input_touch_remote]: touch_remote: ev=Update id=1904 x=2020 y=559 rdpei=0x7f74e0214070 fallback=0
[17:51:29:134] [47174:0000b848] [DEBUG][com.freerdp.client.x11] - [xf_input_touch_remote]: touch_remote: ev=Update id=1904 x=1996 y=576 rdpei=0x7f74e0214070 fallback=0
[17:51:29:144] [47174:0000b848] [DEBUG][com.freerdp.client.x11] - [xf_input_touch_remote]: touch_remote: ev=Update id=1904 x=1979 y=596 rdpei=0x7f74e0214070 fallback=0
[17:51:29:154] [47174:0000b848] [DEBUG][com.freerdp.client.x11] - [xf_input_touch_remote]: touch_remote: ev=Update id=1904 x=1960 y=619 rdpei=0x7f74e0214070 fallback=0
[17:51:29:165] [47174:0000b848] [DEBUG][com.freerdp.client.x11] - [xf_input_touch_remote]: touch_remote: ev=Update id=1904 x=1941 y=645 rdpei=0x7f74e0214070 fallback=0
[17:51:29:170] [47174:0000b848] [DEBUG][com.freerdp.client.x11] - [xf_Pointer_SetNull]: called
[17:51:29:175] [47174:0000b848] [DEBUG][com.freerdp.client.x11] - [xf_input_touch_remote]: touch_remote: ev=Update id=1904 x=1919 y=672 rdpei=0x7f74e0214070 fallback=0
[17:51:29:185] [47174:0000b848] [DEBUG][com.freerdp.client.x11] - [xf_input_touch_remote]: touch_remote: ev=Update id=1904 x=1898 y=700 rdpei=0x7f74e0214070 fallback=0
[17:51:29:195] [47174:0000b848] [DEBUG][com.freerdp.client.x11] - [xf_input_touch_remote]: touch_remote: ev=Update id=1904 x=1877 y=730 rdpei=0x7f74e0214070 fallback=0
[17:51:29:205] [47174:0000b848] [DEBUG][com.freerdp.client.x11] - [xf_input_touch_remote]: touch_remote: ev=Update id=1904 x=1854 y=759 rdpei=0x7f74e0214070 fallback=0
[17:51:29:215] [47174:0000b848] [DEBUG][com.freerdp.client.x11] - [xf_input_touch_remote]: touch_remote: ev=Update id=1904 x=1832 y=787 rdpei=0x7f74e0214070 fallback=0
[17:51:29:225] [47174:0000b848] [DEBUG][com.freerdp.client.x11] - [xf_input_touch_remote]: touch_remote: ev=Update id=1904 x=1809 y=812 rdpei=0x7f74e0214070 fallback=0
[17:51:29:235] [47174:0000b848] [DEBUG][com.freerdp.client.x11] - [xf_input_touch_remote]: touch_remote: ev=Update id=1904 x=1786 y=837 rdpei=0x7f74e0214070 fallback=0
[17:51:29:242] [47174:0000b861] [DEBUG][com.freerdp.channels.rdpgfx.client] - [rdpgfx_recv_evict_cache_entry_pdu]: RecvEvictCacheEntryPdu: cacheSlot: 96
[17:51:29:242] [47174:0000b861] [DEBUG][com.freerdp.channels.rdpgfx.client] - [rdpgfx_recv_evict_cache_entry_pdu]: RecvEvictCacheEntryPdu: cacheSlot: 97
[17:51:29:243] [47174:0000b861] [DEBUG][com.freerdp.channels.rdpgfx.client] - [rdpgfx_recv_evict_cache_entry_pdu]: RecvEvictCacheEntryPdu: cacheSlot: 98
[17:51:29:243] [47174:0000b861] [DEBUG][com.freerdp.channels.rdpgfx.client] - [rdpgfx_recv_evict_cache_entry_pdu]: RecvEvictCacheEntryPdu: cacheSlot: 109
[17:51:29:243] [47174:0000b861] [DEBUG][com.freerdp.channels.rdpgfx.client] - [rdpgfx_recv_evict_cache_entry_pdu]: RecvEvictCacheEntryPdu: cacheSlot: 110
[17:51:29:243] [47174:0000b861] [DEBUG][com.freerdp.channels.rdpgfx.client] - [rdpgfx_recv_evict_cache_entry_pdu]: RecvEvictCacheEntryPdu: cacheSlot: 111
[17:51:29:243] [47174:0000b861] [DEBUG][com.freerdp.channels.rdpgfx.client] - [rdpgfx_recv_evict_cache_entry_pdu]: RecvEvictCacheEntryPdu: cacheSlot: 112
[17:51:29:243] [47174:0000b861] [DEBUG][com.freerdp.channels.rdpgfx.client] - [rdpgfx_recv_evict_cache_entry_pdu]: RecvEvictCacheEntryPdu: cacheSlot: 113
[17:51:29:243] [47174:0000b861] [DEBUG][com.freerdp.channels.rdpgfx.client] - [rdpgfx_recv_evict_cache_entry_pdu]: RecvEvictCacheEntryPdu: cacheSlot: 114
[17:51:29:243] [47174:0000b861] [DEBUG][com.freerdp.channels.rdpgfx.client] - [rdpgfx_recv_evict_cache_entry_pdu]: RecvEvictCacheEntryPdu: cacheSlot: 115
[17:51:29:243] [47174:0000b861] [DEBUG][com.freerdp.channels.rdpgfx.client] - [rdpgfx_recv_evict_cache_entry_pdu]: RecvEvictCacheEntryPdu: cacheSlot: 116
[17:51:29:243] [47174:0000b861] [DEBUG][com.freerdp.channels.rdpgfx.client] - [rdpgfx_recv_evict_cache_entry_pdu]: RecvEvictCacheEntryPdu: cacheSlot: 118
[17:51:29:243] [47174:0000b861] [DEBUG][com.freerdp.channels.rdpgfx.client] - [rdpgfx_recv_evict_cache_entry_pdu]: RecvEvictCacheEntryPdu: cacheSlot: 119
[17:51:29:243] [47174:0000b861] [DEBUG][com.freerdp.channels.rdpgfx.client] - [rdpgfx_recv_evict_cache_entry_pdu]: RecvEvictCacheEntryPdu: cacheSlot: 639
[17:51:29:243] [47174:0000b861] [DEBUG][com.freerdp.channels.rdpgfx.client] - [rdpgfx_recv_evict_cache_entry_pdu]: RecvEvictCacheEntryPdu: cacheSlot: 640
[17:51:29:243] [47174:0000b861] [DEBUG][com.freerdp.channels.rdpgfx.client] - [rdpgfx_recv_evict_cache_entry_pdu]: RecvEvictCacheEntryPdu: cacheSlot: 641
[17:51:29:243] [47174:0000b861] [DEBUG][com.freerdp.channels.rdpgfx.client] - [rdpgfx_recv_evict_cache_entry_pdu]: RecvEvictCacheEntryPdu: cacheSlot: 124
[17:51:29:243] [47174:0000b861] [DEBUG][com.freerdp.channels.rdpgfx.client] - [rdpgfx_recv_evict_cache_entry_pdu]: RecvEvictCacheEntryPdu: cacheSlot: 125
[17:51:29:243] [47174:0000b861] [DEBUG][com.freerdp.channels.rdpgfx.client] - [rdpgfx_recv_evict_cache_entry_pdu]: RecvEvictCacheEntryPdu: cacheSlot: 126
[17:51:29:243] [47174:0000b861] [DEBUG][com.freerdp.channels.rdpgfx.client] - [rdpgfx_recv_evict_cache_entry_pdu]: RecvEvictCacheEntryPdu: cacheSlot: 127
[17:51:29:243] [47174:0000b861] [DEBUG][com.freerdp.channels.rdpgfx.client] - [rdpgfx_recv_evict_cache_entry_pdu]: RecvEvictCacheEntryPdu: cacheSlot: 128
[17:51:29:243] [47174:0000b861] [DEBUG][com.freerdp.channels.rdpgfx.client] - [rdpgfx_recv_evict_cache_entry_pdu]: RecvEvictCacheEntryPdu: cacheSlot: 129
[17:51:29:243] [47174:0000b861] [DEBUG][com.freerdp.channels.rdpgfx.client] - [rdpgfx_recv_evict_cache_entry_pdu]: RecvEvictCacheEntryPdu: cacheSlot: 130
[17:51:29:243] [47174:0000b861] [DEBUG][com.freerdp.channels.rdpgfx.client] - [rdpgfx_recv_evict_cache_entry_pdu]: RecvEvictCacheEntryPdu: cacheSlot: 131
[17:51:29:243] [47174:0000b861] [DEBUG][com.freerdp.channels.rdpgfx.client] - [rdpgfx_recv_evict_cache_entry_pdu]: RecvEvictCacheEntryPdu: cacheSlot: 132
[17:51:29:243] [47174:0000b861] [DEBUG][com.freerdp.channels.rdpgfx.client] - [rdpgfx_recv_evict_cache_entry_pdu]: RecvEvictCacheEntryPdu: cacheSlot: 133
[17:51:29:243] [47174:0000b861] [DEBUG][com.freerdp.channels.rdpgfx.client] - [rdpgfx_recv_evict_cache_entry_pdu]: RecvEvictCacheEntryPdu: cacheSlot: 134
[17:51:29:243] [47174:0000b861] [DEBUG][com.freerdp.channels.rdpgfx.client] - [rdpgfx_recv_evict_cache_entry_pdu]: RecvEvictCacheEntryPdu: cacheSlot: 138
[17:51:29:243] [47174:0000b861] [DEBUG][com.freerdp.channels.rdpgfx.client] - [rdpgfx_recv_evict_cache_entry_pdu]: RecvEvictCacheEntryPdu: cacheSlot: 139
[17:51:29:243] [47174:0000b861] [DEBUG][com.freerdp.channels.rdpgfx.client] - [rdpgfx_recv_evict_cache_entry_pdu]: RecvEvictCacheEntryPdu: cacheSlot: 140
[17:51:29:243] [47174:0000b861] [DEBUG][com.freerdp.channels.rdpgfx.client] - [rdpgfx_recv_evict_cache_entry_pdu]: RecvEvictCacheEntryPdu: cacheSlot: 141
[17:51:29:243] [47174:0000b861] [DEBUG][com.freerdp.channels.rdpgfx.client] - [rdpgfx_recv_evict_cache_entry_pdu]: RecvEvictCacheEntryPdu: cacheSlot: 142
[17:51:29:243] [47174:0000b861] [DEBUG][com.freerdp.channels.rdpgfx.client] - [rdpgfx_recv_evict_cache_entry_pdu]: RecvEvictCacheEntryPdu: cacheSlot: 143
[17:51:29:243] [47174:0000b861] [DEBUG][com.freerdp.channels.rdpgfx.client] - [rdpgfx_recv_evict_cache_entry_pdu]: RecvEvictCacheEntryPdu: cacheSlot: 144
[17:51:29:243] [47174:0000b861] [DEBUG][com.freerdp.channels.rdpgfx.client] - [rdpgfx_recv_evict_cache_entry_pdu]: RecvEvictCacheEntryPdu: cacheSlot: 145
[17:51:29:243] [47174:0000b861] [DEBUG][com.freerdp.channels.rdpgfx.client] - [rdpgfx_recv_evict_cache_entry_pdu]: RecvEvictCacheEntryPdu: cacheSlot: 146
[17:51:29:243] [47174:0000b861] [DEBUG][com.freerdp.channels.rdpgfx.client] - [rdpgfx_recv_evict_cache_entry_pdu]: RecvEvictCacheEntryPdu: cacheSlot: 147
[17:51:29:243] [47174:0000b861] [DEBUG][com.freerdp.channels.rdpgfx.client] - [rdpgfx_recv_evict_cache_entry_pdu]: RecvEvictCacheEntryPdu: cacheSlot: 148
[17:51:29:243] [47174:0000b861] [DEBUG][com.freerdp.channels.rdpgfx.client] - [rdpgfx_recv_evict_cache_entry_pdu]: RecvEvictCacheEntryPdu: cacheSlot: 149
[17:51:29:243] [47174:0000b861] [DEBUG][com.freerdp.channels.rdpgfx.client] - [rdpgfx_recv_evict_cache_entry_pdu]: RecvEvictCacheEntryPdu: cacheSlot: 150
[17:51:29:243] [47174:0000b861] [DEBUG][com.freerdp.channels.rdpgfx.client] - [rdpgfx_recv_evict_cache_entry_pdu]: RecvEvictCacheEntryPdu: cacheSlot: 151
[17:51:29:244] [47174:0000b861] [DEBUG][com.freerdp.channels.rdpgfx.client] - [rdpgfx_recv_evict_cache_entry_pdu]: RecvEvictCacheEntryPdu: cacheSlot: 155
[17:51:29:244] [47174:0000b861] [DEBUG][com.freerdp.channels.rdpgfx.client] - [rdpgfx_recv_evict_cache_entry_pdu]: RecvEvictCacheEntryPdu: cacheSlot: 156
[17:51:29:244] [47174:0000b861] [DEBUG][com.freerdp.channels.rdpgfx.client] - [rdpgfx_recv_evict_cache_entry_pdu]: RecvEvictCacheEntryPdu: cacheSlot: 157
[17:51:29:244] [47174:0000b861] [DEBUG][com.freerdp.channels.rdpgfx.client] - [rdpgfx_recv_evict_cache_entry_pdu]: RecvEvictCacheEntryPdu: cacheSlot: 158
[17:51:29:244] [47174:0000b861] [DEBUG][com.freerdp.channels.rdpgfx.client] - [rdpgfx_recv_evict_cache_entry_pdu]: RecvEvictCacheEntryPdu: cacheSlot: 159
[17:51:29:244] [47174:0000b861] [DEBUG][com.freerdp.channels.rdpgfx.client] - [rdpgfx_recv_evict_cache_entry_pdu]: RecvEvictCacheEntryPdu: cacheSlot: 160
[17:51:29:244] [47174:0000b861] [DEBUG][com.freerdp.channels.rdpgfx.client] - [rdpgfx_recv_evict_cache_entry_pdu]: RecvEvictCacheEntryPdu: cacheSlot: 161
[17:51:29:244] [47174:0000b861] [DEBUG][com.freerdp.channels.rdpgfx.client] - [rdpgfx_recv_evict_cache_entry_pdu]: RecvEvictCacheEntryPdu: cacheSlot: 162
[17:51:29:244] [47174:0000b861] [DEBUG][com.freerdp.channels.rdpgfx.client] - [rdpgfx_recv_evict_cache_entry_pdu]: RecvEvictCacheEntryPdu: cacheSlot: 163
[17:51:29:244] [47174:0000b861] [DEBUG][com.freerdp.channels.rdpgfx.client] - [rdpgfx_recv_evict_cache_entry_pdu]: RecvEvictCacheEntryPdu: cacheSlot: 164
[17:51:29:244] [47174:0000b861] [DEBUG][com.freerdp.channels.rdpgfx.client] - [rdpgfx_recv_evict_cache_entry_pdu]: RecvEvictCacheEntryPdu: cacheSlot: 165
[17:51:29:244] [47174:0000b861] [DEBUG][com.freerdp.channels.rdpgfx.client] - [rdpgfx_recv_evict_cache_entry_pdu]: RecvEvictCacheEntryPdu: cacheSlot: 166
[17:51:29:244] [47174:0000b861] [DEBUG][com.freerdp.channels.rdpgfx.client] - [rdpgfx_recv_evict_cache_entry_pdu]: RecvEvictCacheEntryPdu: cacheSlot: 167
[17:51:29:245] [47174:0000b848] [DEBUG][com.freerdp.client.x11] - [xf_input_touch_remote]: touch_remote: ev=Update id=1904 x=1765 y=863 rdpei=0x7f74e0214070 fallback=0
[17:51:29:256] [47174:0000b848] [DEBUG][com.freerdp.client.x11] - [xf_input_touch_remote]: touch_remote: ev=Update id=1904 x=1742 y=889 rdpei=0x7f74e0214070 fallback=0
[17:51:29:265] [47174:0000b848] [DEBUG][com.freerdp.client.x11] - [xf_input_touch_remote]: touch_remote: ev=Update id=1904 x=1719 y=914 rdpei=0x7f74e0214070 fallback=0
[17:51:29:276] [47174:0000b848] [DEBUG][com.freerdp.client.x11] - [xf_input_touch_remote]: touch_remote: ev=Update id=1904 x=1695 y=936 rdpei=0x7f74e0214070 fallback=0
[17:51:29:286] [47174:0000b848] [DEBUG][com.freerdp.client.x11] - [xf_input_touch_remote]: touch_remote: ev=Update id=1904 x=1673 y=960 rdpei=0x7f74e0214070 fallback=0
[17:51:29:296] [47174:0000b848] [DEBUG][com.freerdp.client.x11] - [xf_input_touch_remote]: touch_remote: ev=Update id=1904 x=1653 y=982 rdpei=0x7f74e0214070 fallback=0
[17:51:29:306] [47174:0000b848] [DEBUG][com.freerdp.client.x11] - [xf_input_touch_remote]: touch_remote: ev=Update id=1904 x=1633 y=1005 rdpei=0x7f74e0214070 fallback=0
[17:51:29:316] [47174:0000b848] [DEBUG][com.freerdp.client.x11] - [xf_input_touch_remote]: touch_remote: ev=Update id=1904 x=1616 y=1026 rdpei=0x7f74e0214070 fallback=0
[17:51:29:326] [47174:0000b848] [DEBUG][com.freerdp.client.x11] - [xf_input_touch_remote]: touch_remote: ev=Update id=1904 x=1597 y=1046 rdpei=0x7f74e0214070 fallback=0
[17:51:29:336] [47174:0000b848] [DEBUG][com.freerdp.client.x11] - [xf_input_touch_remote]: touch_remote: ev=Update id=1904 x=1579 y=1065 rdpei=0x7f74e0214070 fallback=0
[17:51:29:346] [47174:0000b848] [DEBUG][com.freerdp.client.x11] - [xf_input_touch_remote]: touch_remote: ev=Update id=1904 x=1561 y=1081 rdpei=0x7f74e0214070 fallback=0
[17:51:29:357] [47174:0000b848] [DEBUG][com.freerdp.client.x11] - [xf_input_touch_remote]: touch_remote: ev=Update id=1904 x=1547 y=1097 rdpei=0x7f74e0214070 fallback=0
[17:51:29:366] [47174:0000b848] [DEBUG][com.freerdp.client.x11] - [xf_input_touch_remote]: touch_remote: ev=Update id=1904 x=1533 y=1110 rdpei=0x7f74e0214070 fallback=0
[17:51:29:377] [47174:0000b848] [DEBUG][com.freerdp.client.x11] - [xf_input_touch_remote]: touch_remote: ev=Update id=1904 x=1521 y=1123 rdpei=0x7f74e0214070 fallback=0
[17:51:29:386] [47174:0000b848] [DEBUG][com.freerdp.client.x11] - [xf_input_touch_remote]: touch_remote: ev=Update id=1904 x=1507 y=1133 rdpei=0x7f74e0214070 fallback=0
[17:51:29:397] [47174:0000b848] [DEBUG][com.freerdp.client.x11] - [xf_input_touch_remote]: touch_remote: ev=Update id=1904 x=1494 y=1140 rdpei=0x7f74e0214070 fallback=0
[17:51:29:408] [47174:0000b848] [DEBUG][com.freerdp.client.x11] - [xf_input_touch_remote]: touch_remote: ev=Update id=1904 x=1483 y=1147 rdpei=0x7f74e0214070 fallback=0
[17:51:29:408] [47174:0000b861] [DEBUG][com.freerdp.channels.rdpgfx.client] - [rdpgfx_recv_evict_cache_entry_pdu]: RecvEvictCacheEntryPdu: cacheSlot: 168
[17:51:29:408] [47174:0000b861] [DEBUG][com.freerdp.channels.rdpgfx.client] - [rdpgfx_recv_evict_cache_entry_pdu]: RecvEvictCacheEntryPdu: cacheSlot: 171
[17:51:29:417] [47174:0000b848] [DEBUG][com.freerdp.client.x11] - [xf_input_touch_remote]: touch_remote: ev=Update id=1904 x=1473 y=1154 rdpei=0x7f74e0214070 fallback=0
[17:51:29:427] [47174:0000b848] [DEBUG][com.freerdp.client.x11] - [xf_input_touch_remote]: touch_remote: ev=Update id=1904 x=1466 y=1162 rdpei=0x7f74e0214070 fallback=0
[17:51:29:437] [47174:0000b848] [DEBUG][com.freerdp.client.x11] - [xf_input_touch_remote]: touch_remote: ev=Update id=1904 x=1460 y=1171 rdpei=0x7f74e0214070 fallback=0
[17:51:29:444] [47174:0000b861] [DEBUG][com.freerdp.channels.rdpgfx.client] - [rdpgfx_recv_evict_cache_entry_pdu]: RecvEvictCacheEntryPdu: cacheSlot: 172
[17:51:29:444] [47174:0000b861] [DEBUG][com.freerdp.channels.rdpgfx.client] - [rdpgfx_recv_evict_cache_entry_pdu]: RecvEvictCacheEntryPdu: cacheSlot: 173
[17:51:29:444] [47174:0000b861] [DEBUG][com.freerdp.channels.rdpgfx.client] - [rdpgfx_recv_evict_cache_entry_pdu]: RecvEvictCacheEntryPdu: cacheSlot: 177
[17:51:29:444] [47174:0000b861] [DEBUG][com.freerdp.channels.rdpgfx.client] - [rdpgfx_recv_evict_cache_entry_pdu]: RecvEvictCacheEntryPdu: cacheSlot: 178
[17:51:29:448] [47174:0000b848] [DEBUG][com.freerdp.client.x11] - [xf_input_touch_remote]: touch_remote: ev=Update id=1904 x=1454 y=1175 rdpei=0x7f74e0214070 fallback=0
[17:51:29:457] [47174:0000b848] [DEBUG][com.freerdp.client.x11] - [xf_input_touch_remote]: touch_remote: ev=Update id=1904 x=1450 y=1180 rdpei=0x7f74e0214070 fallback=0
[17:51:29:468] [47174:0000b848] [DEBUG][com.freerdp.client.x11] - [xf_input_touch_remote]: touch_remote: ev=Update id=1904 x=1446 y=1182 rdpei=0x7f74e0214070 fallback=0
[17:51:29:477] [47174:0000b848] [DEBUG][com.freerdp.client.x11] - [xf_input_touch_remote]: touch_remote: ev=Update id=1904 x=1443 y=1182 rdpei=0x7f74e0214070 fallback=0
[17:51:29:482] [47174:0000b861] [DEBUG][com.freerdp.channels.rdpgfx.client] - [rdpgfx_recv_evict_cache_entry_pdu]: RecvEvictCacheEntryPdu: cacheSlot: 179
[17:51:29:482] [47174:0000b861] [DEBUG][com.freerdp.channels.rdpgfx.client] - [rdpgfx_recv_evict_cache_entry_pdu]: RecvEvictCacheEntryPdu: cacheSlot: 180
[17:51:29:482] [47174:0000b861] [DEBUG][com.freerdp.channels.rdpgfx.client] - [rdpgfx_recv_evict_cache_entry_pdu]: RecvEvictCacheEntryPdu: cacheSlot: 181
[17:51:29:482] [47174:0000b861] [DEBUG][com.freerdp.channels.rdpgfx.client] - [rdpgfx_recv_evict_cache_entry_pdu]: RecvEvictCacheEntryPdu: cacheSlot: 182
[17:51:29:482] [47174:0000b861] [DEBUG][com.freerdp.channels.rdpgfx.client] - [rdpgfx_recv_evict_cache_entry_pdu]: RecvEvictCacheEntryPdu: cacheSlot: 183
[17:51:29:482] [47174:0000b861] [DEBUG][com.freerdp.channels.rdpgfx.client] - [rdpgfx_recv_evict_cache_entry_pdu]: RecvEvictCacheEntryPdu: cacheSlot: 184
[17:51:29:487] [47174:0000b848] [DEBUG][com.freerdp.client.x11] - [xf_input_touch_remote]: touch_remote: ev=Update id=1904 x=1441 y=1183 rdpei=0x7f74e0214070 fallback=0
[17:51:29:498] [47174:0000b848] [DEBUG][com.freerdp.client.x11] - [xf_input_touch_remote]: touch_remote: ev=Update id=1904 x=1442 y=1183 rdpei=0x7f74e0214070 fallback=0
[17:51:29:507] [47174:0000b848] [DEBUG][com.freerdp.client.x11] - [xf_input_touch_remote]: touch_remote: ev=Update id=1904 x=1443 y=1183 rdpei=0x7f74e0214070 fallback=0
[17:51:29:517] [47174:0000b848] [DEBUG][com.freerdp.client.x11] - [xf_input_touch_remote]: touch_remote: ev=Update id=1904 x=1443 y=1183 rdpei=0x7f74e0214070 fallback=0
[17:51:29:527] [47174:0000b848] [DEBUG][com.freerdp.client.x11] - [xf_input_touch_remote]: touch_remote: ev=Update id=1904 x=1443 y=1183 rdpei=0x7f74e0214070 fallback=0
[17:51:29:538] [47174:0000b848] [DEBUG][com.freerdp.client.x11] - [xf_input_touch_remote]: touch_remote: ev=Update id=1904 x=1443 y=1183 rdpei=0x7f74e0214070 fallback=0
[17:51:29:548] [47174:0000b848] [DEBUG][com.freerdp.client.x11] - [xf_input_touch_remote]: touch_remote: ev=Update id=1904 x=1444 y=1182 rdpei=0x7f74e0214070 fallback=0
[17:51:29:558] [47174:0000b848] [DEBUG][com.freerdp.client.x11] - [xf_input_touch_remote]: touch_remote: ev=Update id=1904 x=1445 y=1183 rdpei=0x7f74e0214070 fallback=0
[17:51:29:569] [47174:0000b861] [DEBUG][com.freerdp.channels.rdpgfx.client] - [rdpgfx_recv_evict_cache_entry_pdu]: RecvEvictCacheEntryPdu: cacheSlot: 188
[17:51:29:569] [47174:0000b861] [DEBUG][com.freerdp.channels.rdpgfx.client] - [rdpgfx_recv_evict_cache_entry_pdu]: RecvEvictCacheEntryPdu: cacheSlot: 190
[17:51:29:569] [47174:0000b861] [DEBUG][com.freerdp.channels.rdpgfx.client] - [rdpgfx_recv_evict_cache_entry_pdu]: RecvEvictCacheEntryPdu: cacheSlot: 191
[17:51:29:569] [47174:0000b861] [DEBUG][com.freerdp.channels.rdpgfx.client] - [rdpgfx_recv_evict_cache_entry_pdu]: RecvEvictCacheEntryPdu: cacheSlot: 192
[17:51:29:569] [47174:0000b861] [DEBUG][com.freerdp.channels.rdpgfx.client] - [rdpgfx_recv_evict_cache_entry_pdu]: RecvEvictCacheEntryPdu: cacheSlot: 193
[17:51:29:569] [47174:0000b861] [DEBUG][com.freerdp.channels.rdpgfx.client] - [rdpgfx_recv_evict_cache_entry_pdu]: RecvEvictCacheEntryPdu: cacheSlot: 195
[17:51:29:569] [47174:0000b861] [DEBUG][com.freerdp.channels.rdpgfx.client] - [rdpgfx_recv_evict_cache_entry_pdu]: RecvEvictCacheEntryPdu: cacheSlot: 196
[17:51:29:569] [47174:0000b861] [DEBUG][com.freerdp.channels.rdpgfx.client] - [rdpgfx_recv_evict_cache_entry_pdu]: RecvEvictCacheEntryPdu: cacheSlot: 197
[17:51:29:569] [47174:0000b861] [DEBUG][com.freerdp.channels.rdpgfx.client] - [rdpgfx_recv_evict_cache_entry_pdu]: RecvEvictCacheEntryPdu: cacheSlot: 198
[17:51:29:569] [47174:0000b861] [DEBUG][com.freerdp.channels.rdpgfx.client] - [rdpgfx_recv_evict_cache_entry_pdu]: RecvEvictCacheEntryPdu: cacheSlot: 199
[17:51:29:569] [47174:0000b861] [DEBUG][com.freerdp.channels.rdpgfx.client] - [rdpgfx_recv_evict_cache_entry_pdu]: RecvEvictCacheEntryPdu: cacheSlot: 201
[17:51:29:571] [47174:0000b848] [DEBUG][com.freerdp.client.x11] - [xf_input_touch_remote]: touch_remote: ev=Update id=1904 x=1446 y=1184 rdpei=0x7f74e0214070 fallback=0
[17:51:29:579] [47174:0000b848] [DEBUG][com.freerdp.client.x11] - [xf_input_touch_remote]: touch_remote: ev=Update id=1904 x=1449 y=1185 rdpei=0x7f74e0214070 fallback=0
[17:51:29:584] [47174:0000b861] [DEBUG][com.freerdp.channels.rdpgfx.client] - [rdpgfx_recv_evict_cache_entry_pdu]: RecvEvictCacheEntryPdu: cacheSlot: 202
[17:51:29:584] [47174:0000b861] [DEBUG][com.freerdp.channels.rdpgfx.client] - [rdpgfx_recv_evict_cache_entry_pdu]: RecvEvictCacheEntryPdu: cacheSlot: 203
[17:51:29:584] [47174:0000b861] [DEBUG][com.freerdp.channels.rdpgfx.client] - [rdpgfx_recv_evict_cache_entry_pdu]: RecvEvictCacheEntryPdu: cacheSlot: 204
[17:51:29:584] [47174:0000b861] [DEBUG][com.freerdp.channels.rdpgfx.client] - [rdpgfx_recv_evict_cache_entry_pdu]: RecvEvictCacheEntryPdu: cacheSlot: 205
[17:51:29:588] [47174:0000b848] [DEBUG][com.freerdp.client.x11] - [xf_input_touch_remote]: touch_remote: ev=Update id=1904 x=1451 y=1187 rdpei=0x7f74e0214070 fallback=0
[17:51:29:598] [47174:0000b848] [DEBUG][com.freerdp.client.x11] - [xf_input_touch_remote]: touch_remote: ev=End id=1904 x=1451 y=1187 rdpei=0x7f74e0214070 fallback=0
[17:51:29:614] [47174:0000b861] [DEBUG][com.freerdp.channels.rdpgfx.client] - [rdpgfx_recv_evict_cache_entry_pdu]: RecvEvictCacheEntryPdu: cacheSlot: 206
[17:51:29:614] [47174:0000b861] [DEBUG][com.freerdp.channels.rdpgfx.client] - [rdpgfx_recv_evict_cache_entry_pdu]: RecvEvictCacheEntryPdu: cacheSlot: 207
[17:51:29:614] [47174:0000b861] [DEBUG][com.freerdp.channels.rdpgfx.client] - [rdpgfx_recv_evict_cache_entry_pdu]: RecvEvictCacheEntryPdu: cacheSlot: 208
[17:51:29:614] [47174:0000b861] [DEBUG][com.freerdp.channels.rdpgfx.client] - [rdpgfx_recv_evict_cache_entry_pdu]: RecvEvictCacheEntryPdu: cacheSlot: 209
[17:51:29:614] [47174:0000b861] [DEBUG][com.freerdp.channels.rdpgfx.client] - [rdpgfx_recv_evict_cache_entry_pdu]: RecvEvictCacheEntryPdu: cacheSlot: 210
[17:51:29:614] [47174:0000b861] [DEBUG][com.freerdp.channels.rdpgfx.client] - [rdpgfx_recv_evict_cache_entry_pdu]: RecvEvictCacheEntryPdu: cacheSlot: 211
[17:51:29:614] [47174:0000b861] [DEBUG][com.freerdp.channels.rdpgfx.client] - [rdpgfx_recv_evict_cache_entry_pdu]: RecvEvictCacheEntryPdu: cacheSlot: 212
[17:51:29:688] [47174:0000b861] [DEBUG][com.freerdp.channels.rdpgfx.client] - [rdpgfx_recv_evict_cache_entry_pdu]: RecvEvictCacheEntryPdu: cacheSlot: 213
[17:51:29:688] [47174:0000b861] [DEBUG][com.freerdp.channels.rdpgfx.client] - [rdpgfx_recv_evict_cache_entry_pdu]: RecvEvictCacheEntryPdu: cacheSlot: 225
[17:51:29:688] [47174:0000b861] [DEBUG][com.freerdp.channels.rdpgfx.client] - [rdpgfx_recv_evict_cache_entry_pdu]: RecvEvictCacheEntryPdu: cacheSlot: 226
[17:51:29:688] [47174:0000b861] [DEBUG][com.freerdp.channels.rdpgfx.client] - [rdpgfx_recv_evict_cache_entry_pdu]: RecvEvictCacheEntryPdu: cacheSlot: 227
[17:51:29:688] [47174:0000b861] [DEBUG][com.freerdp.channels.rdpgfx.client] - [rdpgfx_recv_evict_cache_entry_pdu]: RecvEvictCacheEntryPdu: cacheSlot: 228
[17:51:29:688] [47174:0000b861] [DEBUG][com.freerdp.channels.rdpgfx.client] - [rdpgfx_recv_evict_cache_entry_pdu]: RecvEvictCacheEntryPdu: cacheSlot: 229
[17:51:29:688] [47174:0000b861] [DEBUG][com.freerdp.channels.rdpgfx.client] - [rdpgfx_recv_evict_cache_entry_pdu]: RecvEvictCacheEntryPdu: cacheSlot: 230
[17:51:29:688] [47174:0000b861] [DEBUG][com.freerdp.channels.rdpgfx.client] - [rdpgfx_recv_evict_cache_entry_pdu]: RecvEvictCacheEntryPdu: cacheSlot: 231
[17:51:29:688] [47174:0000b861] [DEBUG][com.freerdp.channels.rdpgfx.client] - [rdpgfx_recv_evict_cache_entry_pdu]: RecvEvictCacheEntryPdu: cacheSlot: 232
[17:51:29:688] [47174:0000b861] [DEBUG][com.freerdp.channels.rdpgfx.client] - [rdpgfx_recv_evict_cache_entry_pdu]: RecvEvictCacheEntryPdu: cacheSlot: 233
[17:51:29:688] [47174:0000b861] [DEBUG][com.freerdp.channels.rdpgfx.client] - [rdpgfx_recv_evict_cache_entry_pdu]: RecvEvictCacheEntryPdu: cacheSlot: 234
[17:51:29:696] [47174:0000b861] [DEBUG][com.freerdp.channels.rdpgfx.client] - [rdpgfx_recv_evict_cache_entry_pdu]: RecvEvictCacheEntryPdu: cacheSlot: 235
[17:51:29:696] [47174:0000b861] [DEBUG][com.freerdp.channels.rdpgfx.client] - [rdpgfx_recv_evict_cache_entry_pdu]: RecvEvictCacheEntryPdu: cacheSlot: 236
[17:51:29:696] [47174:0000b861] [DEBUG][com.freerdp.channels.rdpgfx.client] - [rdpgfx_recv_evict_cache_entry_pdu]: RecvEvictCacheEntryPdu: cacheSlot: 237
[17:51:30:143] [47174:0000b848] [DEBUG][com.freerdp.client.x11] - [xf_input_handle_event_remote]: checking for pen
[17:51:30:145] [47174:0000b848] [DEBUG][com.freerdp.client.x11] - [xf_input_touch_remote]: touch_remote: ev=Begin id=1905 x=1673 y=568 rdpei=0x7f74e0214070 fallback=0
[17:51:30:145] [47174:0000b848] [DEBUG][com.freerdp.client.x11] - [xf_input_touch_remote]: touch_remote: ev=Other id=1905 x=0 y=0 rdpei=0x7f74e0214070 fallback=0
[17:51:30:153] [47174:0000b848] [DEBUG][com.freerdp.client.x11] - [xf_input_touch_remote]: touch_remote: ev=Update id=1905 x=1673 y=569 rdpei=0x7f74e0214070 fallback=0
[17:51:30:163] [47174:0000b848] [DEBUG][com.freerdp.client.x11] - [xf_input_touch_remote]: touch_remote: ev=Update id=1905 x=1673 y=569 rdpei=0x7f74e0214070 fallback=0
[17:51:30:173] [47174:0000b848] [DEBUG][com.freerdp.client.x11] - [xf_input_touch_remote]: touch_remote: ev=Update id=1905 x=1673 y=570 rdpei=0x7f74e0214070 fallback=0
[17:51:30:183] [47174:0000b848] [DEBUG][com.freerdp.client.x11] - [xf_input_touch_remote]: touch_remote: ev=Update id=1905 x=1673 y=571 rdpei=0x7f74e0214070 fallback=0
[17:51:30:194] [47174:0000b848] [DEBUG][com.freerdp.client.x11] - [xf_input_touch_remote]: touch_remote: ev=Update id=1905 x=1673 y=569 rdpei=0x7f74e0214070 fallback=0
[17:51:30:203] [47174:0000b848] [DEBUG][com.freerdp.client.x11] - [xf_input_touch_remote]: touch_remote: ev=Update id=1905 x=1674 y=570 rdpei=0x7f74e0214070 fallback=0
[17:51:30:213] [47174:0000b848] [DEBUG][com.freerdp.client.x11] - [xf_input_touch_remote]: touch_remote: ev=Update id=1905 x=1673 y=569 rdpei=0x7f74e0214070 fallback=0
[17:51:30:223] [47174:0000b848] [DEBUG][com.freerdp.client.x11] - [xf_input_touch_remote]: touch_remote: ev=Update id=1905 x=1673 y=569 rdpei=0x7f74e0214070 fallback=0
[17:51:30:230] [47174:0000b848] [DEBUG][com.freerdp.client.x11] - [xf_Pointer_Set]: 0x7f74e024b5e0
[17:51:30:230] [47174:0000b848] [DEBUG][com.freerdp.client.x11] - [xf_Pointer_GetCursorForCurrentScale]: scaled: 2560x1600, desktop: 2560x1600
[17:51:30:230] [47174:0000b848] [DEBUG][com.freerdp.client.x11] - [xf_Pointer_GetCursorForCurrentScale]: using cached cursor 0
[17:51:30:233] [47174:0000b848] [DEBUG][com.freerdp.client.x11] - [xf_input_touch_remote]: touch_remote: ev=Update id=1905 x=1674 y=570 rdpei=0x7f74e0214070 fallback=0
[17:51:30:243] [47174:0000b848] [DEBUG][com.freerdp.client.x11] - [xf_input_touch_remote]: touch_remote: ev=Update id=1905 x=1673 y=569 rdpei=0x7f74e0214070 fallback=0
[17:51:30:253] [47174:0000b848] [DEBUG][com.freerdp.client.x11] - [xf_input_touch_remote]: touch_remote: ev=Update id=1905 x=1674 y=569 rdpei=0x7f74e0214070 fallback=0
[17:51:30:263] [47174:0000b848] [DEBUG][com.freerdp.client.x11] - [xf_input_touch_remote]: touch_remote: ev=Update id=1905 x=1673 y=568 rdpei=0x7f74e0214070 fallback=0
[17:51:30:273] [47174:0000b848] [DEBUG][com.freerdp.client.x11] - [xf_input_touch_remote]: touch_remote: ev=Update id=1905 x=1674 y=569 rdpei=0x7f74e0214070 fallback=0
[17:51:30:285] [47174:0000b848] [DEBUG][com.freerdp.client.x11] - [xf_input_touch_remote]: touch_remote: ev=Update id=1905 x=1675 y=570 rdpei=0x7f74e0214070 fallback=0
[17:51:30:304] [47174:0000b848] [DEBUG][com.freerdp.client.x11] - [xf_input_touch_remote]: touch_remote: ev=Update id=1905 x=1675 y=570 rdpei=0x7f74e0214070 fallback=0
[17:51:30:314] [47174:0000b848] [DEBUG][com.freerdp.client.x11] - [xf_input_touch_remote]: touch_remote: ev=Update id=1905 x=1674 y=569 rdpei=0x7f74e0214070 fallback=0
[17:51:30:324] [47174:0000b848] [DEBUG][com.freerdp.client.x11] - [xf_input_touch_remote]: touch_remote: ev=Update id=1905 x=1674 y=569 rdpei=0x7f74e0214070 fallback=0
[17:51:30:334] [47174:0000b848] [DEBUG][com.freerdp.client.x11] - [xf_input_touch_remote]: touch_remote: ev=Update id=1905 x=1673 y=569 rdpei=0x7f74e0214070 fallback=0
[17:51:30:355] [47174:0000b848] [DEBUG][com.freerdp.client.x11] - [xf_input_touch_remote]: touch_remote: ev=Update id=1905 x=1673 y=569 rdpei=0x7f74e0214070 fallback=0
[17:51:30:364] [47174:0000b848] [DEBUG][com.freerdp.client.x11] - [xf_input_touch_remote]: touch_remote: ev=Update id=1905 x=1674 y=570 rdpei=0x7f74e0214070 fallback=0
[17:51:30:384] [47174:0000b848] [DEBUG][com.freerdp.client.x11] - [xf_input_touch_remote]: touch_remote: ev=Update id=1905 x=1673 y=570 rdpei=0x7f74e0214070 fallback=0
[17:51:30:404] [47174:0000b848] [DEBUG][com.freerdp.client.x11] - [xf_input_touch_remote]: touch_remote: ev=Update id=1905 x=1673 y=570 rdpei=0x7f74e0214070 fallback=0
[17:51:30:415] [47174:0000b848] [DEBUG][com.freerdp.client.x11] - [xf_input_touch_remote]: touch_remote: ev=Update id=1905 x=1674 y=569 rdpei=0x7f74e0214070 fallback=0
[17:51:30:435] [47174:0000b848] [DEBUG][com.freerdp.client.x11] - [xf_input_touch_remote]: touch_remote: ev=Update id=1905 x=1675 y=570 rdpei=0x7f74e0214070 fallback=0
[17:51:30:465] [47174:0000b848] [DEBUG][com.freerdp.client.x11] - [xf_input_touch_remote]: touch_remote: ev=Update id=1905 x=1674 y=569 rdpei=0x7f74e0214070 fallback=0
[17:51:30:475] [47174:0000b848] [DEBUG][com.freerdp.client.x11] - [xf_input_touch_remote]: touch_remote: ev=Update id=1905 x=1674 y=569 rdpei=0x7f74e0214070 fallback=0
[17:51:30:495] [47174:0000b848] [DEBUG][com.freerdp.client.x11] - [xf_input_touch_remote]: touch_remote: ev=Update id=1905 x=1673 y=570 rdpei=0x7f74e0214070 fallback=0
[17:51:30:506] [47174:0000b848] [DEBUG][com.freerdp.client.x11] - [xf_input_touch_remote]: touch_remote: ev=Update id=1905 x=1673 y=569 rdpei=0x7f74e0214070 fallback=0
[17:51:30:515] [47174:0000b848] [DEBUG][com.freerdp.client.x11] - [xf_input_touch_remote]: touch_remote: ev=Update id=1905 x=1674 y=570 rdpei=0x7f74e0214070 fallback=0
[17:51:30:526] [47174:0000b848] [DEBUG][com.freerdp.client.x11] - [xf_input_touch_remote]: touch_remote: ev=Update id=1905 x=1674 y=569 rdpei=0x7f74e0214070 fallback=0
[17:51:30:536] [47174:0000b848] [DEBUG][com.freerdp.client.x11] - [xf_input_touch_remote]: touch_remote: ev=Update id=1905 x=1674 y=569 rdpei=0x7f74e0214070 fallback=0
[17:51:30:546] [47174:0000b848] [DEBUG][com.freerdp.client.x11] - [xf_input_touch_remote]: touch_remote: ev=Update id=1905 x=1674 y=569 rdpei=0x7f74e0214070 fallback=0
[17:51:30:556] [47174:0000b848] [DEBUG][com.freerdp.client.x11] - [xf_input_touch_remote]: touch_remote: ev=Update id=1905 x=1674 y=569 rdpei=0x7f74e0214070 fallback=0
[17:51:30:566] [47174:0000b848] [DEBUG][com.freerdp.client.x11] - [xf_input_touch_remote]: touch_remote: ev=Update id=1905 x=1673 y=569 rdpei=0x7f74e0214070 fallback=0
[17:51:30:576] [47174:0000b848] [DEBUG][com.freerdp.client.x11] - [xf_input_touch_remote]: touch_remote: ev=Update id=1905 x=1674 y=569 rdpei=0x7f74e0214070 fallback=0
[17:51:30:596] [47174:0000b848] [DEBUG][com.freerdp.client.x11] - [xf_input_touch_remote]: touch_remote: ev=Update id=1905 x=1674 y=569 rdpei=0x7f74e0214070 fallback=0
[17:51:30:606] [47174:0000b848] [DEBUG][com.freerdp.client.x11] - [xf_input_touch_remote]: touch_remote: ev=Update id=1905 x=1674 y=569 rdpei=0x7f74e0214070 fallback=0
[17:51:30:627] [47174:0000b848] [DEBUG][com.freerdp.client.x11] - [xf_input_touch_remote]: touch_remote: ev=Update id=1905 x=1674 y=569 rdpei=0x7f74e0214070 fallback=0
[17:51:30:636] [47174:0000b848] [DEBUG][com.freerdp.client.x11] - [xf_input_touch_remote]: touch_remote: ev=Update id=1905 x=1673 y=569 rdpei=0x7f74e0214070 fallback=0
[17:51:30:647] [47174:0000b848] [DEBUG][com.freerdp.client.x11] - [xf_input_touch_remote]: touch_remote: ev=Update id=1905 x=1674 y=569 rdpei=0x7f74e0214070 fallback=0
[17:51:30:657] [47174:0000b848] [DEBUG][com.freerdp.client.x11] - [xf_input_touch_remote]: touch_remote: ev=Update id=1905 x=1674 y=569 rdpei=0x7f74e0214070 fallback=0
[17:51:30:677] [47174:0000b848] [DEBUG][com.freerdp.client.x11] - [xf_input_touch_remote]: touch_remote: ev=Update id=1905 x=1674 y=569 rdpei=0x7f74e0214070 fallback=0
[17:51:30:697] [47174:0000b848] [DEBUG][com.freerdp.client.x11] - [xf_input_touch_remote]: touch_remote: ev=Update id=1905 x=1674 y=569 rdpei=0x7f74e0214070 fallback=0
[17:51:30:728] [47174:0000b848] [DEBUG][com.freerdp.client.x11] - [xf_input_touch_remote]: touch_remote: ev=Update id=1905 x=1674 y=569 rdpei=0x7f74e0214070 fallback=0
[17:51:30:737] [47174:0000b848] [DEBUG][com.freerdp.client.x11] - [xf_input_touch_remote]: touch_remote: ev=Update id=1905 x=1674 y=568 rdpei=0x7f74e0214070 fallback=0
[17:51:30:788] [47174:0000b848] [DEBUG][com.freerdp.client.x11] - [xf_input_touch_remote]: touch_remote: ev=Update id=1905 x=1674 y=569 rdpei=0x7f74e0214070 fallback=0
[17:51:30:798] [47174:0000b848] [DEBUG][com.freerdp.client.x11] - [xf_input_touch_remote]: touch_remote: ev=Update id=1905 x=1674 y=569 rdpei=0x7f74e0214070 fallback=0
[17:51:30:828] [47174:0000b848] [DEBUG][com.freerdp.client.x11] - [xf_input_touch_remote]: touch_remote: ev=Update id=1905 x=1674 y=569 rdpei=0x7f74e0214070 fallback=0
[17:51:30:838] [47174:0000b848] [DEBUG][com.freerdp.client.x11] - [xf_input_touch_remote]: touch_remote: ev=Update id=1905 x=1674 y=569 rdpei=0x7f74e0214070 fallback=0
[17:51:30:848] [47174:0000b848] [DEBUG][com.freerdp.client.x11] - [xf_input_touch_remote]: touch_remote: ev=Update id=1905 x=1675 y=569 rdpei=0x7f74e0214070 fallback=0
[17:51:30:869] [47174:0000b848] [DEBUG][com.freerdp.client.x11] - [xf_input_touch_remote]: touch_remote: ev=Update id=1905 x=1674 y=569 rdpei=0x7f74e0214070 fallback=0
[17:51:30:878] [47174:0000b848] [DEBUG][com.freerdp.client.x11] - [xf_input_touch_remote]: touch_remote: ev=Update id=1905 x=1674 y=569 rdpei=0x7f74e0214070 fallback=0
[17:51:30:889] [47174:0000b848] [DEBUG][com.freerdp.client.x11] - [xf_input_touch_remote]: touch_remote: ev=Update id=1905 x=1674 y=569 rdpei=0x7f74e0214070 fallback=0
[17:51:30:899] [47174:0000b848] [DEBUG][com.freerdp.client.x11] - [xf_input_touch_remote]: touch_remote: ev=Update id=1905 x=1675 y=569 rdpei=0x7f74e0214070 fallback=0
[17:51:30:909] [47174:0000b848] [DEBUG][com.freerdp.client.x11] - [xf_input_touch_remote]: touch_remote: ev=Update id=1905 x=1675 y=568 rdpei=0x7f74e0214070 fallback=0
[17:51:30:919] [47174:0000b848] [DEBUG][com.freerdp.client.x11] - [xf_input_touch_remote]: touch_remote: ev=Update id=1905 x=1675 y=569 rdpei=0x7f74e0214070 fallback=0
[17:51:30:929] [47174:0000b848] [DEBUG][com.freerdp.client.x11] - [xf_input_touch_remote]: touch_remote: ev=Update id=1905 x=1675 y=569 rdpei=0x7f74e0214070 fallback=0
[17:51:30:939] [47174:0000b848] [DEBUG][com.freerdp.client.x11] - [xf_input_touch_remote]: touch_remote: ev=Update id=1905 x=1675 y=569 rdpei=0x7f74e0214070 fallback=0
[17:51:30:950] [47174:0000b848] [DEBUG][com.freerdp.client.x11] - [xf_input_touch_remote]: touch_remote: ev=Update id=1905 x=1674 y=569 rdpei=0x7f74e0214070 fallback=0
[17:51:30:959] [47174:0000b848] [DEBUG][com.freerdp.client.x11] - [xf_input_touch_remote]: touch_remote: ev=Update id=1905 x=1674 y=569 rdpei=0x7f74e0214070 fallback=0
[17:51:31:010] [47174:0000b848] [DEBUG][com.freerdp.client.x11] - [xf_input_touch_remote]: touch_remote: ev=Update id=1905 x=1674 y=568 rdpei=0x7f74e0214070 fallback=0
[17:51:31:020] [47174:0000b848] [DEBUG][com.freerdp.client.x11] - [xf_input_touch_remote]: touch_remote: ev=Update id=1905 x=1674 y=569 rdpei=0x7f74e0214070 fallback=0
[17:51:31:030] [47174:0000b848] [DEBUG][com.freerdp.client.x11] - [xf_input_touch_remote]: touch_remote: ev=Update id=1905 x=1674 y=568 rdpei=0x7f74e0214070 fallback=0
[17:51:31:040] [47174:0000b848] [DEBUG][com.freerdp.client.x11] - [xf_input_touch_remote]: touch_remote: ev=Update id=1905 x=1675 y=568 rdpei=0x7f74e0214070 fallback=0
[17:51:31:050] [47174:0000b848] [DEBUG][com.freerdp.client.x11] - [xf_input_touch_remote]: touch_remote: ev=Update id=1905 x=1675 y=568 rdpei=0x7f74e0214070 fallback=0
[17:51:31:060] [47174:0000b848] [DEBUG][com.freerdp.client.x11] - [xf_input_touch_remote]: touch_remote: ev=Update id=1905 x=1674 y=568 rdpei=0x7f74e0214070 fallback=0
[17:51:31:080] [47174:0000b848] [DEBUG][com.freerdp.client.x11] - [xf_input_touch_remote]: touch_remote: ev=Update id=1905 x=1674 y=569 rdpei=0x7f74e0214070 fallback=0
[17:51:31:091] [47174:0000b848] [DEBUG][com.freerdp.client.x11] - [xf_input_touch_remote]: touch_remote: ev=Update id=1905 x=1674 y=569 rdpei=0x7f74e0214070 fallback=0
[17:51:31:100] [47174:0000b848] [DEBUG][com.freerdp.client.x11] - [xf_input_touch_remote]: touch_remote: ev=Update id=1905 x=1674 y=569 rdpei=0x7f74e0214070 fallback=0
[17:51:31:111] [47174:0000b848] [DEBUG][com.freerdp.client.x11] - [xf_input_touch_remote]: touch_remote: ev=Update id=1905 x=1674 y=569 rdpei=0x7f74e0214070 fallback=0
[17:51:31:141] [47174:0000b848] [DEBUG][com.freerdp.client.x11] - [xf_input_touch_remote]: touch_remote: ev=Update id=1905 x=1675 y=569 rdpei=0x7f74e0214070 fallback=0
[17:51:31:151] [47174:0000b848] [DEBUG][com.freerdp.client.x11] - [xf_input_touch_remote]: touch_remote: ev=Update id=1905 x=1674 y=568 rdpei=0x7f74e0214070 fallback=0
[17:51:31:161] [47174:0000b848] [DEBUG][com.freerdp.client.x11] - [xf_input_touch_remote]: touch_remote: ev=Update id=1905 x=1674 y=569 rdpei=0x7f74e0214070 fallback=0
[17:51:31:171] [47174:0000b848] [DEBUG][com.freerdp.client.x11] - [xf_input_touch_remote]: touch_remote: ev=Update id=1905 x=1675 y=568 rdpei=0x7f74e0214070 fallback=0
[17:51:31:181] [47174:0000b848] [DEBUG][com.freerdp.client.x11] - [xf_input_touch_remote]: touch_remote: ev=Update id=1905 x=1675 y=569 rdpei=0x7f74e0214070 fallback=0
[17:51:31:192] [47174:0000b848] [DEBUG][com.freerdp.client.x11] - [xf_input_touch_remote]: touch_remote: ev=Update id=1905 x=1674 y=568 rdpei=0x7f74e0214070 fallback=0
[17:51:31:201] [47174:0000b848] [DEBUG][com.freerdp.client.x11] - [xf_input_touch_remote]: touch_remote: ev=Update id=1905 x=1674 y=569 rdpei=0x7f74e0214070 fallback=0
[17:51:31:211] [47174:0000b848] [DEBUG][com.freerdp.client.x11] - [xf_input_touch_remote]: touch_remote: ev=Update id=1905 x=1674 y=568 rdpei=0x7f74e0214070 fallback=0
[17:51:31:242] [47174:0000b848] [DEBUG][com.freerdp.client.x11] - [xf_input_touch_remote]: touch_remote: ev=Update id=1905 x=1674 y=569 rdpei=0x7f74e0214070 fallback=0
[17:51:31:252] [47174:0000b848] [DEBUG][com.freerdp.client.x11] - [xf_input_touch_remote]: touch_remote: ev=Update id=1905 x=1674 y=569 rdpei=0x7f74e0214070 fallback=0
[17:51:31:272] [47174:0000b848] [DEBUG][com.freerdp.client.x11] - [xf_input_touch_remote]: touch_remote: ev=Update id=1905 x=1674 y=569 rdpei=0x7f74e0214070 fallback=0
[17:51:31:292] [47174:0000b848] [DEBUG][com.freerdp.client.x11] - [xf_input_touch_remote]: touch_remote: ev=Update id=1905 x=1674 y=569 rdpei=0x7f74e0214070 fallback=0
[17:51:31:302] [47174:0000b848] [DEBUG][com.freerdp.client.x11] - [xf_input_touch_remote]: touch_remote: ev=Update id=1905 x=1674 y=569 rdpei=0x7f74e0214070 fallback=0
[17:51:31:327] [47174:0000b848] [DEBUG][com.freerdp.client.x11] - [xf_input_touch_remote]: touch_remote: ev=Update id=1905 x=1674 y=568 rdpei=0x7f74e0214070 fallback=0
[17:51:31:387] [47174:0000b848] [DEBUG][com.freerdp.client.x11] - [xf_input_touch_remote]: touch_remote: ev=Update id=1905 x=1674 y=569 rdpei=0x7f74e0214070 fallback=0
[17:51:31:407] [47174:0000b848] [DEBUG][com.freerdp.client.x11] - [xf_input_touch_remote]: touch_remote: ev=Update id=1905 x=1673 y=569 rdpei=0x7f74e0214070 fallback=0
[17:51:31:418] [47174:0000b848] [DEBUG][com.freerdp.client.x11] - [xf_input_touch_remote]: touch_remote: ev=Update id=1905 x=1674 y=569 rdpei=0x7f74e0214070 fallback=0
[17:51:31:438] [47174:0000b848] [DEBUG][com.freerdp.client.x11] - [xf_input_touch_remote]: touch_remote: ev=Update id=1905 x=1674 y=568 rdpei=0x7f74e0214070 fallback=0
[17:51:31:448] [47174:0000b848] [DEBUG][com.freerdp.client.x11] - [xf_input_touch_remote]: touch_remote: ev=Update id=1905 x=1674 y=568 rdpei=0x7f74e0214070 fallback=0
[17:51:31:468] [47174:0000b848] [DEBUG][com.freerdp.client.x11] - [xf_input_touch_remote]: touch_remote: ev=Update id=1905 x=1674 y=569 rdpei=0x7f74e0214070 fallback=0
[17:51:31:478] [47174:0000b848] [DEBUG][com.freerdp.client.x11] - [xf_input_touch_remote]: touch_remote: ev=Update id=1905 x=1674 y=568 rdpei=0x7f74e0214070 fallback=0
[17:51:31:488] [47174:0000b848] [DEBUG][com.freerdp.client.x11] - [xf_input_touch_remote]: touch_remote: ev=Update id=1905 x=1674 y=568 rdpei=0x7f74e0214070 fallback=0
[17:51:31:498] [47174:0000b848] [DEBUG][com.freerdp.client.x11] - [xf_input_touch_remote]: touch_remote: ev=Update id=1905 x=1674 y=568 rdpei=0x7f74e0214070 fallback=0
[17:51:31:508] [47174:0000b848] [DEBUG][com.freerdp.client.x11] - [xf_input_touch_remote]: touch_remote: ev=Update id=1905 x=1674 y=568 rdpei=0x7f74e0214070 fallback=0
[17:51:31:518] [47174:0000b848] [DEBUG][com.freerdp.client.x11] - [xf_input_touch_remote]: touch_remote: ev=Update id=1905 x=1675 y=567 rdpei=0x7f74e0214070 fallback=0
[17:51:31:528] [47174:0000b848] [DEBUG][com.freerdp.client.x11] - [xf_input_touch_remote]: touch_remote: ev=Update id=1905 x=1676 y=565 rdpei=0x7f74e0214070 fallback=0
[17:51:31:538] [47174:0000b848] [DEBUG][com.freerdp.client.x11] - [xf_input_touch_remote]: touch_remote: ev=Update id=1905 x=1677 y=563 rdpei=0x7f74e0214070 fallback=0
[17:51:31:548] [47174:0000b848] [DEBUG][com.freerdp.client.x11] - [xf_input_touch_remote]: touch_remote: ev=End id=1905 x=1677 y=563 rdpei=0x7f74e0214070 fallback=0
[17:51:31:579] [47174:0000b848] [DEBUG][com.freerdp.client.x11] - [xf_input_handle_event_remote]: checking for pen
[17:51:31:580] [47174:0000b848] [DEBUG][com.freerdp.client.x11] - [xf_input_touch_remote]: touch_remote: ev=Begin id=1906 x=2020 y=25 rdpei=0x7f74e0214070 fallback=0
[17:51:31:580] [47174:0000b848] [DEBUG][com.freerdp.client.x11] - [xf_input_touch_remote]: touch_remote: ev=Other id=1906 x=0 y=0 rdpei=0x7f74e0214070 fallback=0
[17:51:31:589] [47174:0000b848] [DEBUG][com.freerdp.client.x11] - [xf_input_touch_remote]: touch_remote: ev=Update id=1906 x=2026 y=18 rdpei=0x7f74e0214070 fallback=0
[17:51:31:599] [47174:0000b848] [DEBUG][com.freerdp.client.x11] - [xf_input_touch_remote]: touch_remote: ev=Update id=1906 x=2035 y=13 rdpei=0x7f74e0214070 fallback=0
[17:51:31:609] [47174:0000b848] [DEBUG][com.freerdp.client.x11] - [xf_input_touch_remote]: touch_remote: ev=Update id=1906 x=2040 y=10 rdpei=0x7f74e0214070 fallback=0
[17:51:31:619] [47174:0000b848] [DEBUG][com.freerdp.client.x11] - [xf_input_touch_remote]: touch_remote: ev=End id=1906 x=2040 y=10 rdpei=0x7f74e0214070 fallback=0
[17:51:31:665] [47174:0000b848] [DEBUG][com.freerdp.client.x11] - [xf_Pointer_SetNull]: called
[17:51:31:899] [47174:0000b861] [DEBUG][com.freerdp.channels.rdpgfx.client] - [rdpgfx_recv_evict_cache_entry_pdu]: RecvEvictCacheEntryPdu: cacheSlot: 238
[17:51:31:899] [47174:0000b861] [DEBUG][com.freerdp.channels.rdpgfx.client] - [rdpgfx_recv_evict_cache_entry_pdu]: RecvEvictCacheEntryPdu: cacheSlot: 239
[17:51:31:899] [47174:0000b861] [DEBUG][com.freerdp.channels.rdpgfx.client] - [rdpgfx_recv_evict_cache_entry_pdu]: RecvEvictCacheEntryPdu: cacheSlot: 240
[17:51:31:899] [47174:0000b861] [DEBUG][com.freerdp.channels.rdpgfx.client] - [rdpgfx_recv_evict_cache_entry_pdu]: RecvEvictCacheEntryPdu: cacheSlot: 241
[17:51:31:899] [47174:0000b861] [DEBUG][com.freerdp.channels.rdpgfx.client] - [rdpgfx_recv_evict_cache_entry_pdu]: RecvEvictCacheEntryPdu: cacheSlot: 242
[17:51:31:900] [47174:0000b861] [DEBUG][com.freerdp.channels.rdpgfx.client] - [rdpgfx_recv_evict_cache_entry_pdu]: RecvEvictCacheEntryPdu: cacheSlot: 243
[17:51:31:900] [47174:0000b861] [DEBUG][com.freerdp.channels.rdpgfx.client] - [rdpgfx_recv_evict_cache_entry_pdu]: RecvEvictCacheEntryPdu: cacheSlot: 244
[17:51:31:900] [47174:0000b861] [DEBUG][com.freerdp.channels.rdpgfx.client] - [rdpgfx_recv_evict_cache_entry_pdu]: RecvEvictCacheEntryPdu: cacheSlot: 245
[17:51:31:900] [47174:0000b861] [DEBUG][com.freerdp.channels.rdpgfx.client] - [rdpgfx_recv_evict_cache_entry_pdu]: RecvEvictCacheEntryPdu: cacheSlot: 246
[17:51:31:900] [47174:0000b861] [DEBUG][com.freerdp.channels.rdpgfx.client] - [rdpgfx_recv_evict_cache_entry_pdu]: RecvEvictCacheEntryPdu: cacheSlot: 247
[17:51:31:900] [47174:0000b861] [DEBUG][com.freerdp.channels.rdpgfx.client] - [rdpgfx_recv_evict_cache_entry_pdu]: RecvEvictCacheEntryPdu: cacheSlot: 248
[17:51:31:900] [47174:0000b861] [DEBUG][com.freerdp.channels.rdpgfx.client] - [rdpgfx_recv_evict_cache_entry_pdu]: RecvEvictCacheEntryPdu: cacheSlot: 249
[17:51:31:900] [47174:0000b861] [DEBUG][com.freerdp.channels.rdpgfx.client] - [rdpgfx_recv_evict_cache_entry_pdu]: RecvEvictCacheEntryPdu: cacheSlot: 250
[17:51:31:900] [47174:0000b861] [DEBUG][com.freerdp.channels.rdpgfx.client] - [rdpgfx_recv_evict_cache_entry_pdu]: RecvEvictCacheEntryPdu: cacheSlot: 251
[17:51:31:900] [47174:0000b861] [DEBUG][com.freerdp.channels.rdpgfx.client] - [rdpgfx_recv_evict_cache_entry_pdu]: RecvEvictCacheEntryPdu: cacheSlot: 562
[17:51:31:900] [47174:0000b861] [DEBUG][com.freerdp.channels.rdpgfx.client] - [rdpgfx_recv_evict_cache_entry_pdu]: RecvEvictCacheEntryPdu: cacheSlot: 563
[17:51:31:900] [47174:0000b861] [DEBUG][com.freerdp.channels.rdpgfx.client] - [rdpgfx_recv_evict_cache_entry_pdu]: RecvEvictCacheEntryPdu: cacheSlot: 252
[17:51:31:900] [47174:0000b861] [DEBUG][com.freerdp.channels.rdpgfx.client] - [rdpgfx_recv_evict_cache_entry_pdu]: RecvEvictCacheEntryPdu: cacheSlot: 564
[17:51:31:900] [47174:0000b861] [DEBUG][com.freerdp.channels.rdpgfx.client] - [rdpgfx_recv_evict_cache_entry_pdu]: RecvEvictCacheEntryPdu: cacheSlot: 565
[17:51:31:900] [47174:0000b861] [DEBUG][com.freerdp.channels.rdpgfx.client] - [rdpgfx_recv_evict_cache_entry_pdu]: RecvEvictCacheEntryPdu: cacheSlot: 566
[17:51:31:900] [47174:0000b861] [DEBUG][com.freerdp.channels.rdpgfx.client] - [rdpgfx_recv_evict_cache_entry_pdu]: RecvEvictCacheEntryPdu: cacheSlot: 567
[17:51:31:900] [47174:0000b861] [DEBUG][com.freerdp.channels.rdpgfx.client] - [rdpgfx_recv_evict_cache_entry_pdu]: RecvEvictCacheEntryPdu: cacheSlot: 568
[17:51:31:900] [47174:0000b861] [DEBUG][com.freerdp.channels.rdpgfx.client] - [rdpgfx_recv_evict_cache_entry_pdu]: RecvEvictCacheEntryPdu: cacheSlot: 569
[17:51:31:900] [47174:0000b861] [DEBUG][com.freerdp.channels.rdpgfx.client] - [rdpgfx_recv_evict_cache_entry_pdu]: RecvEvictCacheEntryPdu: cacheSlot: 570
[17:51:31:900] [47174:0000b861] [DEBUG][com.freerdp.channels.rdpgfx.client] - [rdpgfx_recv_evict_cache_entry_pdu]: RecvEvictCacheEntryPdu: cacheSlot: 571
[17:51:31:900] [47174:0000b861] [DEBUG][com.freerdp.channels.rdpgfx.client] - [rdpgfx_recv_evict_cache_entry_pdu]: RecvEvictCacheEntryPdu: cacheSlot: 572
[17:51:31:900] [47174:0000b861] [DEBUG][com.freerdp.channels.rdpgfx.client] - [rdpgfx_recv_evict_cache_entry_pdu]: RecvEvictCacheEntryPdu: cacheSlot: 573
[17:51:31:900] [47174:0000b861] [DEBUG][com.freerdp.channels.rdpgfx.client] - [rdpgfx_recv_evict_cache_entry_pdu]: RecvEvictCacheEntryPdu: cacheSlot: 574
[17:51:31:901] [47174:0000b861] [DEBUG][com.freerdp.channels.rdpgfx.client] - [rdpgfx_recv_evict_cache_entry_pdu]: RecvEvictCacheEntryPdu: cacheSlot: 575
[17:51:31:901] [47174:0000b861] [DEBUG][com.freerdp.channels.rdpgfx.client] - [rdpgfx_recv_evict_cache_entry_pdu]: RecvEvictCacheEntryPdu: cacheSlot: 576
[17:51:31:901] [47174:0000b861] [DEBUG][com.freerdp.channels.rdpgfx.client] - [rdpgfx_recv_evict_cache_entry_pdu]: RecvEvictCacheEntryPdu: cacheSlot: 577
[17:51:31:901] [47174:0000b861] [DEBUG][com.freerdp.channels.rdpgfx.client] - [rdpgfx_recv_evict_cache_entry_pdu]: RecvEvictCacheEntryPdu: cacheSlot: 578
[17:51:31:901] [47174:0000b861] [DEBUG][com.freerdp.channels.rdpgfx.client] - [rdpgfx_recv_evict_cache_entry_pdu]: RecvEvictCacheEntryPdu: cacheSlot: 253
[17:51:31:901] [47174:0000b861] [DEBUG][com.freerdp.channels.rdpgfx.client] - [rdpgfx_recv_evict_cache_entry_pdu]: RecvEvictCacheEntryPdu: cacheSlot: 254
[17:51:31:901] [47174:0000b861] [DEBUG][com.freerdp.channels.rdpgfx.client] - [rdpgfx_recv_evict_cache_entry_pdu]: RecvEvictCacheEntryPdu: cacheSlot: 255
[17:51:31:901] [47174:0000b861] [DEBUG][com.freerdp.channels.rdpgfx.client] - [rdpgfx_recv_evict_cache_entry_pdu]: RecvEvictCacheEntryPdu: cacheSlot: 258
[17:51:31:901] [47174:0000b861] [DEBUG][com.freerdp.channels.rdpgfx.client] - [rdpgfx_recv_evict_cache_entry_pdu]: RecvEvictCacheEntryPdu: cacheSlot: 259
[17:51:31:973] [47174:0000b848] [DEBUG][com.freerdp.client.x11] - [xf_input_handle_event_remote]: checking for pen
[17:51:31:973] [47174:0000b848] [DEBUG][com.freerdp.client.x11] - [xf_input_touch_remote]: touch_remote: ev=Begin id=1907 x=2057 y=733 rdpei=0x7f74e0214070 fallback=0
[17:51:31:973] [47174:0000b848] [DEBUG][com.freerdp.client.x11] - [xf_input_touch_remote]: touch_remote: ev=Other id=1907 x=0 y=0 rdpei=0x7f74e0214070 fallback=0
[17:51:31:982] [47174:0000b848] [DEBUG][com.freerdp.client.x11] - [xf_input_touch_remote]: touch_remote: ev=Update id=1907 x=2058 y=733 rdpei=0x7f74e0214070 fallback=0
[17:51:32:003] [47174:0000b848] [DEBUG][com.freerdp.client.x11] - [xf_input_touch_remote]: touch_remote: ev=Update id=1907 x=2057 y=732 rdpei=0x7f74e0214070 fallback=0
[17:51:32:013] [47174:0000b848] [DEBUG][com.freerdp.client.x11] - [xf_input_touch_remote]: touch_remote: ev=Update id=1907 x=2057 y=733 rdpei=0x7f74e0214070 fallback=0
[17:51:32:022] [47174:0000b848] [DEBUG][com.freerdp.client.x11] - [xf_input_touch_remote]: touch_remote: ev=Update id=1907 x=2058 y=733 rdpei=0x7f74e0214070 fallback=0
[17:51:32:033] [47174:0000b848] [DEBUG][com.freerdp.client.x11] - [xf_input_touch_remote]: touch_remote: ev=Update id=1907 x=2057 y=733 rdpei=0x7f74e0214070 fallback=0
[17:51:32:043] [47174:0000b848] [DEBUG][com.freerdp.client.x11] - [xf_input_touch_remote]: touch_remote: ev=Update id=1907 x=2057 y=732 rdpei=0x7f74e0214070 fallback=0
[17:51:32:053] [47174:0000b848] [DEBUG][com.freerdp.client.x11] - [xf_input_touch_remote]: touch_remote: ev=Update id=1907 x=2057 y=733 rdpei=0x7f74e0214070 fallback=0
[17:51:32:063] [47174:0000b848] [DEBUG][com.freerdp.client.x11] - [xf_Pointer_Set]: 0x7f74e024b5e0
[17:51:32:063] [47174:0000b848] [DEBUG][com.freerdp.client.x11] - [xf_Pointer_GetCursorForCurrentScale]: scaled: 2560x1600, desktop: 2560x1600
[17:51:32:063] [47174:0000b848] [DEBUG][com.freerdp.client.x11] - [xf_Pointer_GetCursorForCurrentScale]: using cached cursor 0
[17:51:32:073] [47174:0000b848] [DEBUG][com.freerdp.client.x11] - [xf_input_touch_remote]: touch_remote: ev=Update id=1907 x=2057 y=733 rdpei=0x7f74e0214070 fallback=0
[17:51:32:083] [47174:0000b848] [DEBUG][com.freerdp.client.x11] - [xf_input_touch_remote]: touch_remote: ev=Update id=1907 x=2057 y=733 rdpei=0x7f74e0214070 fallback=0
[17:51:32:093] [47174:0000b848] [DEBUG][com.freerdp.client.x11] - [xf_input_touch_remote]: touch_remote: ev=Update id=1907 x=2057 y=734 rdpei=0x7f74e0214070 fallback=0
[17:51:32:103] [47174:0000b848] [DEBUG][com.freerdp.client.x11] - [xf_input_touch_remote]: touch_remote: ev=Update id=1907 x=2057 y=733 rdpei=0x7f74e0214070 fallback=0
[17:51:32:113] [47174:0000b848] [DEBUG][com.freerdp.client.x11] - [xf_input_touch_remote]: touch_remote: ev=Update id=1907 x=2057 y=734 rdpei=0x7f74e0214070 fallback=0
[17:51:32:134] [47174:0000b848] [DEBUG][com.freerdp.client.x11] - [xf_input_touch_remote]: touch_remote: ev=Update id=1907 x=2056 y=734 rdpei=0x7f74e0214070 fallback=0
[17:51:32:143] [47174:0000b848] [DEBUG][com.freerdp.client.x11] - [xf_input_touch_remote]: touch_remote: ev=Update id=1907 x=2057 y=734 rdpei=0x7f74e0214070 fallback=0
[17:51:32:154] [47174:0000b848] [DEBUG][com.freerdp.client.x11] - [xf_input_touch_remote]: touch_remote: ev=Update id=1907 x=2057 y=733 rdpei=0x7f74e0214070 fallback=0
[17:51:32:164] [47174:0000b848] [DEBUG][com.freerdp.client.x11] - [xf_input_touch_remote]: touch_remote: ev=Update id=1907 x=2058 y=733 rdpei=0x7f74e0214070 fallback=0
[17:51:32:174] [47174:0000b848] [DEBUG][com.freerdp.client.x11] - [xf_input_touch_remote]: touch_remote: ev=Update id=1907 x=2058 y=733 rdpei=0x7f74e0214070 fallback=0
[17:51:32:184] [47174:0000b848] [DEBUG][com.freerdp.client.x11] - [xf_input_touch_remote]: touch_remote: ev=Update id=1907 x=2058 y=734 rdpei=0x7f74e0214070 fallback=0
[17:51:32:194] [47174:0000b848] [DEBUG][com.freerdp.client.x11] - [xf_input_touch_remote]: touch_remote: ev=Update id=1907 x=2057 y=734 rdpei=0x7f74e0214070 fallback=0
[17:51:32:214] [47174:0000b848] [DEBUG][com.freerdp.client.x11] - [xf_input_touch_remote]: touch_remote: ev=Update id=1907 x=2058 y=733 rdpei=0x7f74e0214070 fallback=0
[17:51:32:224] [47174:0000b848] [DEBUG][com.freerdp.client.x11] - [xf_input_touch_remote]: touch_remote: ev=Update id=1907 x=2057 y=733 rdpei=0x7f74e0214070 fallback=0
[17:51:32:235] [47174:0000b848] [DEBUG][com.freerdp.client.x11] - [xf_input_touch_remote]: touch_remote: ev=Update id=1907 x=2058 y=733 rdpei=0x7f74e0214070 fallback=0
[17:51:32:244] [47174:0000b848] [DEBUG][com.freerdp.client.x11] - [xf_input_touch_remote]: touch_remote: ev=Update id=1907 x=2058 y=733 rdpei=0x7f74e0214070 fallback=0
[17:51:32:255] [47174:0000b848] [DEBUG][com.freerdp.client.x11] - [xf_input_touch_remote]: touch_remote: ev=Update id=1907 x=2057 y=733 rdpei=0x7f74e0214070 fallback=0
[17:51:32:275] [47174:0000b848] [DEBUG][com.freerdp.client.x11] - [xf_input_touch_remote]: touch_remote: ev=Update id=1907 x=2057 y=733 rdpei=0x7f74e0214070 fallback=0
[17:51:32:284] [47174:0000b848] [DEBUG][com.freerdp.client.x11] - [xf_input_touch_remote]: touch_remote: ev=Update id=1907 x=2058 y=733 rdpei=0x7f74e0214070 fallback=0
[17:51:32:295] [47174:0000b848] [DEBUG][com.freerdp.client.x11] - [xf_input_touch_remote]: touch_remote: ev=Update id=1907 x=2057 y=733 rdpei=0x7f74e0214070 fallback=0
[17:51:32:305] [47174:0000b848] [DEBUG][com.freerdp.client.x11] - [xf_input_touch_remote]: touch_remote: ev=Update id=1907 x=2057 y=734 rdpei=0x7f74e0214070 fallback=0
[17:51:32:315] [47174:0000b848] [DEBUG][com.freerdp.client.x11] - [xf_input_touch_remote]: touch_remote: ev=Update id=1907 x=2057 y=733 rdpei=0x7f74e0214070 fallback=0
[17:51:32:345] [47174:0000b848] [DEBUG][com.freerdp.client.x11] - [xf_input_touch_remote]: touch_remote: ev=Update id=1907 x=2057 y=734 rdpei=0x7f74e0214070 fallback=0
[17:51:32:355] [47174:0000b848] [DEBUG][com.freerdp.client.x11] - [xf_input_touch_remote]: touch_remote: ev=Update id=1907 x=2057 y=734 rdpei=0x7f74e0214070 fallback=0
[17:51:32:365] [47174:0000b848] [DEBUG][com.freerdp.client.x11] - [xf_input_touch_remote]: touch_remote: ev=Update id=1907 x=2058 y=734 rdpei=0x7f74e0214070 fallback=0
[17:51:32:376] [47174:0000b848] [DEBUG][com.freerdp.client.x11] - [xf_input_touch_remote]: touch_remote: ev=Update id=1907 x=2057 y=734 rdpei=0x7f74e0214070 fallback=0
[17:51:32:436] [47174:0000b848] [DEBUG][com.freerdp.client.x11] - [xf_input_touch_remote]: touch_remote: ev=Update id=1907 x=2057 y=733 rdpei=0x7f74e0214070 fallback=0
[17:51:32:456] [47174:0000b848] [DEBUG][com.freerdp.client.x11] - [xf_input_touch_remote]: touch_remote: ev=Update id=1907 x=2057 y=733 rdpei=0x7f74e0214070 fallback=0
[17:51:32:486] [47174:0000b848] [DEBUG][com.freerdp.client.x11] - [xf_input_touch_remote]: touch_remote: ev=Update id=1907 x=2057 y=733 rdpei=0x7f74e0214070 fallback=0
[17:51:32:517] [47174:0000b848] [DEBUG][com.freerdp.client.x11] - [xf_input_touch_remote]: touch_remote: ev=Update id=1907 x=2057 y=733 rdpei=0x7f74e0214070 fallback=0
[17:51:32:526] [47174:0000b848] [DEBUG][com.freerdp.client.x11] - [xf_input_touch_remote]: touch_remote: ev=Update id=1907 x=2057 y=733 rdpei=0x7f74e0214070 fallback=0
[17:51:32:537] [47174:0000b848] [DEBUG][com.freerdp.client.x11] - [xf_input_touch_remote]: touch_remote: ev=Update id=1907 x=2057 y=734 rdpei=0x7f74e0214070 fallback=0
[17:51:32:557] [47174:0000b848] [DEBUG][com.freerdp.client.x11] - [xf_input_touch_remote]: touch_remote: ev=Update id=1907 x=2057 y=733 rdpei=0x7f74e0214070 fallback=0
[17:51:32:577] [47174:0000b848] [DEBUG][com.freerdp.client.x11] - [xf_input_touch_remote]: touch_remote: ev=Update id=1907 x=2057 y=733 rdpei=0x7f74e0214070 fallback=0
[17:51:32:587] [47174:0000b848] [DEBUG][com.freerdp.client.x11] - [xf_input_touch_remote]: touch_remote: ev=Update id=1907 x=2057 y=733 rdpei=0x7f74e0214070 fallback=0
[17:51:32:597] [47174:0000b848] [DEBUG][com.freerdp.client.x11] - [xf_input_touch_remote]: touch_remote: ev=Update id=1907 x=2056 y=733 rdpei=0x7f74e0214070 fallback=0
[17:51:32:617] [47174:0000b848] [DEBUG][com.freerdp.client.x11] - [xf_input_touch_remote]: touch_remote: ev=Update id=1907 x=2056 y=733 rdpei=0x7f74e0214070 fallback=0
[17:51:32:648] [47174:0000b848] [DEBUG][com.freerdp.client.x11] - [xf_input_touch_remote]: touch_remote: ev=Update id=1907 x=2056 y=733 rdpei=0x7f74e0214070 fallback=0
[17:51:32:657] [47174:0000b848] [DEBUG][com.freerdp.client.x11] - [xf_input_touch_remote]: touch_remote: ev=Update id=1907 x=2057 y=733 rdpei=0x7f74e0214070 fallback=0
[17:51:32:667] [47174:0000b848] [DEBUG][com.freerdp.client.x11] - [xf_input_touch_remote]: touch_remote: ev=Update id=1907 x=2057 y=733 rdpei=0x7f74e0214070 fallback=0
[17:51:32:688] [47174:0000b848] [DEBUG][com.freerdp.client.x11] - [xf_input_touch_remote]: touch_remote: ev=Update id=1907 x=2057 y=734 rdpei=0x7f74e0214070 fallback=0
[17:51:32:698] [47174:0000b848] [DEBUG][com.freerdp.client.x11] - [xf_input_touch_remote]: touch_remote: ev=Update id=1907 x=2057 y=733 rdpei=0x7f74e0214070 fallback=0
[17:51:32:708] [47174:0000b848] [DEBUG][com.freerdp.client.x11] - [xf_input_touch_remote]: touch_remote: ev=Update id=1907 x=2056 y=733 rdpei=0x7f74e0214070 fallback=0
[17:51:32:718] [47174:0000b848] [DEBUG][com.freerdp.client.x11] - [xf_input_touch_remote]: touch_remote: ev=Update id=1907 x=2056 y=733 rdpei=0x7f74e0214070 fallback=0
[17:51:32:748] [47174:0000b848] [DEBUG][com.freerdp.client.x11] - [xf_input_touch_remote]: touch_remote: ev=Update id=1907 x=2056 y=733 rdpei=0x7f74e0214070 fallback=0
[17:51:32:758] [47174:0000b848] [DEBUG][com.freerdp.client.x11] - [xf_input_touch_remote]: touch_remote: ev=Update id=1907 x=2056 y=733 rdpei=0x7f74e0214070 fallback=0
[17:51:32:789] [47174:0000b848] [DEBUG][com.freerdp.client.x11] - [xf_input_touch_remote]: touch_remote: ev=Update id=1907 x=2057 y=733 rdpei=0x7f74e0214070 fallback=0
[17:51:32:799] [47174:0000b848] [DEBUG][com.freerdp.client.x11] - [xf_input_touch_remote]: touch_remote: ev=Update id=1907 x=2057 y=734 rdpei=0x7f74e0214070 fallback=0
[17:51:32:809] [47174:0000b848] [DEBUG][com.freerdp.client.x11] - [xf_input_touch_remote]: touch_remote: ev=Update id=1907 x=2057 y=733 rdpei=0x7f74e0214070 fallback=0
[17:51:32:819] [47174:0000b848] [DEBUG][com.freerdp.client.x11] - [xf_input_touch_remote]: touch_remote: ev=Update id=1907 x=2056 y=733 rdpei=0x7f74e0214070 fallback=0
[17:51:32:839] [47174:0000b848] [DEBUG][com.freerdp.client.x11] - [xf_input_touch_remote]: touch_remote: ev=Update id=1907 x=2056 y=733 rdpei=0x7f74e0214070 fallback=0
[17:51:32:879] [47174:0000b848] [DEBUG][com.freerdp.client.x11] - [xf_input_touch_remote]: touch_remote: ev=Update id=1907 x=2056 y=733 rdpei=0x7f74e0214070 fallback=0
[17:51:32:889] [47174:0000b848] [DEBUG][com.freerdp.client.x11] - [xf_input_touch_remote]: touch_remote: ev=Update id=1907 x=2056 y=733 rdpei=0x7f74e0214070 fallback=0
[17:51:32:910] [47174:0000b848] [DEBUG][com.freerdp.client.x11] - [xf_input_touch_remote]: touch_remote: ev=Update id=1907 x=2056 y=733 rdpei=0x7f74e0214070 fallback=0
[17:51:32:920] [47174:0000b848] [DEBUG][com.freerdp.client.x11] - [xf_input_touch_remote]: touch_remote: ev=Update id=1907 x=2056 y=733 rdpei=0x7f74e0214070 fallback=0
[17:51:32:950] [47174:0000b848] [DEBUG][com.freerdp.client.x11] - [xf_input_touch_remote]: touch_remote: ev=Update id=1907 x=2056 y=734 rdpei=0x7f74e0214070 fallback=0
[17:51:32:960] [47174:0000b848] [DEBUG][com.freerdp.client.x11] - [xf_input_touch_remote]: touch_remote: ev=Update id=1907 x=2056 y=733 rdpei=0x7f74e0214070 fallback=0
[17:51:33:000] [47174:0000b848] [DEBUG][com.freerdp.client.x11] - [xf_input_touch_remote]: touch_remote: ev=Update id=1907 x=2056 y=733 rdpei=0x7f74e0214070 fallback=0
[17:51:33:011] [47174:0000b848] [DEBUG][com.freerdp.client.x11] - [xf_input_touch_remote]: touch_remote: ev=Update id=1907 x=2056 y=733 rdpei=0x7f74e0214070 fallback=0
[17:51:33:020] [47174:0000b848] [DEBUG][com.freerdp.client.x11] - [xf_input_touch_remote]: touch_remote: ev=Update id=1907 x=2056 y=733 rdpei=0x7f74e0214070 fallback=0
[17:51:33:031] [47174:0000b848] [DEBUG][com.freerdp.client.x11] - [xf_input_touch_remote]: touch_remote: ev=Update id=1907 x=2056 y=733 rdpei=0x7f74e0214070 fallback=0
[17:51:33:041] [47174:0000b848] [DEBUG][com.freerdp.client.x11] - [xf_input_touch_remote]: touch_remote: ev=Update id=1907 x=2056 y=733 rdpei=0x7f74e0214070 fallback=0
[17:51:33:051] [47174:0000b848] [DEBUG][com.freerdp.client.x11] - [xf_input_touch_remote]: touch_remote: ev=Update id=1907 x=2056 y=733 rdpei=0x7f74e0214070 fallback=0
[17:51:33:061] [47174:0000b848] [DEBUG][com.freerdp.client.x11] - [xf_input_touch_remote]: touch_remote: ev=Update id=1907 x=2056 y=733 rdpei=0x7f74e0214070 fallback=0
[17:51:33:091] [47174:0000b848] [DEBUG][com.freerdp.client.x11] - [xf_input_touch_remote]: touch_remote: ev=Update id=1907 x=2056 y=733 rdpei=0x7f74e0214070 fallback=0
[17:51:33:101] [47174:0000b848] [DEBUG][com.freerdp.client.x11] - [xf_input_touch_remote]: touch_remote: ev=Update id=1907 x=2056 y=733 rdpei=0x7f74e0214070 fallback=0
[17:51:33:111] [47174:0000b848] [DEBUG][com.freerdp.client.x11] - [xf_input_touch_remote]: touch_remote: ev=Update id=1907 x=2056 y=733 rdpei=0x7f74e0214070 fallback=0
[17:51:33:142] [47174:0000b848] [DEBUG][com.freerdp.client.x11] - [xf_input_touch_remote]: touch_remote: ev=Update id=1907 x=2056 y=734 rdpei=0x7f74e0214070 fallback=0
[17:51:33:152] [47174:0000b848] [DEBUG][com.freerdp.client.x11] - [xf_input_touch_remote]: touch_remote: ev=Update id=1907 x=2056 y=733 rdpei=0x7f74e0214070 fallback=0
[17:51:33:172] [47174:0000b848] [DEBUG][com.freerdp.client.x11] - [xf_input_touch_remote]: touch_remote: ev=Update id=1907 x=2056 y=733 rdpei=0x7f74e0214070 fallback=0
[17:51:33:192] [47174:0000b848] [DEBUG][com.freerdp.client.x11] - [xf_input_touch_remote]: touch_remote: ev=Update id=1907 x=2056 y=733 rdpei=0x7f74e0214070 fallback=0
[17:51:33:212] [47174:0000b848] [DEBUG][com.freerdp.client.x11] - [xf_input_touch_remote]: touch_remote: ev=Update id=1907 x=2056 y=733 rdpei=0x7f74e0214070 fallback=0
[17:51:33:232] [47174:0000b848] [DEBUG][com.freerdp.client.x11] - [xf_input_touch_remote]: touch_remote: ev=Update id=1907 x=2056 y=733 rdpei=0x7f74e0214070 fallback=0
[17:51:33:242] [47174:0000b848] [DEBUG][com.freerdp.client.x11] - [xf_input_touch_remote]: touch_remote: ev=Update id=1907 x=2056 y=734 rdpei=0x7f74e0214070 fallback=0
[17:51:33:273] [47174:0000b848] [DEBUG][com.freerdp.client.x11] - [xf_input_touch_remote]: touch_remote: ev=Update id=1907 x=2056 y=733 rdpei=0x7f74e0214070 fallback=0
[17:51:33:283] [47174:0000b848] [DEBUG][com.freerdp.client.x11] - [xf_input_touch_remote]: touch_remote: ev=Update id=1907 x=2056 y=733 rdpei=0x7f74e0214070 fallback=0
[17:51:33:313] [47174:0000b848] [DEBUG][com.freerdp.client.x11] - [xf_input_touch_remote]: touch_remote: ev=Update id=1907 x=2056 y=733 rdpei=0x7f74e0214070 fallback=0
[17:51:33:323] [47174:0000b848] [DEBUG][com.freerdp.client.x11] - [xf_input_touch_remote]: touch_remote: ev=Update id=1907 x=2056 y=734 rdpei=0x7f74e0214070 fallback=0
[17:51:33:343] [47174:0000b848] [DEBUG][com.freerdp.client.x11] - [xf_input_touch_remote]: touch_remote: ev=Update id=1907 x=2055 y=733 rdpei=0x7f74e0214070 fallback=0
[17:51:33:363] [47174:0000b848] [DEBUG][com.freerdp.client.x11] - [xf_input_touch_remote]: touch_remote: ev=Update id=1907 x=2056 y=733 rdpei=0x7f74e0214070 fallback=0
[17:51:33:373] [47174:0000b848] [DEBUG][com.freerdp.client.x11] - [xf_input_touch_remote]: touch_remote: ev=Update id=1907 x=2056 y=734 rdpei=0x7f74e0214070 fallback=0
[17:51:33:424] [47174:0000b848] [DEBUG][com.freerdp.client.x11] - [xf_input_touch_remote]: touch_remote: ev=Update id=1907 x=2056 y=733 rdpei=0x7f74e0214070 fallback=0
[17:51:33:485] [47174:0000b848] [DEBUG][com.freerdp.client.x11] - [xf_input_touch_remote]: touch_remote: ev=Update id=1907 x=2056 y=733 rdpei=0x7f74e0214070 fallback=0
[17:51:33:495] [47174:0000b848] [DEBUG][com.freerdp.client.x11] - [xf_input_touch_remote]: touch_remote: ev=Update id=1907 x=2056 y=733 rdpei=0x7f74e0214070 fallback=0
[17:51:33:515] [47174:0000b848] [DEBUG][com.freerdp.client.x11] - [xf_input_touch_remote]: touch_remote: ev=Update id=1907 x=2056 y=734 rdpei=0x7f74e0214070 fallback=0
[17:51:33:524] [47174:0000b848] [DEBUG][com.freerdp.client.x11] - [xf_input_touch_remote]: touch_remote: ev=Update id=1907 x=2056 y=733 rdpei=0x7f74e0214070 fallback=0
[17:51:33:555] [47174:0000b848] [DEBUG][com.freerdp.client.x11] - [xf_input_touch_remote]: touch_remote: ev=Update id=1907 x=2056 y=733 rdpei=0x7f74e0214070 fallback=0
[17:51:33:565] [47174:0000b848] [DEBUG][com.freerdp.client.x11] - [xf_input_touch_remote]: touch_remote: ev=Update id=1907 x=2056 y=733 rdpei=0x7f74e0214070 fallback=0
[17:51:33:585] [47174:0000b848] [DEBUG][com.freerdp.client.x11] - [xf_input_touch_remote]: touch_remote: ev=Update id=1907 x=2056 y=734 rdpei=0x7f74e0214070 fallback=0
[17:51:33:596] [47174:0000b848] [DEBUG][com.freerdp.client.x11] - [xf_input_touch_remote]: touch_remote: ev=Update id=1907 x=2056 y=734 rdpei=0x7f74e0214070 fallback=0
[17:51:33:605] [47174:0000b848] [DEBUG][com.freerdp.client.x11] - [xf_input_touch_remote]: touch_remote: ev=Update id=1907 x=2056 y=734 rdpei=0x7f74e0214070 fallback=0
[17:51:33:626] [47174:0000b848] [DEBUG][com.freerdp.client.x11] - [xf_input_touch_remote]: touch_remote: ev=Update id=1907 x=2056 y=733 rdpei=0x7f74e0214070 fallback=0
[17:51:33:646] [47174:0000b848] [DEBUG][com.freerdp.client.x11] - [xf_input_touch_remote]: touch_remote: ev=Update id=1907 x=2056 y=733 rdpei=0x7f74e0214070 fallback=0
[17:51:33:696] [47174:0000b848] [DEBUG][com.freerdp.client.x11] - [xf_input_touch_remote]: touch_remote: ev=Update id=1907 x=2056 y=734 rdpei=0x7f74e0214070 fallback=0
[17:51:33:716] [47174:0000b848] [DEBUG][com.freerdp.client.x11] - [xf_input_touch_remote]: touch_remote: ev=Update id=1907 x=2056 y=733 rdpei=0x7f74e0214070 fallback=0
[17:51:33:726] [47174:0000b848] [DEBUG][com.freerdp.client.x11] - [xf_input_touch_remote]: touch_remote: ev=Update id=1907 x=2056 y=733 rdpei=0x7f74e0214070 fallback=0
[17:51:33:746] [47174:0000b848] [DEBUG][com.freerdp.client.x11] - [xf_input_touch_remote]: touch_remote: ev=Update id=1907 x=2056 y=733 rdpei=0x7f74e0214070 fallback=0
[17:51:33:757] [47174:0000b848] [DEBUG][com.freerdp.client.x11] - [xf_input_touch_remote]: touch_remote: ev=Update id=1907 x=2057 y=734 rdpei=0x7f74e0214070 fallback=0
[17:51:33:766] [47174:0000b848] [DEBUG][com.freerdp.client.x11] - [xf_input_touch_remote]: touch_remote: ev=Update id=1907 x=2057 y=733 rdpei=0x7f74e0214070 fallback=0
[17:51:33:787] [47174:0000b848] [DEBUG][com.freerdp.client.x11] - [xf_input_touch_remote]: touch_remote: ev=Update id=1907 x=2056 y=733 rdpei=0x7f74e0214070 fallback=0
[17:51:33:797] [47174:0000b848] [DEBUG][com.freerdp.client.x11] - [xf_input_touch_remote]: touch_remote: ev=Update id=1907 x=2057 y=734 rdpei=0x7f74e0214070 fallback=0
[17:51:33:827] [47174:0000b848] [DEBUG][com.freerdp.client.x11] - [xf_input_touch_remote]: touch_remote: ev=Update id=1907 x=2057 y=734 rdpei=0x7f74e0214070 fallback=0
[17:51:33:837] [47174:0000b848] [DEBUG][com.freerdp.client.x11] - [xf_input_touch_remote]: touch_remote: ev=Update id=1907 x=2057 y=734 rdpei=0x7f74e0214070 fallback=0
[17:51:33:847] [47174:0000b848] [DEBUG][com.freerdp.client.x11] - [xf_input_touch_remote]: touch_remote: ev=Update id=1907 x=2058 y=734 rdpei=0x7f74e0214070 fallback=0
[17:51:33:857] [47174:0000b848] [DEBUG][com.freerdp.client.x11] - [xf_input_touch_remote]: touch_remote: ev=Update id=1907 x=2060 y=735 rdpei=0x7f74e0214070 fallback=0
[17:51:33:867] [47174:0000b848] [DEBUG][com.freerdp.client.x11] - [xf_input_touch_remote]: touch_remote: ev=Update id=1907 x=2060 y=736 rdpei=0x7f74e0214070 fallback=0
[17:51:33:877] [47174:0000b848] [DEBUG][com.freerdp.client.x11] - [xf_input_touch_remote]: touch_remote: ev=End id=1907 x=2060 y=736 rdpei=0x7f74e0214070 fallback=0
[17:51:34:110] [47174:0000b848] [DEBUG][com.freerdp.client.x11] - [xf_input_handle_event_remote]: checking for pen
[17:51:34:111] [47174:0000b848] [DEBUG][com.freerdp.client.x11] - [xf_input_touch_remote]: touch_remote: ev=Begin id=1908 x=1921 y=1080 rdpei=0x7f74e0214070 fallback=0
[17:51:34:111] [47174:0000b848] [DEBUG][com.freerdp.client.x11] - [xf_input_touch_remote]: touch_remote: ev=Other id=1908 x=0 y=0 rdpei=0x7f74e0214070 fallback=0
[17:51:34:119] [47174:0000b848] [DEBUG][com.freerdp.client.x11] - [xf_input_touch_remote]: touch_remote: ev=Update id=1908 x=1920 y=1080 rdpei=0x7f74e0214070 fallback=0
[17:51:34:130] [47174:0000b848] [DEBUG][com.freerdp.client.x11] - [xf_input_touch_remote]: touch_remote: ev=Update id=1908 x=1921 y=1081 rdpei=0x7f74e0214070 fallback=0
[17:51:34:160] [47174:0000b848] [DEBUG][com.freerdp.client.x11] - [xf_input_touch_remote]: touch_remote: ev=Update id=1908 x=1921 y=1080 rdpei=0x7f74e0214070 fallback=0
[17:51:34:170] [47174:0000b848] [DEBUG][com.freerdp.client.x11] - [xf_input_touch_remote]: touch_remote: ev=Update id=1908 x=1921 y=1081 rdpei=0x7f74e0214070 fallback=0
[17:51:34:180] [47174:0000b848] [DEBUG][com.freerdp.client.x11] - [xf_input_touch_remote]: touch_remote: ev=Update id=1908 x=1921 y=1081 rdpei=0x7f74e0214070 fallback=0
[17:51:34:190] [47174:0000b848] [DEBUG][com.freerdp.client.x11] - [xf_input_touch_remote]: touch_remote: ev=Update id=1908 x=1921 y=1081 rdpei=0x7f74e0214070 fallback=0
[17:51:34:200] [47174:0000b848] [DEBUG][com.freerdp.client.x11] - [xf_input_touch_remote]: touch_remote: ev=Update id=1908 x=1921 y=1081 rdpei=0x7f74e0214070 fallback=0
[17:51:34:210] [47174:0000b848] [DEBUG][com.freerdp.client.x11] - [xf_input_touch_remote]: touch_remote: ev=Update id=1908 x=1921 y=1080 rdpei=0x7f74e0214070 fallback=0
[17:51:34:220] [47174:0000b848] [DEBUG][com.freerdp.client.x11] - [xf_input_touch_remote]: touch_remote: ev=Update id=1908 x=1921 y=1081 rdpei=0x7f74e0214070 fallback=0
[17:51:34:230] [47174:0000b848] [DEBUG][com.freerdp.client.x11] - [xf_input_touch_remote]: touch_remote: ev=Update id=1908 x=1921 y=1081 rdpei=0x7f74e0214070 fallback=0
[17:51:34:240] [47174:0000b848] [DEBUG][com.freerdp.client.x11] - [xf_input_touch_remote]: touch_remote: ev=Update id=1908 x=1921 y=1081 rdpei=0x7f74e0214070 fallback=0
[17:51:34:250] [47174:0000b848] [DEBUG][com.freerdp.client.x11] - [xf_input_touch_remote]: touch_remote: ev=Update id=1908 x=1921 y=1081 rdpei=0x7f74e0214070 fallback=0
[17:51:34:260] [47174:0000b848] [DEBUG][com.freerdp.client.x11] - [xf_input_touch_remote]: touch_remote: ev=Update id=1908 x=1921 y=1081 rdpei=0x7f74e0214070 fallback=0
[17:51:34:281] [47174:0000b848] [DEBUG][com.freerdp.client.x11] - [xf_input_touch_remote]: touch_remote: ev=Update id=1908 x=1921 y=1081 rdpei=0x7f74e0214070 fallback=0
[17:51:34:291] [47174:0000b848] [DEBUG][com.freerdp.client.x11] - [xf_input_touch_remote]: touch_remote: ev=Update id=1908 x=1921 y=1081 rdpei=0x7f74e0214070 fallback=0
[17:51:34:301] [47174:0000b848] [DEBUG][com.freerdp.client.x11] - [xf_input_touch_remote]: touch_remote: ev=Update id=1908 x=1921 y=1081 rdpei=0x7f74e0214070 fallback=0
[17:51:34:321] [47174:0000b848] [DEBUG][com.freerdp.client.x11] - [xf_input_touch_remote]: touch_remote: ev=Update id=1908 x=1921 y=1081 rdpei=0x7f74e0214070 fallback=0
[17:51:34:331] [47174:0000b848] [DEBUG][com.freerdp.client.x11] - [xf_input_touch_remote]: touch_remote: ev=Update id=1908 x=1921 y=1081 rdpei=0x7f74e0214070 fallback=0
[17:51:34:351] [47174:0000b848] [DEBUG][com.freerdp.client.x11] - [xf_input_touch_remote]: touch_remote: ev=Update id=1908 x=1921 y=1081 rdpei=0x7f74e0214070 fallback=0
[17:51:34:361] [47174:0000b848] [DEBUG][com.freerdp.client.x11] - [xf_input_touch_remote]: touch_remote: ev=Update id=1908 x=1921 y=1081 rdpei=0x7f74e0214070 fallback=0
[17:51:34:382] [47174:0000b848] [DEBUG][com.freerdp.client.x11] - [xf_input_touch_remote]: touch_remote: ev=Update id=1908 x=1921 y=1081 rdpei=0x7f74e0214070 fallback=0
[17:51:34:392] [47174:0000b848] [DEBUG][com.freerdp.client.x11] - [xf_input_touch_remote]: touch_remote: ev=Update id=1908 x=1921 y=1081 rdpei=0x7f74e0214070 fallback=0
[17:51:34:402] [47174:0000b848] [DEBUG][com.freerdp.client.x11] - [xf_input_touch_remote]: touch_remote: ev=Update id=1908 x=1921 y=1082 rdpei=0x7f74e0214070 fallback=0
[17:51:34:432] [47174:0000b848] [DEBUG][com.freerdp.client.x11] - [xf_input_touch_remote]: touch_remote: ev=Update id=1908 x=1921 y=1081 rdpei=0x7f74e0214070 fallback=0
[17:51:34:442] [47174:0000b848] [DEBUG][com.freerdp.client.x11] - [xf_input_touch_remote]: touch_remote: ev=Update id=1908 x=1921 y=1081 rdpei=0x7f74e0214070 fallback=0
[17:51:34:452] [47174:0000b848] [DEBUG][com.freerdp.client.x11] - [xf_input_touch_remote]: touch_remote: ev=Update id=1908 x=1921 y=1081 rdpei=0x7f74e0214070 fallback=0
[17:51:34:462] [47174:0000b848] [DEBUG][com.freerdp.client.x11] - [xf_input_touch_remote]: touch_remote: ev=Update id=1908 x=1921 y=1081 rdpei=0x7f74e0214070 fallback=0
[17:51:34:473] [47174:0000b848] [DEBUG][com.freerdp.client.x11] - [xf_input_touch_remote]: touch_remote: ev=Update id=1908 x=1921 y=1081 rdpei=0x7f74e0214070 fallback=0
[17:51:34:492] [47174:0000b848] [DEBUG][com.freerdp.client.x11] - [xf_input_touch_remote]: touch_remote: ev=Update id=1908 x=1921 y=1081 rdpei=0x7f74e0214070 fallback=0
[17:51:34:513] [47174:0000b848] [DEBUG][com.freerdp.client.x11] - [xf_input_touch_remote]: touch_remote: ev=Update id=1908 x=1921 y=1081 rdpei=0x7f74e0214070 fallback=0
[17:51:34:533] [47174:0000b848] [DEBUG][com.freerdp.client.x11] - [xf_input_touch_remote]: touch_remote: ev=Update id=1908 x=1921 y=1081 rdpei=0x7f74e0214070 fallback=0
[17:51:34:604] [47174:0000b848] [DEBUG][com.freerdp.client.x11] - [xf_input_touch_remote]: touch_remote: ev=Update id=1908 x=1921 y=1082 rdpei=0x7f74e0214070 fallback=0
[17:51:34:614] [47174:0000b848] [DEBUG][com.freerdp.client.x11] - [xf_input_touch_remote]: touch_remote: ev=Update id=1908 x=1921 y=1081 rdpei=0x7f74e0214070 fallback=0
[17:51:34:634] [47174:0000b848] [DEBUG][com.freerdp.client.x11] - [xf_input_touch_remote]: touch_remote: ev=Update id=1908 x=1921 y=1081 rdpei=0x7f74e0214070 fallback=0
[17:51:34:643] [47174:0000b848] [DEBUG][com.freerdp.client.x11] - [xf_input_touch_remote]: touch_remote: ev=Update id=1908 x=1921 y=1081 rdpei=0x7f74e0214070 fallback=0
[17:51:34:654] [47174:0000b848] [DEBUG][com.freerdp.client.x11] - [xf_input_touch_remote]: touch_remote: ev=Update id=1908 x=1921 y=1081 rdpei=0x7f74e0214070 fallback=0
[17:51:34:674] [47174:0000b848] [DEBUG][com.freerdp.client.x11] - [xf_input_touch_remote]: touch_remote: ev=Update id=1908 x=1922 y=1081 rdpei=0x7f74e0214070 fallback=0
[17:51:34:684] [47174:0000b848] [DEBUG][com.freerdp.client.x11] - [xf_input_touch_remote]: touch_remote: ev=Update id=1908 x=1922 y=1082 rdpei=0x7f74e0214070 fallback=0
[17:51:34:704] [47174:0000b848] [DEBUG][com.freerdp.client.x11] - [xf_input_touch_remote]: touch_remote: ev=Update id=1908 x=1922 y=1082 rdpei=0x7f74e0214070 fallback=0
[17:51:34:714] [47174:0000b848] [DEBUG][com.freerdp.client.x11] - [xf_input_touch_remote]: touch_remote: ev=Update id=1908 x=1922 y=1082 rdpei=0x7f74e0214070 fallback=0
[17:51:34:735] [47174:0000b848] [DEBUG][com.freerdp.client.x11] - [xf_input_touch_remote]: touch_remote: ev=Update id=1908 x=1922 y=1081 rdpei=0x7f74e0214070 fallback=0
[17:51:34:755] [47174:0000b848] [DEBUG][com.freerdp.client.x11] - [xf_input_touch_remote]: touch_remote: ev=Update id=1908 x=1922 y=1081 rdpei=0x7f74e0214070 fallback=0
[17:51:34:765] [47174:0000b848] [DEBUG][com.freerdp.client.x11] - [xf_input_touch_remote]: touch_remote: ev=Update id=1908 x=1922 y=1081 rdpei=0x7f74e0214070 fallback=0
[17:51:34:785] [47174:0000b848] [DEBUG][com.freerdp.client.x11] - [xf_input_touch_remote]: touch_remote: ev=Update id=1908 x=1922 y=1082 rdpei=0x7f74e0214070 fallback=0
[17:51:34:795] [47174:0000b848] [DEBUG][com.freerdp.client.x11] - [xf_input_touch_remote]: touch_remote: ev=Update id=1908 x=1922 y=1082 rdpei=0x7f74e0214070 fallback=0
[17:51:34:805] [47174:0000b848] [DEBUG][com.freerdp.client.x11] - [xf_input_touch_remote]: touch_remote: ev=Update id=1908 x=1922 y=1082 rdpei=0x7f74e0214070 fallback=0
[17:51:34:825] [47174:0000b848] [DEBUG][com.freerdp.client.x11] - [xf_input_touch_remote]: touch_remote: ev=Update id=1908 x=1921 y=1082 rdpei=0x7f74e0214070 fallback=0
[17:51:34:845] [47174:0000b848] [DEBUG][com.freerdp.client.x11] - [xf_input_touch_remote]: touch_remote: ev=Update id=1908 x=1921 y=1081 rdpei=0x7f74e0214070 fallback=0
[17:51:34:855] [47174:0000b848] [DEBUG][com.freerdp.client.x11] - [xf_input_touch_remote]: touch_remote: ev=Update id=1908 x=1922 y=1082 rdpei=0x7f74e0214070 fallback=0
[17:51:34:876] [47174:0000b848] [DEBUG][com.freerdp.client.x11] - [xf_input_touch_remote]: touch_remote: ev=Update id=1908 x=1922 y=1082 rdpei=0x7f74e0214070 fallback=0
[17:51:34:906] [47174:0000b848] [DEBUG][com.freerdp.client.x11] - [xf_input_touch_remote]: touch_remote: ev=Update id=1908 x=1921 y=1082 rdpei=0x7f74e0214070 fallback=0
[17:51:34:936] [47174:0000b848] [DEBUG][com.freerdp.client.x11] - [xf_input_touch_remote]: touch_remote: ev=Update id=1908 x=1922 y=1081 rdpei=0x7f74e0214070 fallback=0
[17:51:34:956] [47174:0000b848] [DEBUG][com.freerdp.client.x11] - [xf_input_touch_remote]: touch_remote: ev=Update id=1908 x=1922 y=1082 rdpei=0x7f74e0214070 fallback=0
[17:51:34:966] [47174:0000b848] [DEBUG][com.freerdp.client.x11] - [xf_input_touch_remote]: touch_remote: ev=Update id=1908 x=1922 y=1082 rdpei=0x7f74e0214070 fallback=0
[17:51:35:003] [47174:0000b848] [DEBUG][com.freerdp.client.x11] - [xf_input_touch_remote]: touch_remote: ev=Update id=1908 x=1922 y=1082 rdpei=0x7f74e0214070 fallback=0
[17:51:35:043] [47174:0000b848] [DEBUG][com.freerdp.client.x11] - [xf_input_touch_remote]: touch_remote: ev=Update id=1908 x=1922 y=1081 rdpei=0x7f74e0214070 fallback=0
[17:51:35:093] [47174:0000b848] [DEBUG][com.freerdp.client.x11] - [xf_input_touch_remote]: touch_remote: ev=Update id=1908 x=1922 y=1082 rdpei=0x7f74e0214070 fallback=0
[17:51:35:103] [47174:0000b848] [DEBUG][com.freerdp.client.x11] - [xf_input_touch_remote]: touch_remote: ev=Update id=1908 x=1922 y=1081 rdpei=0x7f74e0214070 fallback=0
[17:51:35:114] [47174:0000b848] [DEBUG][com.freerdp.client.x11] - [xf_input_touch_remote]: touch_remote: ev=Update id=1908 x=1922 y=1082 rdpei=0x7f74e0214070 fallback=0
[17:51:35:123] [47174:0000b848] [DEBUG][com.freerdp.client.x11] - [xf_input_touch_remote]: touch_remote: ev=Update id=1908 x=1922 y=1081 rdpei=0x7f74e0214070 fallback=0
[17:51:35:164] [47174:0000b848] [DEBUG][com.freerdp.client.x11] - [xf_input_touch_remote]: touch_remote: ev=Update id=1908 x=1923 y=1082 rdpei=0x7f74e0214070 fallback=0
[17:51:35:174] [47174:0000b848] [DEBUG][com.freerdp.client.x11] - [xf_input_touch_remote]: touch_remote: ev=Update id=1908 x=1922 y=1082 rdpei=0x7f74e0214070 fallback=0
[17:51:35:184] [47174:0000b848] [DEBUG][com.freerdp.client.x11] - [xf_input_touch_remote]: touch_remote: ev=Update id=1908 x=1922 y=1082 rdpei=0x7f74e0214070 fallback=0
[17:51:35:194] [47174:0000b848] [DEBUG][com.freerdp.client.x11] - [xf_input_touch_remote]: touch_remote: ev=Update id=1908 x=1922 y=1082 rdpei=0x7f74e0214070 fallback=0
[17:51:35:245] [47174:0000b848] [DEBUG][com.freerdp.client.x11] - [xf_input_touch_remote]: touch_remote: ev=Update id=1908 x=1923 y=1082 rdpei=0x7f74e0214070 fallback=0
[17:51:35:265] [47174:0000b848] [DEBUG][com.freerdp.client.x11] - [xf_input_touch_remote]: touch_remote: ev=Update id=1908 x=1922 y=1082 rdpei=0x7f74e0214070 fallback=0
[17:51:35:295] [47174:0000b848] [DEBUG][com.freerdp.client.x11] - [xf_input_touch_remote]: touch_remote: ev=Update id=1908 x=1923 y=1082 rdpei=0x7f74e0214070 fallback=0
[17:51:35:305] [47174:0000b848] [DEBUG][com.freerdp.client.x11] - [xf_input_touch_remote]: touch_remote: ev=Update id=1908 x=1923 y=1082 rdpei=0x7f74e0214070 fallback=0
[17:51:35:325] [47174:0000b848] [DEBUG][com.freerdp.client.x11] - [xf_input_touch_remote]: touch_remote: ev=Update id=1908 x=1922 y=1082 rdpei=0x7f74e0214070 fallback=0
[17:51:35:336] [47174:0000b848] [DEBUG][com.freerdp.client.x11] - [xf_input_touch_remote]: touch_remote: ev=Update id=1908 x=1922 y=1082 rdpei=0x7f74e0214070 fallback=0
[17:51:35:355] [47174:0000b848] [DEBUG][com.freerdp.client.x11] - [xf_input_touch_remote]: touch_remote: ev=Update id=1908 x=1923 y=1082 rdpei=0x7f74e0214070 fallback=0
[17:51:35:365] [47174:0000b848] [DEBUG][com.freerdp.client.x11] - [xf_input_touch_remote]: touch_remote: ev=Update id=1908 x=1922 y=1082 rdpei=0x7f74e0214070 fallback=0
[17:51:35:376] [47174:0000b848] [DEBUG][com.freerdp.client.x11] - [xf_input_touch_remote]: touch_remote: ev=Update id=1908 x=1923 y=1082 rdpei=0x7f74e0214070 fallback=0
[17:51:35:396] [47174:0000b848] [DEBUG][com.freerdp.client.x11] - [xf_input_touch_remote]: touch_remote: ev=Update id=1908 x=1923 y=1082 rdpei=0x7f74e0214070 fallback=0
[17:51:35:406] [47174:0000b848] [DEBUG][com.freerdp.client.x11] - [xf_input_touch_remote]: touch_remote: ev=Update id=1908 x=1922 y=1082 rdpei=0x7f74e0214070 fallback=0
[17:51:35:416] [47174:0000b848] [DEBUG][com.freerdp.client.x11] - [xf_input_touch_remote]: touch_remote: ev=Update id=1908 x=1923 y=1082 rdpei=0x7f74e0214070 fallback=0
[17:51:35:476] [47174:0000b848] [DEBUG][com.freerdp.client.x11] - [xf_input_touch_remote]: touch_remote: ev=Update id=1908 x=1922 y=1082 rdpei=0x7f74e0214070 fallback=0
[17:51:35:496] [47174:0000b848] [DEBUG][com.freerdp.client.x11] - [xf_input_touch_remote]: touch_remote: ev=Update id=1908 x=1923 y=1082 rdpei=0x7f74e0214070 fallback=0
[17:51:35:547] [47174:0000b848] [DEBUG][com.freerdp.client.x11] - [xf_input_touch_remote]: touch_remote: ev=Update id=1908 x=1923 y=1082 rdpei=0x7f74e0214070 fallback=0
[17:51:35:567] [47174:0000b848] [DEBUG][com.freerdp.client.x11] - [xf_input_touch_remote]: touch_remote: ev=Update id=1908 x=1923 y=1082 rdpei=0x7f74e0214070 fallback=0
[17:51:35:577] [47174:0000b848] [DEBUG][com.freerdp.client.x11] - [xf_input_touch_remote]: touch_remote: ev=Update id=1908 x=1923 y=1082 rdpei=0x7f74e0214070 fallback=0
[17:51:35:587] [47174:0000b848] [DEBUG][com.freerdp.client.x11] - [xf_input_touch_remote]: touch_remote: ev=Update id=1908 x=1923 y=1082 rdpei=0x7f74e0214070 fallback=0
[17:51:35:597] [47174:0000b848] [DEBUG][com.freerdp.client.x11] - [xf_input_touch_remote]: touch_remote: ev=Update id=1908 x=1923 y=1083 rdpei=0x7f74e0214070 fallback=0
[17:51:35:607] [47174:0000b848] [DEBUG][com.freerdp.client.x11] - [xf_input_touch_remote]: touch_remote: ev=Update id=1908 x=1923 y=1082 rdpei=0x7f74e0214070 fallback=0
[17:51:35:628] [47174:0000b848] [DEBUG][com.freerdp.client.x11] - [xf_input_touch_remote]: touch_remote: ev=Update id=1908 x=1923 y=1082 rdpei=0x7f74e0214070 fallback=0
[17:51:35:648] [47174:0000b848] [DEBUG][com.freerdp.client.x11] - [xf_input_touch_remote]: touch_remote: ev=Update id=1908 x=1923 y=1082 rdpei=0x7f74e0214070 fallback=0
[17:51:35:678] [47174:0000b848] [DEBUG][com.freerdp.client.x11] - [xf_input_touch_remote]: touch_remote: ev=Update id=1908 x=1923 y=1082 rdpei=0x7f74e0214070 fallback=0
[17:51:35:688] [47174:0000b848] [DEBUG][com.freerdp.client.x11] - [xf_input_touch_remote]: touch_remote: ev=Update id=1908 x=1924 y=1082 rdpei=0x7f74e0214070 fallback=0
[17:51:35:699] [47174:0000b848] [DEBUG][com.freerdp.client.x11] - [xf_input_touch_remote]: touch_remote: ev=Update id=1908 x=1923 y=1082 rdpei=0x7f74e0214070 fallback=0
[17:51:35:769] [47174:0000b848] [DEBUG][com.freerdp.client.x11] - [xf_input_touch_remote]: touch_remote: ev=Update id=1908 x=1923 y=1082 rdpei=0x7f74e0214070 fallback=0
[17:51:35:799] [47174:0000b848] [DEBUG][com.freerdp.client.x11] - [xf_input_touch_remote]: touch_remote: ev=Update id=1908 x=1923 y=1082 rdpei=0x7f74e0214070 fallback=0
[17:51:35:809] [47174:0000b848] [DEBUG][com.freerdp.client.x11] - [xf_input_touch_remote]: touch_remote: ev=Update id=1908 x=1923 y=1082 rdpei=0x7f74e0214070 fallback=0
[17:51:35:819] [47174:0000b848] [DEBUG][com.freerdp.client.x11] - [xf_input_touch_remote]: touch_remote: ev=Update id=1908 x=1923 y=1082 rdpei=0x7f74e0214070 fallback=0
[17:51:35:839] [47174:0000b848] [DEBUG][com.freerdp.client.x11] - [xf_input_touch_remote]: touch_remote: ev=Update id=1908 x=1923 y=1082 rdpei=0x7f74e0214070 fallback=0
[17:51:35:860] [47174:0000b848] [DEBUG][com.freerdp.client.x11] - [xf_input_touch_remote]: touch_remote: ev=Update id=1908 x=1922 y=1082 rdpei=0x7f74e0214070 fallback=0
[17:51:35:869] [47174:0000b848] [DEBUG][com.freerdp.client.x11] - [xf_input_touch_remote]: touch_remote: ev=Update id=1908 x=1922 y=1082 rdpei=0x7f74e0214070 fallback=0
[17:51:35:890] [47174:0000b848] [DEBUG][com.freerdp.client.x11] - [xf_input_touch_remote]: touch_remote: ev=Update id=1908 x=1922 y=1081 rdpei=0x7f74e0214070 fallback=0
[17:51:35:910] [47174:0000b848] [DEBUG][com.freerdp.client.x11] - [xf_input_touch_remote]: touch_remote: ev=Update id=1908 x=1921 y=1081 rdpei=0x7f74e0214070 fallback=0
[17:51:35:930] [47174:0000b848] [DEBUG][com.freerdp.client.x11] - [xf_input_touch_remote]: touch_remote: ev=Update id=1908 x=1921 y=1081 rdpei=0x7f74e0214070 fallback=0
[17:51:35:950] [47174:0000b848] [DEBUG][com.freerdp.client.x11] - [xf_input_touch_remote]: touch_remote: ev=Update id=1908 x=1922 y=1081 rdpei=0x7f74e0214070 fallback=0
[17:51:35:960] [47174:0000b848] [DEBUG][com.freerdp.client.x11] - [xf_input_touch_remote]: touch_remote: ev=Update id=1908 x=1922 y=1082 rdpei=0x7f74e0214070 fallback=0
[17:51:35:970] [47174:0000b848] [DEBUG][com.freerdp.client.x11] - [xf_input_touch_remote]: touch_remote: ev=Update id=1908 x=1923 y=1082 rdpei=0x7f74e0214070 fallback=0
[17:51:35:980] [47174:0000b848] [DEBUG][com.freerdp.client.x11] - [xf_input_touch_remote]: touch_remote: ev=Update id=1908 x=1924 y=1083 rdpei=0x7f74e0214070 fallback=0
[17:51:35:990] [47174:0000b848] [DEBUG][com.freerdp.client.x11] - [xf_input_touch_remote]: touch_remote: ev=Update id=1908 x=1925 y=1084 rdpei=0x7f74e0214070 fallback=0
[17:51:36:000] [47174:0000b848] [DEBUG][com.freerdp.client.x11] - [xf_input_touch_remote]: touch_remote: ev=Update id=1908 x=1929 y=1085 rdpei=0x7f74e0214070 fallback=0
[17:51:36:010] [47174:0000b848] [DEBUG][com.freerdp.client.x11] - [xf_input_touch_remote]: touch_remote: ev=Update id=1908 x=1933 y=1087 rdpei=0x7f74e0214070 fallback=0
[17:51:36:020] [47174:0000b848] [DEBUG][com.freerdp.client.x11] - [xf_input_touch_remote]: touch_remote: ev=Update id=1908 x=1936 y=1090 rdpei=0x7f74e0214070 fallback=0
[17:51:36:030] [47174:0000b848] [DEBUG][com.freerdp.client.x11] - [xf_input_touch_remote]: touch_remote: ev=End id=1908 x=1936 y=1090 rdpei=0x7f74e0214070 fallback=0
[17:51:36:424] [47174:0000b848] [DEBUG][com.freerdp.client.x11] - [xf_input_handle_event_remote]: checking for pen
[17:51:36:425] [47174:0000b848] [DEBUG][com.freerdp.client.x11] - [xf_input_touch_remote]: touch_remote: ev=Begin id=1909 x=1453 y=644 rdpei=0x7f74e0214070 fallback=0
[17:51:36:425] [47174:0000b848] [DEBUG][com.freerdp.client.x11] - [xf_input_touch_remote]: touch_remote: ev=Other id=1909 x=0 y=0 rdpei=0x7f74e0214070 fallback=0
[17:51:36:434] [47174:0000b848] [DEBUG][com.freerdp.client.x11] - [xf_input_touch_remote]: touch_remote: ev=Update id=1909 x=1453 y=645 rdpei=0x7f74e0214070 fallback=0
[17:51:36:445] [47174:0000b848] [DEBUG][com.freerdp.client.x11] - [xf_input_touch_remote]: touch_remote: ev=Update id=1909 x=1454 y=645 rdpei=0x7f74e0214070 fallback=0
[17:51:36:445] [47174:0000b848] [DEBUG][com.freerdp.client.x11] - [xf_input_touch_remote]: touch_remote: ev=Begin id=1910 x=2544 y=0 rdpei=0x7f74e0214070 fallback=0
[17:51:36:445] [47174:0000b848] [DEBUG][com.freerdp.client.x11] - [xf_input_touch_remote]: touch_remote: ev=Other id=1910 x=0 y=0 rdpei=0x7f74e0214070 fallback=0
[17:51:36:454] [47174:0000b848] [DEBUG][com.freerdp.client.x11] - [xf_input_touch_remote]: touch_remote: ev=Update id=1909 x=1453 y=645 rdpei=0x7f74e0214070 fallback=0
[17:51:36:454] [47174:0000b848] [DEBUG][com.freerdp.client.x11] - [xf_input_touch_remote]: touch_remote: ev=Update id=1910 x=2547 y=0 rdpei=0x7f74e0214070 fallback=0
[17:51:36:465] [47174:0000b848] [DEBUG][com.freerdp.client.x11] - [xf_input_touch_remote]: touch_remote: ev=Update id=1909 x=1453 y=646 rdpei=0x7f74e0214070 fallback=0
[17:51:36:465] [47174:0000b848] [DEBUG][com.freerdp.client.x11] - [xf_input_touch_remote]: touch_remote: ev=Update id=1910 x=2546 y=0 rdpei=0x7f74e0214070 fallback=0
[17:51:36:474] [47174:0000b848] [DEBUG][com.freerdp.client.x11] - [xf_input_touch_remote]: touch_remote: ev=Update id=1909 x=1454 y=646 rdpei=0x7f74e0214070 fallback=0
[17:51:36:485] [47174:0000b848] [DEBUG][com.freerdp.client.x11] - [xf_input_touch_remote]: touch_remote: ev=Update id=1909 x=1454 y=646 rdpei=0x7f74e0214070 fallback=0
[17:51:36:485] [47174:0000b848] [DEBUG][com.freerdp.client.x11] - [xf_input_touch_remote]: touch_remote: ev=End id=1910 x=2546 y=0 rdpei=0x7f74e0214070 fallback=0
[17:51:36:494] [47174:0000b848] [DEBUG][com.freerdp.client.x11] - [xf_input_touch_remote]: touch_remote: ev=Update id=1909 x=1455 y=647 rdpei=0x7f74e0214070 fallback=0
[17:51:36:505] [47174:0000b848] [DEBUG][com.freerdp.client.x11] - [xf_input_touch_remote]: touch_remote: ev=Update id=1909 x=1455 y=647 rdpei=0x7f74e0214070 fallback=0
[17:51:36:514] [47174:0000b848] [DEBUG][com.freerdp.client.x11] - [xf_input_touch_remote]: touch_remote: ev=Update id=1909 x=1456 y=647 rdpei=0x7f74e0214070 fallback=0
[17:51:36:524] [47174:0000b848] [DEBUG][com.freerdp.client.x11] - [xf_input_touch_remote]: touch_remote: ev=Update id=1909 x=1455 y=646 rdpei=0x7f74e0214070 fallback=0
[17:51:36:535] [47174:0000b848] [DEBUG][com.freerdp.client.x11] - [xf_input_touch_remote]: touch_remote: ev=Update id=1909 x=1456 y=646 rdpei=0x7f74e0214070 fallback=0
[17:51:36:545] [47174:0000b848] [DEBUG][com.freerdp.client.x11] - [xf_input_touch_remote]: touch_remote: ev=Update id=1909 x=1456 y=646 rdpei=0x7f74e0214070 fallback=0
[17:51:36:565] [47174:0000b848] [DEBUG][com.freerdp.client.x11] - [xf_input_touch_remote]: touch_remote: ev=Update id=1909 x=1457 y=647 rdpei=0x7f74e0214070 fallback=0
[17:51:36:575] [47174:0000b848] [DEBUG][com.freerdp.client.x11] - [xf_input_touch_remote]: touch_remote: ev=Update id=1909 x=1457 y=648 rdpei=0x7f74e0214070 fallback=0
[17:51:36:595] [47174:0000b848] [DEBUG][com.freerdp.client.x11] - [xf_input_touch_remote]: touch_remote: ev=Update id=1909 x=1455 y=646 rdpei=0x7f74e0214070 fallback=0
[17:51:36:605] [47174:0000b848] [DEBUG][com.freerdp.client.x11] - [xf_input_touch_remote]: touch_remote: ev=Update id=1909 x=1455 y=646 rdpei=0x7f74e0214070 fallback=0
[17:51:36:626] [47174:0000b848] [DEBUG][com.freerdp.client.x11] - [xf_input_touch_remote]: touch_remote: ev=Update id=1909 x=1455 y=646 rdpei=0x7f74e0214070 fallback=0
[17:51:36:635] [47174:0000b848] [DEBUG][com.freerdp.client.x11] - [xf_input_touch_remote]: touch_remote: ev=Update id=1909 x=1455 y=646 rdpei=0x7f74e0214070 fallback=0
[17:51:36:645] [47174:0000b848] [DEBUG][com.freerdp.client.x11] - [xf_input_touch_remote]: touch_remote: ev=Update id=1909 x=1454 y=645 rdpei=0x7f74e0214070 fallback=0
[17:51:36:656] [47174:0000b848] [DEBUG][com.freerdp.client.x11] - [xf_input_touch_remote]: touch_remote: ev=Update id=1909 x=1454 y=646 rdpei=0x7f74e0214070 fallback=0
[17:51:36:666] [47174:0000b848] [DEBUG][com.freerdp.client.x11] - [xf_input_touch_remote]: touch_remote: ev=Update id=1909 x=1455 y=646 rdpei=0x7f74e0214070 fallback=0
[17:51:36:706] [47174:0000b848] [DEBUG][com.freerdp.client.x11] - [xf_input_touch_remote]: touch_remote: ev=Update id=1909 x=1456 y=647 rdpei=0x7f74e0214070 fallback=0
[17:51:36:716] [47174:0000b848] [DEBUG][com.freerdp.client.x11] - [xf_input_touch_remote]: touch_remote: ev=Update id=1909 x=1456 y=647 rdpei=0x7f74e0214070 fallback=0
[17:51:36:726] [47174:0000b848] [DEBUG][com.freerdp.client.x11] - [xf_input_touch_remote]: touch_remote: ev=Update id=1909 x=1456 y=647 rdpei=0x7f74e0214070 fallback=0
[17:51:36:736] [47174:0000b848] [DEBUG][com.freerdp.client.x11] - [xf_input_touch_remote]: touch_remote: ev=Update id=1909 x=1457 y=647 rdpei=0x7f74e0214070 fallback=0
[17:51:36:746] [47174:0000b848] [DEBUG][com.freerdp.client.x11] - [xf_input_touch_remote]: touch_remote: ev=Update id=1909 x=1455 y=646 rdpei=0x7f74e0214070 fallback=0
[17:51:36:757] [47174:0000b848] [DEBUG][com.freerdp.client.x11] - [xf_input_touch_remote]: touch_remote: ev=Update id=1909 x=1455 y=645 rdpei=0x7f74e0214070 fallback=0
[17:51:36:767] [47174:0000b848] [DEBUG][com.freerdp.client.x11] - [xf_input_touch_remote]: touch_remote: ev=Update id=1909 x=1455 y=646 rdpei=0x7f74e0214070 fallback=0
[17:51:36:776] [47174:0000b848] [DEBUG][com.freerdp.client.x11] - [xf_input_touch_remote]: touch_remote: ev=Update id=1909 x=1455 y=646 rdpei=0x7f74e0214070 fallback=0
[17:51:36:787] [47174:0000b848] [DEBUG][com.freerdp.client.x11] - [xf_input_touch_remote]: touch_remote: ev=Update id=1909 x=1455 y=646 rdpei=0x7f74e0214070 fallback=0
[17:51:36:807] [47174:0000b848] [DEBUG][com.freerdp.client.x11] - [xf_input_touch_remote]: touch_remote: ev=Update id=1909 x=1455 y=646 rdpei=0x7f74e0214070 fallback=0
[17:51:36:847] [47174:0000b848] [DEBUG][com.freerdp.client.x11] - [xf_input_touch_remote]: touch_remote: ev=Update id=1909 x=1455 y=646 rdpei=0x7f74e0214070 fallback=0
[17:51:36:868] [47174:0000b848] [DEBUG][com.freerdp.client.x11] - [xf_input_touch_remote]: touch_remote: ev=Update id=1909 x=1454 y=645 rdpei=0x7f74e0214070 fallback=0
[17:51:36:878] [47174:0000b848] [DEBUG][com.freerdp.client.x11] - [xf_input_touch_remote]: touch_remote: ev=Update id=1909 x=1454 y=646 rdpei=0x7f74e0214070 fallback=0
[17:51:36:888] [47174:0000b848] [DEBUG][com.freerdp.client.x11] - [xf_input_touch_remote]: touch_remote: ev=Update id=1909 x=1454 y=646 rdpei=0x7f74e0214070 fallback=0
[17:51:36:898] [47174:0000b848] [DEBUG][com.freerdp.client.x11] - [xf_input_touch_remote]: touch_remote: ev=Update id=1909 x=1455 y=647 rdpei=0x7f74e0214070 fallback=0
[17:51:36:908] [47174:0000b848] [DEBUG][com.freerdp.client.x11] - [xf_input_touch_remote]: touch_remote: ev=Update id=1909 x=1455 y=647 rdpei=0x7f74e0214070 fallback=0
[17:51:36:928] [47174:0000b848] [DEBUG][com.freerdp.client.x11] - [xf_input_touch_remote]: touch_remote: ev=Update id=1909 x=1456 y=646 rdpei=0x7f74e0214070 fallback=0
[17:51:36:938] [47174:0000b848] [DEBUG][com.freerdp.client.x11] - [xf_input_touch_remote]: touch_remote: ev=Update id=1909 x=1455 y=646 rdpei=0x7f74e0214070 fallback=0
[17:51:36:958] [47174:0000b848] [DEBUG][com.freerdp.client.x11] - [xf_input_touch_remote]: touch_remote: ev=Update id=1909 x=1454 y=646 rdpei=0x7f74e0214070 fallback=0
[17:51:36:988] [47174:0000b848] [DEBUG][com.freerdp.client.x11] - [xf_input_touch_remote]: touch_remote: ev=Update id=1909 x=1455 y=646 rdpei=0x7f74e0214070 fallback=0
[17:51:36:998] [47174:0000b848] [DEBUG][com.freerdp.client.x11] - [xf_input_touch_remote]: touch_remote: ev=Update id=1909 x=1455 y=646 rdpei=0x7f74e0214070 fallback=0
[17:51:37:008] [47174:0000b848] [DEBUG][com.freerdp.client.x11] - [xf_input_touch_remote]: touch_remote: ev=Update id=1909 x=1455 y=646 rdpei=0x7f74e0214070 fallback=0
[17:51:37:029] [47174:0000b848] [DEBUG][com.freerdp.client.x11] - [xf_input_touch_remote]: touch_remote: ev=Update id=1909 x=1455 y=646 rdpei=0x7f74e0214070 fallback=0
[17:51:37:039] [47174:0000b848] [DEBUG][com.freerdp.client.x11] - [xf_input_touch_remote]: touch_remote: ev=Update id=1909 x=1455 y=646 rdpei=0x7f74e0214070 fallback=0
[17:51:37:069] [47174:0000b848] [DEBUG][com.freerdp.client.x11] - [xf_input_touch_remote]: touch_remote: ev=Update id=1909 x=1455 y=646 rdpei=0x7f74e0214070 fallback=0
[17:51:37:079] [47174:0000b848] [DEBUG][com.freerdp.client.x11] - [xf_input_touch_remote]: touch_remote: ev=Update id=1909 x=1455 y=646 rdpei=0x7f74e0214070 fallback=0
[17:51:37:089] [47174:0000b848] [DEBUG][com.freerdp.client.x11] - [xf_input_touch_remote]: touch_remote: ev=Update id=1909 x=1454 y=646 rdpei=0x7f74e0214070 fallback=0
[17:51:37:110] [47174:0000b848] [DEBUG][com.freerdp.client.x11] - [xf_input_touch_remote]: touch_remote: ev=Update id=1909 x=1454 y=646 rdpei=0x7f74e0214070 fallback=0
[17:51:37:140] [47174:0000b848] [DEBUG][com.freerdp.client.x11] - [xf_input_touch_remote]: touch_remote: ev=Update id=1909 x=1454 y=646 rdpei=0x7f74e0214070 fallback=0
[17:51:37:160] [47174:0000b848] [DEBUG][com.freerdp.client.x11] - [xf_input_touch_remote]: touch_remote: ev=Update id=1909 x=1454 y=645 rdpei=0x7f74e0214070 fallback=0
[17:51:37:170] [47174:0000b848] [DEBUG][com.freerdp.client.x11] - [xf_input_touch_remote]: touch_remote: ev=Update id=1909 x=1455 y=646 rdpei=0x7f74e0214070 fallback=0
[17:51:37:190] [47174:0000b848] [DEBUG][com.freerdp.client.x11] - [xf_input_touch_remote]: touch_remote: ev=Update id=1909 x=1455 y=646 rdpei=0x7f74e0214070 fallback=0
[17:51:37:200] [47174:0000b848] [DEBUG][com.freerdp.client.x11] - [xf_input_touch_remote]: touch_remote: ev=Update id=1909 x=1455 y=646 rdpei=0x7f74e0214070 fallback=0
[17:51:37:210] [47174:0000b848] [DEBUG][com.freerdp.client.x11] - [xf_input_touch_remote]: touch_remote: ev=Update id=1909 x=1454 y=646 rdpei=0x7f74e0214070 fallback=0
[17:51:37:220] [47174:0000b848] [DEBUG][com.freerdp.client.x11] - [xf_input_touch_remote]: touch_remote: ev=Update id=1909 x=1454 y=646 rdpei=0x7f74e0214070 fallback=0
[17:51:37:241] [47174:0000b848] [DEBUG][com.freerdp.client.x11] - [xf_input_touch_remote]: touch_remote: ev=Update id=1909 x=1455 y=646 rdpei=0x7f74e0214070 fallback=0
[17:51:37:250] [47174:0000b848] [DEBUG][com.freerdp.client.x11] - [xf_input_touch_remote]: touch_remote: ev=Update id=1909 x=1455 y=646 rdpei=0x7f74e0214070 fallback=0
[17:51:37:261] [47174:0000b848] [DEBUG][com.freerdp.client.x11] - [xf_input_touch_remote]: touch_remote: ev=Update id=1909 x=1454 y=646 rdpei=0x7f74e0214070 fallback=0
[17:51:37:271] [47174:0000b848] [DEBUG][com.freerdp.client.x11] - [xf_input_touch_remote]: touch_remote: ev=Update id=1909 x=1455 y=646 rdpei=0x7f74e0214070 fallback=0
[17:51:37:281] [47174:0000b848] [DEBUG][com.freerdp.client.x11] - [xf_input_touch_remote]: touch_remote: ev=Update id=1909 x=1455 y=646 rdpei=0x7f74e0214070 fallback=0
[17:51:37:321] [47174:0000b848] [DEBUG][com.freerdp.client.x11] - [xf_input_touch_remote]: touch_remote: ev=Update id=1909 x=1455 y=646 rdpei=0x7f74e0214070 fallback=0
[17:51:37:331] [47174:0000b848] [DEBUG][com.freerdp.client.x11] - [xf_input_touch_remote]: touch_remote: ev=Update id=1909 x=1454 y=646 rdpei=0x7f74e0214070 fallback=0
[17:51:37:351] [47174:0000b848] [DEBUG][com.freerdp.client.x11] - [xf_input_touch_remote]: touch_remote: ev=Update id=1909 x=1454 y=646 rdpei=0x7f74e0214070 fallback=0
[17:51:37:362] [47174:0000b848] [DEBUG][com.freerdp.client.x11] - [xf_input_touch_remote]: touch_remote: ev=Update id=1909 x=1454 y=646 rdpei=0x7f74e0214070 fallback=0
[17:51:37:392] [47174:0000b848] [DEBUG][com.freerdp.client.x11] - [xf_input_touch_remote]: touch_remote: ev=Update id=1909 x=1454 y=646 rdpei=0x7f74e0214070 fallback=0
[17:51:37:412] [47174:0000b848] [DEBUG][com.freerdp.client.x11] - [xf_input_touch_remote]: touch_remote: ev=Update id=1909 x=1454 y=646 rdpei=0x7f74e0214070 fallback=0
[17:51:37:422] [47174:0000b848] [DEBUG][com.freerdp.client.x11] - [xf_input_touch_remote]: touch_remote: ev=Update id=1909 x=1454 y=646 rdpei=0x7f74e0214070 fallback=0
[17:51:37:432] [47174:0000b848] [DEBUG][com.freerdp.client.x11] - [xf_input_touch_remote]: touch_remote: ev=Update id=1909 x=1455 y=646 rdpei=0x7f74e0214070 fallback=0
[17:51:37:442] [47174:0000b848] [DEBUG][com.freerdp.client.x11] - [xf_input_touch_remote]: touch_remote: ev=Update id=1909 x=1455 y=646 rdpei=0x7f74e0214070 fallback=0
[17:51:37:452] [47174:0000b848] [DEBUG][com.freerdp.client.x11] - [xf_input_touch_remote]: touch_remote: ev=Update id=1909 x=1455 y=646 rdpei=0x7f74e0214070 fallback=0
[17:51:37:483] [47174:0000b848] [DEBUG][com.freerdp.client.x11] - [xf_input_touch_remote]: touch_remote: ev=Update id=1909 x=1455 y=646 rdpei=0x7f74e0214070 fallback=0
[17:51:37:492] [47174:0000b848] [DEBUG][com.freerdp.client.x11] - [xf_input_touch_remote]: touch_remote: ev=Update id=1909 x=1455 y=646 rdpei=0x7f74e0214070 fallback=0
[17:51:37:503] [47174:0000b848] [DEBUG][com.freerdp.client.x11] - [xf_input_touch_remote]: touch_remote: ev=Update id=1909 x=1454 y=646 rdpei=0x7f74e0214070 fallback=0
[17:51:37:512] [47174:0000b848] [DEBUG][com.freerdp.client.x11] - [xf_input_touch_remote]: touch_remote: ev=Update id=1909 x=1455 y=646 rdpei=0x7f74e0214070 fallback=0
[17:51:37:523] [47174:0000b848] [DEBUG][com.freerdp.client.x11] - [xf_input_touch_remote]: touch_remote: ev=Update id=1909 x=1454 y=646 rdpei=0x7f74e0214070 fallback=0
[17:51:37:533] [47174:0000b848] [DEBUG][com.freerdp.client.x11] - [xf_input_touch_remote]: touch_remote: ev=Update id=1909 x=1455 y=646 rdpei=0x7f74e0214070 fallback=0
[17:51:37:543] [47174:0000b848] [DEBUG][com.freerdp.client.x11] - [xf_input_touch_remote]: touch_remote: ev=Update id=1909 x=1455 y=646 rdpei=0x7f74e0214070 fallback=0
[17:51:37:563] [47174:0000b848] [DEBUG][com.freerdp.client.x11] - [xf_input_touch_remote]: touch_remote: ev=Update id=1909 x=1455 y=645 rdpei=0x7f74e0214070 fallback=0
[17:51:37:573] [47174:0000b848] [DEBUG][com.freerdp.client.x11] - [xf_input_touch_remote]: touch_remote: ev=Update id=1909 x=1455 y=646 rdpei=0x7f74e0214070 fallback=0
[17:51:37:583] [47174:0000b848] [DEBUG][com.freerdp.client.x11] - [xf_input_touch_remote]: touch_remote: ev=Update id=1909 x=1455 y=646 rdpei=0x7f74e0214070 fallback=0
[17:51:37:604] [47174:0000b848] [DEBUG][com.freerdp.client.x11] - [xf_input_touch_remote]: touch_remote: ev=Update id=1909 x=1455 y=646 rdpei=0x7f74e0214070 fallback=0
[17:51:37:624] [47174:0000b848] [DEBUG][com.freerdp.client.x11] - [xf_input_touch_remote]: touch_remote: ev=Update id=1909 x=1454 y=646 rdpei=0x7f74e0214070 fallback=0
[17:51:37:633] [47174:0000b848] [DEBUG][com.freerdp.client.x11] - [xf_input_touch_remote]: touch_remote: ev=Update id=1909 x=1454 y=646 rdpei=0x7f74e0214070 fallback=0
[17:51:37:644] [47174:0000b848] [DEBUG][com.freerdp.client.x11] - [xf_input_touch_remote]: touch_remote: ev=Update id=1909 x=1454 y=645 rdpei=0x7f74e0214070 fallback=0
[17:51:37:664] [47174:0000b848] [DEBUG][com.freerdp.client.x11] - [xf_input_touch_remote]: touch_remote: ev=Update id=1909 x=1454 y=646 rdpei=0x7f74e0214070 fallback=0
[17:51:37:674] [47174:0000b848] [DEBUG][com.freerdp.client.x11] - [xf_input_touch_remote]: touch_remote: ev=Update id=1909 x=1454 y=646 rdpei=0x7f74e0214070 fallback=0
[17:51:37:694] [47174:0000b848] [DEBUG][com.freerdp.client.x11] - [xf_input_touch_remote]: touch_remote: ev=Update id=1909 x=1455 y=646 rdpei=0x7f74e0214070 fallback=0
[17:51:37:735] [47174:0000b848] [DEBUG][com.freerdp.client.x11] - [xf_input_touch_remote]: touch_remote: ev=Update id=1909 x=1454 y=646 rdpei=0x7f74e0214070 fallback=0
[17:51:37:744] [47174:0000b848] [DEBUG][com.freerdp.client.x11] - [xf_input_touch_remote]: touch_remote: ev=Update id=1909 x=1454 y=646 rdpei=0x7f74e0214070 fallback=0
[17:51:37:754] [47174:0000b848] [DEBUG][com.freerdp.client.x11] - [xf_input_touch_remote]: touch_remote: ev=Update id=1909 x=1454 y=646 rdpei=0x7f74e0214070 fallback=0
[17:51:37:774] [47174:0000b848] [DEBUG][com.freerdp.client.x11] - [xf_input_touch_remote]: touch_remote: ev=Update id=1909 x=1455 y=646 rdpei=0x7f74e0214070 fallback=0
[17:51:37:805] [47174:0000b848] [DEBUG][com.freerdp.client.x11] - [xf_input_touch_remote]: touch_remote: ev=Update id=1909 x=1454 y=646 rdpei=0x7f74e0214070 fallback=0
[17:51:37:845] [47174:0000b848] [DEBUG][com.freerdp.client.x11] - [xf_input_touch_remote]: touch_remote: ev=Update id=1909 x=1454 y=646 rdpei=0x7f74e0214070 fallback=0
[17:51:37:855] [47174:0000b848] [DEBUG][com.freerdp.client.x11] - [xf_input_touch_remote]: touch_remote: ev=Update id=1909 x=1454 y=646 rdpei=0x7f74e0214070 fallback=0
[17:51:37:865] [47174:0000b848] [DEBUG][com.freerdp.client.x11] - [xf_input_touch_remote]: touch_remote: ev=Update id=1909 x=1455 y=646 rdpei=0x7f74e0214070 fallback=0
[17:51:37:886] [47174:0000b848] [DEBUG][com.freerdp.client.x11] - [xf_input_touch_remote]: touch_remote: ev=Update id=1909 x=1455 y=646 rdpei=0x7f74e0214070 fallback=0
[17:51:37:896] [47174:0000b848] [DEBUG][com.freerdp.client.x11] - [xf_input_touch_remote]: touch_remote: ev=Update id=1909 x=1454 y=646 rdpei=0x7f74e0214070 fallback=0
[17:51:37:906] [47174:0000b848] [DEBUG][com.freerdp.client.x11] - [xf_input_touch_remote]: touch_remote: ev=Update id=1909 x=1454 y=646 rdpei=0x7f74e0214070 fallback=0
[17:51:37:916] [47174:0000b848] [DEBUG][com.freerdp.client.x11] - [xf_input_touch_remote]: touch_remote: ev=Update id=1909 x=1454 y=646 rdpei=0x7f74e0214070 fallback=0
[17:51:37:936] [47174:0000b848] [DEBUG][com.freerdp.client.x11] - [xf_input_touch_remote]: touch_remote: ev=Update id=1909 x=1454 y=646 rdpei=0x7f74e0214070 fallback=0
[17:51:37:946] [47174:0000b848] [DEBUG][com.freerdp.client.x11] - [xf_input_touch_remote]: touch_remote: ev=Update id=1909 x=1454 y=646 rdpei=0x7f74e0214070 fallback=0
[17:51:37:956] [47174:0000b848] [DEBUG][com.freerdp.client.x11] - [xf_input_touch_remote]: touch_remote: ev=Update id=1909 x=1454 y=646 rdpei=0x7f74e0214070 fallback=0
[17:51:37:966] [47174:0000b848] [DEBUG][com.freerdp.client.x11] - [xf_input_touch_remote]: touch_remote: ev=Update id=1909 x=1454 y=647 rdpei=0x7f74e0214070 fallback=0
[17:51:37:976] [47174:0000b848] [DEBUG][com.freerdp.client.x11] - [xf_input_touch_remote]: touch_remote: ev=Update id=1909 x=1455 y=647 rdpei=0x7f74e0214070 fallback=0
[17:51:37:986] [47174:0000b848] [DEBUG][com.freerdp.client.x11] - [xf_input_touch_remote]: touch_remote: ev=Update id=1909 x=1454 y=646 rdpei=0x7f74e0214070 fallback=0
[17:51:38:027] [47174:0000b848] [DEBUG][com.freerdp.client.x11] - [xf_input_touch_remote]: touch_remote: ev=Update id=1909 x=1454 y=646 rdpei=0x7f74e0214070 fallback=0
[17:51:38:057] [47174:0000b848] [DEBUG][com.freerdp.client.x11] - [xf_input_touch_remote]: touch_remote: ev=Update id=1909 x=1454 y=646 rdpei=0x7f74e0214070 fallback=0
[17:51:38:067] [47174:0000b848] [DEBUG][com.freerdp.client.x11] - [xf_input_touch_remote]: touch_remote: ev=Update id=1909 x=1454 y=645 rdpei=0x7f74e0214070 fallback=0
[17:51:38:077] [47174:0000b848] [DEBUG][com.freerdp.client.x11] - [xf_input_touch_remote]: touch_remote: ev=Update id=1909 x=1455 y=642 rdpei=0x7f74e0214070 fallback=0
[17:51:38:087] [47174:0000b848] [DEBUG][com.freerdp.client.x11] - [xf_input_touch_remote]: touch_remote: ev=Update id=1909 x=1456 y=640 rdpei=0x7f74e0214070 fallback=0
[17:51:38:097] [47174:0000b848] [DEBUG][com.freerdp.client.x11] - [xf_input_touch_remote]: touch_remote: ev=End id=1909 x=1456 y=640 rdpei=0x7f74e0214070 fallback=0
[17:51:38:128] [47174:0000b848] [DEBUG][com.freerdp.client.x11] - [xf_input_handle_event_remote]: checking for pen
[17:51:38:128] [47174:0000b848] [DEBUG][com.freerdp.client.x11] - [xf_input_touch_remote]: touch_remote: ev=Begin id=1911 x=2559 y=0 rdpei=0x7f74e0214070 fallback=0
[17:51:38:128] [47174:0000b848] [DEBUG][com.freerdp.client.x11] - [xf_input_touch_remote]: touch_remote: ev=Other id=1911 x=0 y=0 rdpei=0x7f74e0214070 fallback=0
[17:51:38:178] [47174:0000b848] [DEBUG][com.freerdp.client.x11] - [xf_input_touch_remote]: touch_remote: ev=End id=1911 x=2559 y=0 rdpei=0x7f74e0214070 fallback=0
[17:51:38:211] [47174:0000b848] [DEBUG][com.freerdp.client.x11] - [xf_Pointer_SetNull]: called
[17:51:38:491] [47174:0000b848] [DEBUG][com.freerdp.client.x11] - [xf_input_handle_event_remote]: checking for pen
[17:51:38:494] [47174:0000b848] [DEBUG][com.freerdp.client.x11] - [xf_input_touch_remote]: touch_remote: ev=Begin id=1912 x=2026 y=867 rdpei=0x7f74e0214070 fallback=0
[17:51:38:495] [47174:0000b848] [DEBUG][com.freerdp.client.x11] - [xf_input_touch_remote]: touch_remote: ev=Other id=1912 x=0 y=0 rdpei=0x7f74e0214070 fallback=0
[17:51:38:501] [47174:0000b848] [DEBUG][com.freerdp.client.x11] - [xf_input_touch_remote]: touch_remote: ev=Update id=1912 x=2026 y=868 rdpei=0x7f74e0214070 fallback=0
[17:51:38:511] [47174:0000b848] [DEBUG][com.freerdp.client.x11] - [xf_input_touch_remote]: touch_remote: ev=Update id=1912 x=2025 y=868 rdpei=0x7f74e0214070 fallback=0
[17:51:38:521] [47174:0000b848] [DEBUG][com.freerdp.client.x11] - [xf_input_touch_remote]: touch_remote: ev=Update id=1912 x=2025 y=869 rdpei=0x7f74e0214070 fallback=0
[17:51:38:531] [47174:0000b848] [DEBUG][com.freerdp.client.x11] - [xf_input_touch_remote]: touch_remote: ev=Update id=1912 x=2025 y=869 rdpei=0x7f74e0214070 fallback=0
[17:51:38:551] [47174:0000b848] [DEBUG][com.freerdp.client.x11] - [xf_input_touch_remote]: touch_remote: ev=Update id=1912 x=2025 y=869 rdpei=0x7f74e0214070 fallback=0
[17:51:38:561] [47174:0000b848] [DEBUG][com.freerdp.client.x11] - [xf_input_touch_remote]: touch_remote: ev=Update id=1912 x=2025 y=869 rdpei=0x7f74e0214070 fallback=0
[17:51:38:571] [47174:0000b848] [DEBUG][com.freerdp.client.x11] - [xf_input_touch_remote]: touch_remote: ev=Update id=1912 x=2025 y=869 rdpei=0x7f74e0214070 fallback=0
[17:51:38:583] [47174:0000b848] [DEBUG][com.freerdp.client.x11] - [xf_input_touch_remote]: touch_remote: ev=Update id=1912 x=2026 y=870 rdpei=0x7f74e0214070 fallback=0
[17:51:38:591] [47174:0000b848] [DEBUG][com.freerdp.client.x11] - [xf_input_touch_remote]: touch_remote: ev=Update id=1912 x=2026 y=870 rdpei=0x7f74e0214070 fallback=0
[17:51:38:602] [47174:0000b848] [DEBUG][com.freerdp.client.x11] - [xf_input_touch_remote]: touch_remote: ev=Update id=1912 x=2025 y=870 rdpei=0x7f74e0214070 fallback=0
[17:51:38:610] [47174:0000b848] [DEBUG][com.freerdp.client.x11] - [xf_Pointer_SetNull]: called
[17:51:38:611] [47174:0000b848] [DEBUG][com.freerdp.client.x11] - [xf_input_touch_remote]: touch_remote: ev=Update id=1912 x=2025 y=870 rdpei=0x7f74e0214070 fallback=0
[17:51:38:622] [47174:0000b848] [DEBUG][com.freerdp.client.x11] - [xf_input_touch_remote]: touch_remote: ev=Update id=1912 x=2026 y=871 rdpei=0x7f74e0214070 fallback=0
[17:51:38:632] [47174:0000b848] [DEBUG][com.freerdp.client.x11] - [xf_input_touch_remote]: touch_remote: ev=Update id=1912 x=2026 y=873 rdpei=0x7f74e0214070 fallback=0
[17:51:38:652] [47174:0000b848] [DEBUG][com.freerdp.client.x11] - [xf_input_touch_remote]: touch_remote: ev=Update id=1912 x=2026 y=872 rdpei=0x7f74e0214070 fallback=0
[17:51:38:662] [47174:0000b848] [DEBUG][com.freerdp.client.x11] - [xf_input_touch_remote]: touch_remote: ev=Update id=1912 x=2026 y=871 rdpei=0x7f74e0214070 fallback=0
[17:51:38:682] [47174:0000b848] [DEBUG][com.freerdp.client.x11] - [xf_input_touch_remote]: touch_remote: ev=Update id=1912 x=2026 y=871 rdpei=0x7f74e0214070 fallback=0
[17:51:38:692] [47174:0000b848] [DEBUG][com.freerdp.client.x11] - [xf_input_touch_remote]: touch_remote: ev=Update id=1912 x=2027 y=871 rdpei=0x7f74e0214070 fallback=0
[17:51:38:703] [47174:0000b848] [DEBUG][com.freerdp.client.x11] - [xf_input_touch_remote]: touch_remote: ev=Update id=1912 x=2026 y=871 rdpei=0x7f74e0214070 fallback=0
[17:51:38:712] [47174:0000b848] [DEBUG][com.freerdp.client.x11] - [xf_input_touch_remote]: touch_remote: ev=Update id=1912 x=2026 y=871 rdpei=0x7f74e0214070 fallback=0
[17:51:38:723] [47174:0000b848] [DEBUG][com.freerdp.client.x11] - [xf_input_touch_remote]: touch_remote: ev=Update id=1912 x=2026 y=871 rdpei=0x7f74e0214070 fallback=0
[17:51:38:732] [47174:0000b848] [DEBUG][com.freerdp.client.x11] - [xf_input_touch_remote]: touch_remote: ev=Update id=1912 x=2026 y=871 rdpei=0x7f74e0214070 fallback=0
[17:51:38:743] [47174:0000b848] [DEBUG][com.freerdp.client.x11] - [xf_input_touch_remote]: touch_remote: ev=Update id=1912 x=2027 y=871 rdpei=0x7f74e0214070 fallback=0
[17:51:38:763] [47174:0000b848] [DEBUG][com.freerdp.client.x11] - [xf_input_touch_remote]: touch_remote: ev=Update id=1912 x=2027 y=871 rdpei=0x7f74e0214070 fallback=0
[17:51:38:773] [47174:0000b848] [DEBUG][com.freerdp.client.x11] - [xf_input_touch_remote]: touch_remote: ev=Update id=1912 x=2027 y=872 rdpei=0x7f74e0214070 fallback=0
[17:51:38:783] [47174:0000b848] [DEBUG][com.freerdp.client.x11] - [xf_input_touch_remote]: touch_remote: ev=Update id=1912 x=2027 y=872 rdpei=0x7f74e0214070 fallback=0
[17:51:38:793] [47174:0000b848] [DEBUG][com.freerdp.client.x11] - [xf_input_touch_remote]: touch_remote: ev=Update id=1912 x=2027 y=873 rdpei=0x7f74e0214070 fallback=0
[17:51:38:813] [47174:0000b848] [DEBUG][com.freerdp.client.x11] - [xf_input_touch_remote]: touch_remote: ev=Update id=1912 x=2027 y=872 rdpei=0x7f74e0214070 fallback=0
[17:51:38:824] [47174:0000b848] [DEBUG][com.freerdp.client.x11] - [xf_input_touch_remote]: touch_remote: ev=Update id=1912 x=2027 y=871 rdpei=0x7f74e0214070 fallback=0
[17:51:38:834] [47174:0000b848] [DEBUG][com.freerdp.client.x11] - [xf_input_touch_remote]: touch_remote: ev=Update id=1912 x=2028 y=871 rdpei=0x7f74e0214070 fallback=0
[17:51:38:844] [47174:0000b848] [DEBUG][com.freerdp.client.x11] - [xf_input_touch_remote]: touch_remote: ev=Update id=1912 x=2027 y=871 rdpei=0x7f74e0214070 fallback=0
[17:51:38:854] [47174:0000b848] [DEBUG][com.freerdp.client.x11] - [xf_input_touch_remote]: touch_remote: ev=Update id=1912 x=2027 y=872 rdpei=0x7f74e0214070 fallback=0
[17:51:38:874] [47174:0000b848] [DEBUG][com.freerdp.client.x11] - [xf_input_touch_remote]: touch_remote: ev=Update id=1912 x=2027 y=871 rdpei=0x7f74e0214070 fallback=0
[17:51:38:894] [47174:0000b848] [DEBUG][com.freerdp.client.x11] - [xf_input_touch_remote]: touch_remote: ev=Update id=1912 x=2027 y=872 rdpei=0x7f74e0214070 fallback=0
[17:51:38:904] [47174:0000b848] [DEBUG][com.freerdp.client.x11] - [xf_input_touch_remote]: touch_remote: ev=Update id=1912 x=2027 y=872 rdpei=0x7f74e0214070 fallback=0
[17:51:38:924] [47174:0000b848] [DEBUG][com.freerdp.client.x11] - [xf_input_touch_remote]: touch_remote: ev=Update id=1912 x=2028 y=872 rdpei=0x7f74e0214070 fallback=0
[17:51:38:955] [47174:0000b848] [DEBUG][com.freerdp.client.x11] - [xf_input_touch_remote]: touch_remote: ev=Update id=1912 x=2027 y=872 rdpei=0x7f74e0214070 fallback=0
[17:51:39:005] [47174:0000b848] [DEBUG][com.freerdp.client.x11] - [xf_input_touch_remote]: touch_remote: ev=Update id=1912 x=2028 y=872 rdpei=0x7f74e0214070 fallback=0
[17:51:39:015] [47174:0000b848] [DEBUG][com.freerdp.client.x11] - [xf_input_touch_remote]: touch_remote: ev=Update id=1912 x=2027 y=872 rdpei=0x7f74e0214070 fallback=0
[17:51:39:025] [47174:0000b848] [DEBUG][com.freerdp.client.x11] - [xf_input_touch_remote]: touch_remote: ev=Update id=1912 x=2028 y=872 rdpei=0x7f74e0214070 fallback=0
[17:51:39:035] [47174:0000b848] [DEBUG][com.freerdp.client.x11] - [xf_input_touch_remote]: touch_remote: ev=Update id=1912 x=2027 y=872 rdpei=0x7f74e0214070 fallback=0
[17:51:39:045] [47174:0000b848] [DEBUG][com.freerdp.client.x11] - [xf_input_touch_remote]: touch_remote: ev=Update id=1912 x=2028 y=872 rdpei=0x7f74e0214070 fallback=0
[17:51:39:055] [47174:0000b848] [DEBUG][com.freerdp.client.x11] - [xf_input_touch_remote]: touch_remote: ev=Update id=1912 x=2027 y=872 rdpei=0x7f74e0214070 fallback=0
[17:51:39:065] [47174:0000b848] [DEBUG][com.freerdp.client.x11] - [xf_input_touch_remote]: touch_remote: ev=Update id=1912 x=2027 y=871 rdpei=0x7f74e0214070 fallback=0
[17:51:39:086] [47174:0000b848] [DEBUG][com.freerdp.client.x11] - [xf_input_touch_remote]: touch_remote: ev=Update id=1912 x=2027 y=872 rdpei=0x7f74e0214070 fallback=0
[17:51:39:116] [47174:0000b848] [DEBUG][com.freerdp.client.x11] - [xf_input_touch_remote]: touch_remote: ev=Update id=1912 x=2026 y=872 rdpei=0x7f74e0214070 fallback=0
[17:51:39:136] [47174:0000b848] [DEBUG][com.freerdp.client.x11] - [xf_input_touch_remote]: touch_remote: ev=Update id=1912 x=2027 y=872 rdpei=0x7f74e0214070 fallback=0
[17:51:39:146] [47174:0000b848] [DEBUG][com.freerdp.client.x11] - [xf_input_touch_remote]: touch_remote: ev=Update id=1912 x=2027 y=872 rdpei=0x7f74e0214070 fallback=0
[17:51:39:156] [47174:0000b848] [DEBUG][com.freerdp.client.x11] - [xf_input_touch_remote]: touch_remote: ev=Update id=1912 x=2027 y=871 rdpei=0x7f74e0214070 fallback=0
[17:51:39:166] [47174:0000b848] [DEBUG][com.freerdp.client.x11] - [xf_input_touch_remote]: touch_remote: ev=Update id=1912 x=2027 y=871 rdpei=0x7f74e0214070 fallback=0
[17:51:39:186] [47174:0000b848] [DEBUG][com.freerdp.client.x11] - [xf_input_touch_remote]: touch_remote: ev=Update id=1912 x=2027 y=871 rdpei=0x7f74e0214070 fallback=0
[17:51:39:198] [47174:0000b861] [DEBUG][com.freerdp.channels.rdpgfx.client] - [rdpgfx_recv_evict_cache_entry_pdu]: RecvEvictCacheEntryPdu: cacheSlot: 260
[17:51:39:198] [47174:0000b861] [DEBUG][com.freerdp.channels.rdpgfx.client] - [rdpgfx_recv_evict_cache_entry_pdu]: RecvEvictCacheEntryPdu: cacheSlot: 579
[17:51:39:198] [47174:0000b861] [DEBUG][com.freerdp.channels.rdpgfx.client] - [rdpgfx_recv_evict_cache_entry_pdu]: RecvEvictCacheEntryPdu: cacheSlot: 580
[17:51:39:198] [47174:0000b861] [DEBUG][com.freerdp.channels.rdpgfx.client] - [rdpgfx_recv_evict_cache_entry_pdu]: RecvEvictCacheEntryPdu: cacheSlot: 581
[17:51:39:198] [47174:0000b861] [DEBUG][com.freerdp.channels.rdpgfx.client] - [rdpgfx_recv_evict_cache_entry_pdu]: RecvEvictCacheEntryPdu: cacheSlot: 582
[17:51:39:227] [47174:0000b848] [DEBUG][com.freerdp.client.x11] - [xf_input_touch_remote]: touch_remote: ev=Update id=1912 x=2027 y=872 rdpei=0x7f74e0214070 fallback=0
[17:51:39:247] [47174:0000b848] [DEBUG][com.freerdp.client.x11] - [xf_input_touch_remote]: touch_remote: ev=Update id=1912 x=2027 y=871 rdpei=0x7f74e0214070 fallback=0
[17:51:39:267] [47174:0000b848] [DEBUG][com.freerdp.client.x11] - [xf_input_touch_remote]: touch_remote: ev=Update id=1912 x=2027 y=871 rdpei=0x7f74e0214070 fallback=0
[17:51:39:277] [47174:0000b848] [DEBUG][com.freerdp.client.x11] - [xf_input_touch_remote]: touch_remote: ev=Update id=1912 x=2027 y=871 rdpei=0x7f74e0214070 fallback=0
[17:51:39:287] [47174:0000b848] [DEBUG][com.freerdp.client.x11] - [xf_input_touch_remote]: touch_remote: ev=Update id=1912 x=2027 y=872 rdpei=0x7f74e0214070 fallback=0
[17:51:39:298] [47174:0000b848] [DEBUG][com.freerdp.client.x11] - [xf_input_touch_remote]: touch_remote: ev=Update id=1912 x=2028 y=872 rdpei=0x7f74e0214070 fallback=0
[17:51:39:317] [47174:0000b848] [DEBUG][com.freerdp.client.x11] - [xf_input_touch_remote]: touch_remote: ev=Update id=1912 x=2027 y=871 rdpei=0x7f74e0214070 fallback=0
[17:51:39:327] [47174:0000b848] [DEBUG][com.freerdp.client.x11] - [xf_input_touch_remote]: touch_remote: ev=Update id=1912 x=2027 y=872 rdpei=0x7f74e0214070 fallback=0
[17:51:39:438] [47174:0000b848] [DEBUG][com.freerdp.client.x11] - [xf_input_touch_remote]: touch_remote: ev=Update id=1912 x=2028 y=871 rdpei=0x7f74e0214070 fallback=0
[17:51:39:489] [47174:0000b848] [DEBUG][com.freerdp.client.x11] - [xf_input_touch_remote]: touch_remote: ev=Update id=1912 x=2027 y=871 rdpei=0x7f74e0214070 fallback=0
[17:51:39:499] [47174:0000b848] [DEBUG][com.freerdp.client.x11] - [xf_input_touch_remote]: touch_remote: ev=Update id=1912 x=2028 y=872 rdpei=0x7f74e0214070 fallback=0
[17:51:39:519] [47174:0000b848] [DEBUG][com.freerdp.client.x11] - [xf_input_touch_remote]: touch_remote: ev=Update id=1912 x=2028 y=872 rdpei=0x7f74e0214070 fallback=0
[17:51:39:529] [47174:0000b848] [DEBUG][com.freerdp.client.x11] - [xf_input_touch_remote]: touch_remote: ev=Update id=1912 x=2027 y=872 rdpei=0x7f74e0214070 fallback=0
[17:51:39:550] [47174:0000b848] [DEBUG][com.freerdp.client.x11] - [xf_input_touch_remote]: touch_remote: ev=Update id=1912 x=2027 y=871 rdpei=0x7f74e0214070 fallback=0
[17:51:39:559] [47174:0000b848] [DEBUG][com.freerdp.client.x11] - [xf_input_touch_remote]: touch_remote: ev=Update id=1912 x=2027 y=872 rdpei=0x7f74e0214070 fallback=0
[17:51:39:569] [47174:0000b848] [DEBUG][com.freerdp.client.x11] - [xf_input_touch_remote]: touch_remote: ev=Update id=1912 x=2027 y=872 rdpei=0x7f74e0214070 fallback=0
[17:51:39:579] [47174:0000b848] [DEBUG][com.freerdp.client.x11] - [xf_input_touch_remote]: touch_remote: ev=Update id=1912 x=2027 y=872 rdpei=0x7f74e0214070 fallback=0
[17:51:39:610] [47174:0000b848] [DEBUG][com.freerdp.client.x11] - [xf_input_touch_remote]: touch_remote: ev=Update id=1912 x=2028 y=872 rdpei=0x7f74e0214070 fallback=0
[17:51:39:630] [47174:0000b848] [DEBUG][com.freerdp.client.x11] - [xf_input_touch_remote]: touch_remote: ev=Update id=1912 x=2027 y=872 rdpei=0x7f74e0214070 fallback=0
[17:51:39:650] [47174:0000b848] [DEBUG][com.freerdp.client.x11] - [xf_input_touch_remote]: touch_remote: ev=Update id=1912 x=2027 y=872 rdpei=0x7f74e0214070 fallback=0
[17:51:39:670] [47174:0000b848] [DEBUG][com.freerdp.client.x11] - [xf_input_touch_remote]: touch_remote: ev=Update id=1912 x=2028 y=872 rdpei=0x7f74e0214070 fallback=0
[17:51:39:691] [47174:0000b848] [DEBUG][com.freerdp.client.x11] - [xf_input_touch_remote]: touch_remote: ev=Update id=1912 x=2028 y=871 rdpei=0x7f74e0214070 fallback=0
[17:51:39:700] [47174:0000b848] [DEBUG][com.freerdp.client.x11] - [xf_input_touch_remote]: touch_remote: ev=Update id=1912 x=2028 y=872 rdpei=0x7f74e0214070 fallback=0
[17:51:39:711] [47174:0000b848] [DEBUG][com.freerdp.client.x11] - [xf_input_touch_remote]: touch_remote: ev=Update id=1912 x=2027 y=871 rdpei=0x7f74e0214070 fallback=0
[17:51:39:721] [47174:0000b848] [DEBUG][com.freerdp.client.x11] - [xf_input_touch_remote]: touch_remote: ev=Update id=1912 x=2028 y=872 rdpei=0x7f74e0214070 fallback=0
[17:51:39:741] [47174:0000b848] [DEBUG][com.freerdp.client.x11] - [xf_input_touch_remote]: touch_remote: ev=Update id=1912 x=2028 y=871 rdpei=0x7f74e0214070 fallback=0
[17:51:39:751] [47174:0000b848] [DEBUG][com.freerdp.client.x11] - [xf_input_touch_remote]: touch_remote: ev=Update id=1912 x=2027 y=871 rdpei=0x7f74e0214070 fallback=0
[17:51:39:761] [47174:0000b848] [DEBUG][com.freerdp.client.x11] - [xf_input_touch_remote]: touch_remote: ev=Update id=1912 x=2027 y=872 rdpei=0x7f74e0214070 fallback=0
[17:51:39:771] [47174:0000b848] [DEBUG][com.freerdp.client.x11] - [xf_input_touch_remote]: touch_remote: ev=Update id=1912 x=2027 y=872 rdpei=0x7f74e0214070 fallback=0
[17:51:39:781] [47174:0000b848] [DEBUG][com.freerdp.client.x11] - [xf_input_touch_remote]: touch_remote: ev=Update id=1912 x=2027 y=872 rdpei=0x7f74e0214070 fallback=0
[17:51:39:842] [47174:0000b848] [DEBUG][com.freerdp.client.x11] - [xf_input_touch_remote]: touch_remote: ev=Update id=1912 x=2027 y=872 rdpei=0x7f74e0214070 fallback=0
[17:51:39:882] [47174:0000b848] [DEBUG][com.freerdp.client.x11] - [xf_input_touch_remote]: touch_remote: ev=Update id=1912 x=2028 y=872 rdpei=0x7f74e0214070 fallback=0
[17:51:39:902] [47174:0000b848] [DEBUG][com.freerdp.client.x11] - [xf_input_touch_remote]: touch_remote: ev=Update id=1912 x=2028 y=872 rdpei=0x7f74e0214070 fallback=0
[17:51:39:922] [47174:0000b848] [DEBUG][com.freerdp.client.x11] - [xf_input_touch_remote]: touch_remote: ev=Update id=1912 x=2027 y=871 rdpei=0x7f74e0214070 fallback=0
[17:51:39:942] [47174:0000b848] [DEBUG][com.freerdp.client.x11] - [xf_input_touch_remote]: touch_remote: ev=Update id=1912 x=2028 y=871 rdpei=0x7f74e0214070 fallback=0
[17:51:39:952] [47174:0000b848] [DEBUG][com.freerdp.client.x11] - [xf_input_touch_remote]: touch_remote: ev=Update id=1912 x=2029 y=871 rdpei=0x7f74e0214070 fallback=0
[17:51:39:963] [47174:0000b848] [DEBUG][com.freerdp.client.x11] - [xf_input_touch_remote]: touch_remote: ev=Update id=1912 x=2031 y=871 rdpei=0x7f74e0214070 fallback=0
[17:51:39:972] [47174:0000b848] [DEBUG][com.freerdp.client.x11] - [xf_input_touch_remote]: touch_remote: ev=Update id=1912 x=2033 y=871 rdpei=0x7f74e0214070 fallback=0
[17:51:39:982] [47174:0000b848] [DEBUG][com.freerdp.client.x11] - [xf_input_touch_remote]: touch_remote: ev=End id=1912 x=2033 y=871 rdpei=0x7f74e0214070 fallback=0
[17:51:40:230] [47174:0000b861] [DEBUG][com.freerdp.channels.rdpgfx.client] - [rdpgfx_recv_evict_cache_entry_pdu]: RecvEvictCacheEntryPdu: cacheSlot: 583
[17:51:40:230] [47174:0000b861] [DEBUG][com.freerdp.channels.rdpgfx.client] - [rdpgfx_recv_evict_cache_entry_pdu]: RecvEvictCacheEntryPdu: cacheSlot: 584
[17:51:40:230] [47174:0000b861] [DEBUG][com.freerdp.channels.rdpgfx.client] - [rdpgfx_recv_evict_cache_entry_pdu]: RecvEvictCacheEntryPdu: cacheSlot: 585
[17:51:40:982] [47174:0000b848] [DEBUG][com.freerdp.client.x11] - [xf_input_handle_event_remote]: checking for pen
[17:51:40:983] [47174:0000b848] [DEBUG][com.freerdp.client.x11] - [xf_input_touch_remote]: touch_remote: ev=Begin id=1913 x=1813 y=1056 rdpei=0x7f74e0214070 fallback=0
[17:51:40:983] [47174:0000b848] [DEBUG][com.freerdp.client.x11] - [xf_input_touch_remote]: touch_remote: ev=Other id=1913 x=0 y=0 rdpei=0x7f74e0214070 fallback=0
[17:51:40:991] [47174:0000b848] [DEBUG][com.freerdp.client.x11] - [xf_input_touch_remote]: touch_remote: ev=Update id=1913 x=1814 y=1056 rdpei=0x7f74e0214070 fallback=0
[17:51:41:011] [47174:0000b848] [DEBUG][com.freerdp.client.x11] - [xf_input_touch_remote]: touch_remote: ev=Update id=1913 x=1814 y=1055 rdpei=0x7f74e0214070 fallback=0
[17:51:41:021] [47174:0000b848] [DEBUG][com.freerdp.client.x11] - [xf_input_touch_remote]: touch_remote: ev=Update id=1913 x=1815 y=1056 rdpei=0x7f74e0214070 fallback=0
[17:51:41:031] [47174:0000b848] [DEBUG][com.freerdp.client.x11] - [xf_input_touch_remote]: touch_remote: ev=Update id=1913 x=1815 y=1056 rdpei=0x7f74e0214070 fallback=0
[17:51:41:042] [47174:0000b848] [DEBUG][com.freerdp.client.x11] - [xf_input_touch_remote]: touch_remote: ev=Update id=1913 x=1814 y=1056 rdpei=0x7f74e0214070 fallback=0
[17:51:41:051] [47174:0000b848] [DEBUG][com.freerdp.client.x11] - [xf_input_touch_remote]: touch_remote: ev=Update id=1913 x=1815 y=1056 rdpei=0x7f74e0214070 fallback=0
[17:51:41:061] [47174:0000b848] [DEBUG][com.freerdp.client.x11] - [xf_input_touch_remote]: touch_remote: ev=Update id=1913 x=1815 y=1055 rdpei=0x7f74e0214070 fallback=0
[17:51:41:067] [47174:0000b848] [DEBUG][com.freerdp.client.x11] - [xf_Pointer_Set]: 0x7f74e024b5e0
[17:51:41:067] [47174:0000b848] [DEBUG][com.freerdp.client.x11] - [xf_Pointer_GetCursorForCurrentScale]: scaled: 2560x1600, desktop: 2560x1600
[17:51:41:067] [47174:0000b848] [DEBUG][com.freerdp.client.x11] - [xf_Pointer_GetCursorForCurrentScale]: using cached cursor 0
[17:51:41:071] [47174:0000b848] [DEBUG][com.freerdp.client.x11] - [xf_input_touch_remote]: touch_remote: ev=Update id=1913 x=1815 y=1056 rdpei=0x7f74e0214070 fallback=0
[17:51:41:092] [47174:0000b848] [DEBUG][com.freerdp.client.x11] - [xf_input_touch_remote]: touch_remote: ev=Update id=1913 x=1814 y=1056 rdpei=0x7f74e0214070 fallback=0
[17:51:41:102] [47174:0000b848] [DEBUG][com.freerdp.client.x11] - [xf_input_touch_remote]: touch_remote: ev=Update id=1913 x=1814 y=1056 rdpei=0x7f74e0214070 fallback=0
[17:51:41:110] [47174:0000b848] [DEBUG][com.freerdp.client.x11] - [xf_Pointer_SetNull]: called
[17:51:41:112] [47174:0000b848] [DEBUG][com.freerdp.client.x11] - [xf_input_touch_remote]: touch_remote: ev=Update id=1913 x=1813 y=1056 rdpei=0x7f74e0214070 fallback=0
[17:51:41:132] [47174:0000b848] [DEBUG][com.freerdp.client.x11] - [xf_input_touch_remote]: touch_remote: ev=Update id=1913 x=1813 y=1055 rdpei=0x7f74e0214070 fallback=0
[17:51:41:142] [47174:0000b848] [DEBUG][com.freerdp.client.x11] - [xf_input_touch_remote]: touch_remote: ev=Update id=1913 x=1813 y=1055 rdpei=0x7f74e0214070 fallback=0
[17:51:41:162] [47174:0000b848] [DEBUG][com.freerdp.client.x11] - [xf_input_touch_remote]: touch_remote: ev=Update id=1913 x=1813 y=1055 rdpei=0x7f74e0214070 fallback=0
[17:51:41:173] [47174:0000b848] [DEBUG][com.freerdp.client.x11] - [xf_input_touch_remote]: touch_remote: ev=Update id=1913 x=1813 y=1055 rdpei=0x7f74e0214070 fallback=0
[17:51:41:182] [47174:0000b848] [DEBUG][com.freerdp.client.x11] - [xf_input_touch_remote]: touch_remote: ev=Update id=1913 x=1813 y=1055 rdpei=0x7f74e0214070 fallback=0
[17:51:41:192] [47174:0000b848] [DEBUG][com.freerdp.client.x11] - [xf_input_touch_remote]: touch_remote: ev=Update id=1913 x=1813 y=1055 rdpei=0x7f74e0214070 fallback=0
[17:51:41:202] [47174:0000b848] [DEBUG][com.freerdp.client.x11] - [xf_input_touch_remote]: touch_remote: ev=Update id=1913 x=1813 y=1056 rdpei=0x7f74e0214070 fallback=0
[17:51:41:233] [47174:0000b848] [DEBUG][com.freerdp.client.x11] - [xf_input_touch_remote]: touch_remote: ev=Update id=1913 x=1813 y=1055 rdpei=0x7f74e0214070 fallback=0
[17:51:41:243] [47174:0000b848] [DEBUG][com.freerdp.client.x11] - [xf_input_touch_remote]: touch_remote: ev=Update id=1913 x=1813 y=1056 rdpei=0x7f74e0214070 fallback=0
[17:51:41:253] [47174:0000b848] [DEBUG][com.freerdp.client.x11] - [xf_input_touch_remote]: touch_remote: ev=Update id=1913 x=1813 y=1056 rdpei=0x7f74e0214070 fallback=0
[17:51:41:274] [47174:0000b861] [DEBUG][com.freerdp.channels.rdpgfx.client] - [rdpgfx_recv_evict_cache_entry_pdu]: RecvEvictCacheEntryPdu: cacheSlot: 592
[17:51:41:274] [47174:0000b861] [DEBUG][com.freerdp.channels.rdpgfx.client] - [rdpgfx_recv_evict_cache_entry_pdu]: RecvEvictCacheEntryPdu: cacheSlot: 593
[17:51:41:274] [47174:0000b861] [DEBUG][com.freerdp.channels.rdpgfx.client] - [rdpgfx_recv_evict_cache_entry_pdu]: RecvEvictCacheEntryPdu: cacheSlot: 594
[17:51:41:274] [47174:0000b861] [DEBUG][com.freerdp.channels.rdpgfx.client] - [rdpgfx_recv_evict_cache_entry_pdu]: RecvEvictCacheEntryPdu: cacheSlot: 264
[17:51:41:274] [47174:0000b861] [DEBUG][com.freerdp.channels.rdpgfx.client] - [rdpgfx_recv_evict_cache_entry_pdu]: RecvEvictCacheEntryPdu: cacheSlot: 265
[17:51:41:274] [47174:0000b861] [DEBUG][com.freerdp.channels.rdpgfx.client] - [rdpgfx_recv_evict_cache_entry_pdu]: RecvEvictCacheEntryPdu: cacheSlot: 266
[17:51:41:274] [47174:0000b861] [DEBUG][com.freerdp.channels.rdpgfx.client] - [rdpgfx_recv_evict_cache_entry_pdu]: RecvEvictCacheEntryPdu: cacheSlot: 269
[17:51:41:274] [47174:0000b861] [DEBUG][com.freerdp.channels.rdpgfx.client] - [rdpgfx_recv_evict_cache_entry_pdu]: RecvEvictCacheEntryPdu: cacheSlot: 270
[17:51:41:274] [47174:0000b861] [DEBUG][com.freerdp.channels.rdpgfx.client] - [rdpgfx_recv_evict_cache_entry_pdu]: RecvEvictCacheEntryPdu: cacheSlot: 271
[17:51:41:274] [47174:0000b861] [DEBUG][com.freerdp.channels.rdpgfx.client] - [rdpgfx_recv_evict_cache_entry_pdu]: RecvEvictCacheEntryPdu: cacheSlot: 272
[17:51:41:274] [47174:0000b861] [DEBUG][com.freerdp.channels.rdpgfx.client] - [rdpgfx_recv_evict_cache_entry_pdu]: RecvEvictCacheEntryPdu: cacheSlot: 273
[17:51:41:274] [47174:0000b861] [DEBUG][com.freerdp.channels.rdpgfx.client] - [rdpgfx_recv_evict_cache_entry_pdu]: RecvEvictCacheEntryPdu: cacheSlot: 274
[17:51:41:274] [47174:0000b861] [DEBUG][com.freerdp.channels.rdpgfx.client] - [rdpgfx_recv_evict_cache_entry_pdu]: RecvEvictCacheEntryPdu: cacheSlot: 275
[17:51:41:274] [47174:0000b861] [DEBUG][com.freerdp.channels.rdpgfx.client] - [rdpgfx_recv_evict_cache_entry_pdu]: RecvEvictCacheEntryPdu: cacheSlot: 285
[17:51:41:274] [47174:0000b861] [DEBUG][com.freerdp.channels.rdpgfx.client] - [rdpgfx_recv_evict_cache_entry_pdu]: RecvEvictCacheEntryPdu: cacheSlot: 286
[17:51:41:274] [47174:0000b861] [DEBUG][com.freerdp.channels.rdpgfx.client] - [rdpgfx_recv_evict_cache_entry_pdu]: RecvEvictCacheEntryPdu: cacheSlot: 287
[17:51:41:274] [47174:0000b861] [DEBUG][com.freerdp.channels.rdpgfx.client] - [rdpgfx_recv_evict_cache_entry_pdu]: RecvEvictCacheEntryPdu: cacheSlot: 288
[17:51:41:274] [47174:0000b861] [DEBUG][com.freerdp.channels.rdpgfx.client] - [rdpgfx_recv_evict_cache_entry_pdu]: RecvEvictCacheEntryPdu: cacheSlot: 290
[17:51:41:274] [47174:0000b861] [DEBUG][com.freerdp.channels.rdpgfx.client] - [rdpgfx_recv_evict_cache_entry_pdu]: RecvEvictCacheEntryPdu: cacheSlot: 291
[17:51:41:274] [47174:0000b861] [DEBUG][com.freerdp.channels.rdpgfx.client] - [rdpgfx_recv_evict_cache_entry_pdu]: RecvEvictCacheEntryPdu: cacheSlot: 292
[17:51:41:274] [47174:0000b861] [DEBUG][com.freerdp.channels.rdpgfx.client] - [rdpgfx_recv_evict_cache_entry_pdu]: RecvEvictCacheEntryPdu: cacheSlot: 293
[17:51:41:274] [47174:0000b861] [DEBUG][com.freerdp.channels.rdpgfx.client] - [rdpgfx_recv_evict_cache_entry_pdu]: RecvEvictCacheEntryPdu: cacheSlot: 294
[17:51:41:274] [47174:0000b861] [DEBUG][com.freerdp.channels.rdpgfx.client] - [rdpgfx_recv_evict_cache_entry_pdu]: RecvEvictCacheEntryPdu: cacheSlot: 295
[17:51:41:274] [47174:0000b861] [DEBUG][com.freerdp.channels.rdpgfx.client] - [rdpgfx_recv_evict_cache_entry_pdu]: RecvEvictCacheEntryPdu: cacheSlot: 296
[17:51:41:274] [47174:0000b861] [DEBUG][com.freerdp.channels.rdpgfx.client] - [rdpgfx_recv_evict_cache_entry_pdu]: RecvEvictCacheEntryPdu: cacheSlot: 297
[17:51:41:274] [47174:0000b861] [DEBUG][com.freerdp.channels.rdpgfx.client] - [rdpgfx_recv_evict_cache_entry_pdu]: RecvEvictCacheEntryPdu: cacheSlot: 298
[17:51:41:274] [47174:0000b861] [DEBUG][com.freerdp.channels.rdpgfx.client] - [rdpgfx_recv_evict_cache_entry_pdu]: RecvEvictCacheEntryPdu: cacheSlot: 299
[17:51:41:274] [47174:0000b861] [DEBUG][com.freerdp.channels.rdpgfx.client] - [rdpgfx_recv_evict_cache_entry_pdu]: RecvEvictCacheEntryPdu: cacheSlot: 300
[17:51:41:274] [47174:0000b861] [DEBUG][com.freerdp.channels.rdpgfx.client] - [rdpgfx_recv_evict_cache_entry_pdu]: RecvEvictCacheEntryPdu: cacheSlot: 301
[17:51:41:274] [47174:0000b861] [DEBUG][com.freerdp.channels.rdpgfx.client] - [rdpgfx_recv_evict_cache_entry_pdu]: RecvEvictCacheEntryPdu: cacheSlot: 302
[17:51:41:274] [47174:0000b861] [DEBUG][com.freerdp.channels.rdpgfx.client] - [rdpgfx_recv_evict_cache_entry_pdu]: RecvEvictCacheEntryPdu: cacheSlot: 303
[17:51:41:274] [47174:0000b861] [DEBUG][com.freerdp.channels.rdpgfx.client] - [rdpgfx_recv_evict_cache_entry_pdu]: RecvEvictCacheEntryPdu: cacheSlot: 304
[17:51:41:274] [47174:0000b861] [DEBUG][com.freerdp.channels.rdpgfx.client] - [rdpgfx_recv_evict_cache_entry_pdu]: RecvEvictCacheEntryPdu: cacheSlot: 305
[17:51:41:274] [47174:0000b861] [DEBUG][com.freerdp.channels.rdpgfx.client] - [rdpgfx_recv_evict_cache_entry_pdu]: RecvEvictCacheEntryPdu: cacheSlot: 306
[17:51:41:274] [47174:0000b861] [DEBUG][com.freerdp.channels.rdpgfx.client] - [rdpgfx_recv_evict_cache_entry_pdu]: RecvEvictCacheEntryPdu: cacheSlot: 307
[17:51:41:274] [47174:0000b861] [DEBUG][com.freerdp.channels.rdpgfx.client] - [rdpgfx_recv_evict_cache_entry_pdu]: RecvEvictCacheEntryPdu: cacheSlot: 308
[17:51:41:274] [47174:0000b861] [DEBUG][com.freerdp.channels.rdpgfx.client] - [rdpgfx_recv_evict_cache_entry_pdu]: RecvEvictCacheEntryPdu: cacheSlot: 309
[17:51:41:274] [47174:0000b861] [DEBUG][com.freerdp.channels.rdpgfx.client] - [rdpgfx_recv_evict_cache_entry_pdu]: RecvEvictCacheEntryPdu: cacheSlot: 310
[17:51:41:274] [47174:0000b861] [DEBUG][com.freerdp.channels.rdpgfx.client] - [rdpgfx_recv_evict_cache_entry_pdu]: RecvEvictCacheEntryPdu: cacheSlot: 311
[17:51:41:274] [47174:0000b861] [DEBUG][com.freerdp.channels.rdpgfx.client] - [rdpgfx_recv_evict_cache_entry_pdu]: RecvEvictCacheEntryPdu: cacheSlot: 312
[17:51:41:275] [47174:0000b861] [DEBUG][com.freerdp.channels.rdpgfx.client] - [rdpgfx_recv_evict_cache_entry_pdu]: RecvEvictCacheEntryPdu: cacheSlot: 316
[17:51:41:275] [47174:0000b861] [DEBUG][com.freerdp.channels.rdpgfx.client] - [rdpgfx_recv_evict_cache_entry_pdu]: RecvEvictCacheEntryPdu: cacheSlot: 319
[17:51:41:275] [47174:0000b861] [DEBUG][com.freerdp.channels.rdpgfx.client] - [rdpgfx_recv_evict_cache_entry_pdu]: RecvEvictCacheEntryPdu: cacheSlot: 322
[17:51:41:275] [47174:0000b861] [DEBUG][com.freerdp.channels.rdpgfx.client] - [rdpgfx_recv_evict_cache_entry_pdu]: RecvEvictCacheEntryPdu: cacheSlot: 323
[17:51:41:275] [47174:0000b861] [DEBUG][com.freerdp.channels.rdpgfx.client] - [rdpgfx_recv_evict_cache_entry_pdu]: RecvEvictCacheEntryPdu: cacheSlot: 324
[17:51:41:275] [47174:0000b861] [DEBUG][com.freerdp.channels.rdpgfx.client] - [rdpgfx_recv_evict_cache_entry_pdu]: RecvEvictCacheEntryPdu: cacheSlot: 325
[17:51:41:275] [47174:0000b861] [DEBUG][com.freerdp.channels.rdpgfx.client] - [rdpgfx_recv_evict_cache_entry_pdu]: RecvEvictCacheEntryPdu: cacheSlot: 326
[17:51:41:275] [47174:0000b861] [DEBUG][com.freerdp.channels.rdpgfx.client] - [rdpgfx_recv_evict_cache_entry_pdu]: RecvEvictCacheEntryPdu: cacheSlot: 327
[17:51:41:275] [47174:0000b861] [DEBUG][com.freerdp.channels.rdpgfx.client] - [rdpgfx_recv_evict_cache_entry_pdu]: RecvEvictCacheEntryPdu: cacheSlot: 328
[17:51:41:275] [47174:0000b861] [DEBUG][com.freerdp.channels.rdpgfx.client] - [rdpgfx_recv_evict_cache_entry_pdu]: RecvEvictCacheEntryPdu: cacheSlot: 342
[17:51:41:275] [47174:0000b861] [DEBUG][com.freerdp.channels.rdpgfx.client] - [rdpgfx_recv_evict_cache_entry_pdu]: RecvEvictCacheEntryPdu: cacheSlot: 343
[17:51:41:275] [47174:0000b861] [DEBUG][com.freerdp.channels.rdpgfx.client] - [rdpgfx_recv_evict_cache_entry_pdu]: RecvEvictCacheEntryPdu: cacheSlot: 344
[17:51:41:275] [47174:0000b861] [DEBUG][com.freerdp.channels.rdpgfx.client] - [rdpgfx_recv_evict_cache_entry_pdu]: RecvEvictCacheEntryPdu: cacheSlot: 345
[17:51:41:275] [47174:0000b861] [DEBUG][com.freerdp.channels.rdpgfx.client] - [rdpgfx_recv_evict_cache_entry_pdu]: RecvEvictCacheEntryPdu: cacheSlot: 347
[17:51:41:275] [47174:0000b861] [DEBUG][com.freerdp.channels.rdpgfx.client] - [rdpgfx_recv_evict_cache_entry_pdu]: RecvEvictCacheEntryPdu: cacheSlot: 350
[17:51:41:275] [47174:0000b861] [DEBUG][com.freerdp.channels.rdpgfx.client] - [rdpgfx_recv_evict_cache_entry_pdu]: RecvEvictCacheEntryPdu: cacheSlot: 351
[17:51:41:275] [47174:0000b861] [DEBUG][com.freerdp.channels.rdpgfx.client] - [rdpgfx_recv_evict_cache_entry_pdu]: RecvEvictCacheEntryPdu: cacheSlot: 352
[17:51:41:275] [47174:0000b861] [DEBUG][com.freerdp.channels.rdpgfx.client] - [rdpgfx_recv_evict_cache_entry_pdu]: RecvEvictCacheEntryPdu: cacheSlot: 358
[17:51:41:298] [47174:0000b848] [DEBUG][com.freerdp.client.x11] - [xf_input_touch_remote]: touch_remote: ev=Update id=1913 x=1813 y=1056 rdpei=0x7f74e0214070 fallback=0
[17:51:41:303] [47174:0000b848] [DEBUG][com.freerdp.client.x11] - [xf_input_touch_remote]: touch_remote: ev=Update id=1913 x=1813 y=1055 rdpei=0x7f74e0214070 fallback=0
[17:51:41:314] [47174:0000b848] [DEBUG][com.freerdp.client.x11] - [xf_input_touch_remote]: touch_remote: ev=Update id=1913 x=1813 y=1056 rdpei=0x7f74e0214070 fallback=0
[17:51:41:323] [47174:0000b848] [DEBUG][com.freerdp.client.x11] - [xf_input_touch_remote]: touch_remote: ev=Update id=1913 x=1813 y=1056 rdpei=0x7f74e0214070 fallback=0
[17:51:41:334] [47174:0000b848] [DEBUG][com.freerdp.client.x11] - [xf_input_touch_remote]: touch_remote: ev=Update id=1913 x=1813 y=1056 rdpei=0x7f74e0214070 fallback=0
[17:51:41:343] [47174:0000b848] [DEBUG][com.freerdp.client.x11] - [xf_input_touch_remote]: touch_remote: ev=Update id=1913 x=1813 y=1056 rdpei=0x7f74e0214070 fallback=0
[17:51:41:354] [47174:0000b848] [DEBUG][com.freerdp.client.x11] - [xf_input_touch_remote]: touch_remote: ev=Update id=1913 x=1813 y=1055 rdpei=0x7f74e0214070 fallback=0
[17:51:41:404] [47174:0000b848] [DEBUG][com.freerdp.client.x11] - [xf_input_touch_remote]: touch_remote: ev=Update id=1913 x=1813 y=1056 rdpei=0x7f74e0214070 fallback=0
[17:51:41:424] [47174:0000b848] [DEBUG][com.freerdp.client.x11] - [xf_input_touch_remote]: touch_remote: ev=Update id=1913 x=1813 y=1055 rdpei=0x7f74e0214070 fallback=0
[17:51:41:445] [47174:0000b848] [DEBUG][com.freerdp.client.x11] - [xf_input_touch_remote]: touch_remote: ev=Update id=1913 x=1813 y=1056 rdpei=0x7f74e0214070 fallback=0
[17:51:41:465] [47174:0000b848] [DEBUG][com.freerdp.client.x11] - [xf_input_touch_remote]: touch_remote: ev=Update id=1913 x=1813 y=1056 rdpei=0x7f74e0214070 fallback=0
[17:51:41:495] [47174:0000b848] [DEBUG][com.freerdp.client.x11] - [xf_input_touch_remote]: touch_remote: ev=Update id=1913 x=1813 y=1056 rdpei=0x7f74e0214070 fallback=0
[17:51:41:556] [47174:0000b848] [DEBUG][com.freerdp.client.x11] - [xf_input_touch_remote]: touch_remote: ev=Update id=1913 x=1813 y=1055 rdpei=0x7f74e0214070 fallback=0
[17:51:41:616] [47174:0000b848] [DEBUG][com.freerdp.client.x11] - [xf_input_touch_remote]: touch_remote: ev=Update id=1913 x=1813 y=1056 rdpei=0x7f74e0214070 fallback=0
[17:51:41:656] [47174:0000b848] [DEBUG][com.freerdp.client.x11] - [xf_input_touch_remote]: touch_remote: ev=Update id=1913 x=1813 y=1055 rdpei=0x7f74e0214070 fallback=0
[17:51:41:666] [47174:0000b848] [DEBUG][com.freerdp.client.x11] - [xf_input_touch_remote]: touch_remote: ev=Update id=1913 x=1813 y=1056 rdpei=0x7f74e0214070 fallback=0
[17:51:41:676] [47174:0000b848] [DEBUG][com.freerdp.client.x11] - [xf_input_touch_remote]: touch_remote: ev=Update id=1913 x=1813 y=1055 rdpei=0x7f74e0214070 fallback=0
[17:51:41:696] [47174:0000b848] [DEBUG][com.freerdp.client.x11] - [xf_input_touch_remote]: touch_remote: ev=Update id=1913 x=1813 y=1056 rdpei=0x7f74e0214070 fallback=0
[17:51:41:710] [47174:0000b861] [DEBUG][com.freerdp.channels.rdpgfx.client] - [rdpgfx_recv_evict_cache_entry_pdu]: RecvEvictCacheEntryPdu: cacheSlot: 359
[17:51:41:710] [47174:0000b861] [DEBUG][com.freerdp.channels.rdpgfx.client] - [rdpgfx_recv_evict_cache_entry_pdu]: RecvEvictCacheEntryPdu: cacheSlot: 360
[17:51:41:710] [47174:0000b861] [DEBUG][com.freerdp.channels.rdpgfx.client] - [rdpgfx_recv_evict_cache_entry_pdu]: RecvEvictCacheEntryPdu: cacheSlot: 361
[17:51:41:710] [47174:0000b861] [DEBUG][com.freerdp.channels.rdpgfx.client] - [rdpgfx_recv_evict_cache_entry_pdu]: RecvEvictCacheEntryPdu: cacheSlot: 362
[17:51:41:710] [47174:0000b861] [DEBUG][com.freerdp.channels.rdpgfx.client] - [rdpgfx_recv_evict_cache_entry_pdu]: RecvEvictCacheEntryPdu: cacheSlot: 363
[17:51:41:727] [47174:0000b848] [DEBUG][com.freerdp.client.x11] - [xf_input_touch_remote]: touch_remote: ev=Update id=1913 x=1813 y=1056 rdpei=0x7f74e0214070 fallback=0
[17:51:41:737] [47174:0000b848] [DEBUG][com.freerdp.client.x11] - [xf_input_touch_remote]: touch_remote: ev=Update id=1913 x=1813 y=1056 rdpei=0x7f74e0214070 fallback=0
[17:51:41:748] [47174:0000b848] [DEBUG][com.freerdp.client.x11] - [xf_input_touch_remote]: touch_remote: ev=Update id=1913 x=1813 y=1056 rdpei=0x7f74e0214070 fallback=0
[17:51:41:757] [47174:0000b848] [DEBUG][com.freerdp.client.x11] - [xf_input_touch_remote]: touch_remote: ev=Update id=1913 x=1813 y=1056 rdpei=0x7f74e0214070 fallback=0
[17:51:41:767] [47174:0000b848] [DEBUG][com.freerdp.client.x11] - [xf_input_touch_remote]: touch_remote: ev=Update id=1913 x=1813 y=1055 rdpei=0x7f74e0214070 fallback=0
[17:51:41:777] [47174:0000b848] [DEBUG][com.freerdp.client.x11] - [xf_input_touch_remote]: touch_remote: ev=Update id=1913 x=1813 y=1055 rdpei=0x7f74e0214070 fallback=0
[17:51:41:797] [47174:0000b848] [DEBUG][com.freerdp.client.x11] - [xf_input_touch_remote]: touch_remote: ev=Update id=1913 x=1813 y=1056 rdpei=0x7f74e0214070 fallback=0
[17:51:41:807] [47174:0000b848] [DEBUG][com.freerdp.client.x11] - [xf_input_touch_remote]: touch_remote: ev=Update id=1913 x=1813 y=1056 rdpei=0x7f74e0214070 fallback=0
[17:51:41:818] [47174:0000b848] [DEBUG][com.freerdp.client.x11] - [xf_input_touch_remote]: touch_remote: ev=Update id=1913 x=1813 y=1056 rdpei=0x7f74e0214070 fallback=0
[17:51:41:848] [47174:0000b848] [DEBUG][com.freerdp.client.x11] - [xf_input_touch_remote]: touch_remote: ev=Update id=1913 x=1813 y=1056 rdpei=0x7f74e0214070 fallback=0
[17:51:41:858] [47174:0000b848] [DEBUG][com.freerdp.client.x11] - [xf_input_touch_remote]: touch_remote: ev=Update id=1913 x=1813 y=1056 rdpei=0x7f74e0214070 fallback=0
[17:51:41:878] [47174:0000b848] [DEBUG][com.freerdp.client.x11] - [xf_input_touch_remote]: touch_remote: ev=Update id=1913 x=1813 y=1056 rdpei=0x7f74e0214070 fallback=0
[17:51:41:888] [47174:0000b848] [DEBUG][com.freerdp.client.x11] - [xf_input_touch_remote]: touch_remote: ev=Update id=1913 x=1813 y=1056 rdpei=0x7f74e0214070 fallback=0
[17:51:41:899] [47174:0000b848] [DEBUG][com.freerdp.client.x11] - [xf_input_touch_remote]: touch_remote: ev=Update id=1913 x=1813 y=1056 rdpei=0x7f74e0214070 fallback=0
[17:51:41:908] [47174:0000b848] [DEBUG][com.freerdp.client.x11] - [xf_input_touch_remote]: touch_remote: ev=Update id=1913 x=1813 y=1056 rdpei=0x7f74e0214070 fallback=0
[17:51:41:919] [47174:0000b848] [DEBUG][com.freerdp.client.x11] - [xf_input_touch_remote]: touch_remote: ev=Update id=1913 x=1813 y=1056 rdpei=0x7f74e0214070 fallback=0
[17:51:41:928] [47174:0000b848] [DEBUG][com.freerdp.client.x11] - [xf_input_touch_remote]: touch_remote: ev=Update id=1913 x=1813 y=1056 rdpei=0x7f74e0214070 fallback=0
[17:51:41:939] [47174:0000b848] [DEBUG][com.freerdp.client.x11] - [xf_input_touch_remote]: touch_remote: ev=Update id=1913 x=1813 y=1056 rdpei=0x7f74e0214070 fallback=0
[17:51:41:959] [47174:0000b848] [DEBUG][com.freerdp.client.x11] - [xf_input_touch_remote]: touch_remote: ev=Update id=1913 x=1813 y=1056 rdpei=0x7f74e0214070 fallback=0
[17:51:41:969] [47174:0000b848] [DEBUG][com.freerdp.client.x11] - [xf_input_touch_remote]: touch_remote: ev=Update id=1913 x=1813 y=1056 rdpei=0x7f74e0214070 fallback=0
[17:51:41:989] [47174:0000b848] [DEBUG][com.freerdp.client.x11] - [xf_input_touch_remote]: touch_remote: ev=Update id=1913 x=1813 y=1056 rdpei=0x7f74e0214070 fallback=0
[17:51:41:999] [47174:0000b848] [DEBUG][com.freerdp.client.x11] - [xf_input_touch_remote]: touch_remote: ev=Update id=1913 x=1813 y=1056 rdpei=0x7f74e0214070 fallback=0
[17:51:42:009] [47174:0000b848] [DEBUG][com.freerdp.client.x11] - [xf_input_touch_remote]: touch_remote: ev=Update id=1913 x=1813 y=1056 rdpei=0x7f74e0214070 fallback=0
[17:51:42:030] [47174:0000b848] [DEBUG][com.freerdp.client.x11] - [xf_input_touch_remote]: touch_remote: ev=Update id=1913 x=1813 y=1056 rdpei=0x7f74e0214070 fallback=0
[17:51:42:060] [47174:0000b848] [DEBUG][com.freerdp.client.x11] - [xf_input_touch_remote]: touch_remote: ev=Update id=1913 x=1813 y=1056 rdpei=0x7f74e0214070 fallback=0
[17:51:42:069] [47174:0000b848] [DEBUG][com.freerdp.client.x11] - [xf_input_touch_remote]: touch_remote: ev=Update id=1913 x=1813 y=1056 rdpei=0x7f74e0214070 fallback=0
[17:51:42:081] [47174:0000b848] [DEBUG][com.freerdp.client.x11] - [xf_input_touch_remote]: touch_remote: ev=Update id=1913 x=1813 y=1056 rdpei=0x7f74e0214070 fallback=0
[17:51:42:090] [47174:0000b848] [DEBUG][com.freerdp.client.x11] - [xf_input_touch_remote]: touch_remote: ev=Update id=1913 x=1813 y=1056 rdpei=0x7f74e0214070 fallback=0
[17:51:42:100] [47174:0000b848] [DEBUG][com.freerdp.client.x11] - [xf_input_touch_remote]: touch_remote: ev=Update id=1913 x=1813 y=1055 rdpei=0x7f74e0214070 fallback=0
[17:51:42:130] [47174:0000b848] [DEBUG][com.freerdp.client.x11] - [xf_input_touch_remote]: touch_remote: ev=Update id=1913 x=1813 y=1056 rdpei=0x7f74e0214070 fallback=0
[17:51:42:140] [47174:0000b848] [DEBUG][com.freerdp.client.x11] - [xf_input_touch_remote]: touch_remote: ev=Update id=1913 x=1813 y=1056 rdpei=0x7f74e0214070 fallback=0
[17:51:42:150] [47174:0000b848] [DEBUG][com.freerdp.client.x11] - [xf_input_touch_remote]: touch_remote: ev=Update id=1913 x=1813 y=1056 rdpei=0x7f74e0214070 fallback=0
[17:51:42:211] [47174:0000b848] [DEBUG][com.freerdp.client.x11] - [xf_input_touch_remote]: touch_remote: ev=Update id=1913 x=1813 y=1056 rdpei=0x7f74e0214070 fallback=0
[17:51:42:251] [47174:0000b848] [DEBUG][com.freerdp.client.x11] - [xf_input_touch_remote]: touch_remote: ev=Update id=1913 x=1813 y=1056 rdpei=0x7f74e0214070 fallback=0
[17:51:42:261] [47174:0000b848] [DEBUG][com.freerdp.client.x11] - [xf_input_touch_remote]: touch_remote: ev=Update id=1913 x=1815 y=1057 rdpei=0x7f74e0214070 fallback=0
[17:51:42:271] [47174:0000b848] [DEBUG][com.freerdp.client.x11] - [xf_input_touch_remote]: touch_remote: ev=Update id=1913 x=1817 y=1058 rdpei=0x7f74e0214070 fallback=0
[17:51:42:281] [47174:0000b848] [DEBUG][com.freerdp.client.x11] - [xf_input_touch_remote]: touch_remote: ev=End id=1913 x=1817 y=1058 rdpei=0x7f74e0214070 fallback=0
[17:51:42:406] [47174:0000b861] [DEBUG][com.freerdp.channels.rdpgfx.client] - [rdpgfx_recv_evict_cache_entry_pdu]: RecvEvictCacheEntryPdu: cacheSlot: 364
[17:51:42:406] [47174:0000b861] [DEBUG][com.freerdp.channels.rdpgfx.client] - [rdpgfx_recv_evict_cache_entry_pdu]: RecvEvictCacheEntryPdu: cacheSlot: 365
[17:51:42:406] [47174:0000b861] [DEBUG][com.freerdp.channels.rdpgfx.client] - [rdpgfx_recv_evict_cache_entry_pdu]: RecvEvictCacheEntryPdu: cacheSlot: 366
[17:51:42:406] [47174:0000b861] [DEBUG][com.freerdp.channels.rdpgfx.client] - [rdpgfx_recv_evict_cache_entry_pdu]: RecvEvictCacheEntryPdu: cacheSlot: 367
[17:51:42:406] [47174:0000b861] [DEBUG][com.freerdp.channels.rdpgfx.client] - [rdpgfx_recv_evict_cache_entry_pdu]: RecvEvictCacheEntryPdu: cacheSlot: 368
[17:51:42:406] [47174:0000b861] [DEBUG][com.freerdp.channels.rdpgfx.client] - [rdpgfx_recv_evict_cache_entry_pdu]: RecvEvictCacheEntryPdu: cacheSlot: 376
[17:51:42:407] [47174:0000b861] [DEBUG][com.freerdp.channels.rdpgfx.client] - [rdpgfx_recv_evict_cache_entry_pdu]: RecvEvictCacheEntryPdu: cacheSlot: 377
[17:51:43:492] [47174:0000b848] [DEBUG][com.freerdp.client.x11] - [xf_input_handle_event_remote]: checking for pen
[17:51:43:493] [47174:0000b848] [DEBUG][com.freerdp.client.x11] - [xf_input_touch_remote]: touch_remote: ev=Begin id=1914 x=2143 y=657 rdpei=0x7f74e0214070 fallback=0
[17:51:43:493] [47174:0000b848] [DEBUG][com.freerdp.client.x11] - [xf_input_touch_remote]: touch_remote: ev=Other id=1914 x=0 y=0 rdpei=0x7f74e0214070 fallback=0
[17:51:43:501] [47174:0000b848] [DEBUG][com.freerdp.client.x11] - [xf_input_touch_remote]: touch_remote: ev=Update id=1914 x=2142 y=657 rdpei=0x7f74e0214070 fallback=0
[17:51:43:511] [47174:0000b848] [DEBUG][com.freerdp.client.x11] - [xf_input_touch_remote]: touch_remote: ev=Update id=1914 x=2142 y=658 rdpei=0x7f74e0214070 fallback=0
[17:51:43:532] [47174:0000b848] [DEBUG][com.freerdp.client.x11] - [xf_input_touch_remote]: touch_remote: ev=Update id=1914 x=2142 y=658 rdpei=0x7f74e0214070 fallback=0
[17:51:43:541] [47174:0000b848] [DEBUG][com.freerdp.client.x11] - [xf_input_touch_remote]: touch_remote: ev=Update id=1914 x=2142 y=658 rdpei=0x7f74e0214070 fallback=0
[17:51:43:552] [47174:0000b848] [DEBUG][com.freerdp.client.x11] - [xf_input_touch_remote]: touch_remote: ev=Update id=1914 x=2142 y=658 rdpei=0x7f74e0214070 fallback=0
[17:51:43:572] [47174:0000b848] [DEBUG][com.freerdp.client.x11] - [xf_input_touch_remote]: touch_remote: ev=Update id=1914 x=2141 y=658 rdpei=0x7f74e0214070 fallback=0
[17:51:43:578] [47174:0000b848] [DEBUG][com.freerdp.client.x11] - [xf_Pointer_Set]: 0x7f74e024b5e0
[17:51:43:578] [47174:0000b848] [DEBUG][com.freerdp.client.x11] - [xf_Pointer_GetCursorForCurrentScale]: scaled: 2560x1600, desktop: 2560x1600
[17:51:43:578] [47174:0000b848] [DEBUG][com.freerdp.client.x11] - [xf_Pointer_GetCursorForCurrentScale]: using cached cursor 0
[17:51:43:582] [47174:0000b848] [DEBUG][com.freerdp.client.x11] - [xf_input_touch_remote]: touch_remote: ev=Update id=1914 x=2141 y=659 rdpei=0x7f74e0214070 fallback=0
[17:51:43:592] [47174:0000b848] [DEBUG][com.freerdp.client.x11] - [xf_input_touch_remote]: touch_remote: ev=Update id=1914 x=2141 y=658 rdpei=0x7f74e0214070 fallback=0
[17:51:43:602] [47174:0000b848] [DEBUG][com.freerdp.client.x11] - [xf_input_touch_remote]: touch_remote: ev=Update id=1914 x=2141 y=658 rdpei=0x7f74e0214070 fallback=0
[17:51:43:612] [47174:0000b848] [DEBUG][com.freerdp.client.x11] - [xf_input_touch_remote]: touch_remote: ev=Update id=1914 x=2141 y=658 rdpei=0x7f74e0214070 fallback=0
[17:51:43:622] [47174:0000b848] [DEBUG][com.freerdp.client.x11] - [xf_input_touch_remote]: touch_remote: ev=Update id=1914 x=2141 y=658 rdpei=0x7f74e0214070 fallback=0
[17:51:43:632] [47174:0000b848] [DEBUG][com.freerdp.client.x11] - [xf_input_touch_remote]: touch_remote: ev=Update id=1914 x=2140 y=659 rdpei=0x7f74e0214070 fallback=0
[17:51:43:642] [47174:0000b848] [DEBUG][com.freerdp.client.x11] - [xf_input_touch_remote]: touch_remote: ev=Update id=1914 x=2140 y=660 rdpei=0x7f74e0214070 fallback=0
[17:51:43:653] [47174:0000b848] [DEBUG][com.freerdp.client.x11] - [xf_input_touch_remote]: touch_remote: ev=Update id=1914 x=2140 y=660 rdpei=0x7f74e0214070 fallback=0
[17:51:43:663] [47174:0000b848] [DEBUG][com.freerdp.client.x11] - [xf_input_touch_remote]: touch_remote: ev=Update id=1914 x=2141 y=659 rdpei=0x7f74e0214070 fallback=0
[17:51:43:673] [47174:0000b848] [DEBUG][com.freerdp.client.x11] - [xf_input_touch_remote]: touch_remote: ev=Update id=1914 x=2141 y=659 rdpei=0x7f74e0214070 fallback=0
[17:51:43:682] [47174:0000b848] [DEBUG][com.freerdp.client.x11] - [xf_input_touch_remote]: touch_remote: ev=Update id=1914 x=2141 y=659 rdpei=0x7f74e0214070 fallback=0
[17:51:43:693] [47174:0000b848] [DEBUG][com.freerdp.client.x11] - [xf_input_touch_remote]: touch_remote: ev=Update id=1914 x=2141 y=659 rdpei=0x7f74e0214070 fallback=0
[17:51:43:723] [47174:0000b848] [DEBUG][com.freerdp.client.x11] - [xf_input_touch_remote]: touch_remote: ev=Update id=1914 x=2141 y=659 rdpei=0x7f74e0214070 fallback=0
[17:51:43:733] [47174:0000b848] [DEBUG][com.freerdp.client.x11] - [xf_input_touch_remote]: touch_remote: ev=Update id=1914 x=2141 y=658 rdpei=0x7f74e0214070 fallback=0
[17:51:43:743] [47174:0000b848] [DEBUG][com.freerdp.client.x11] - [xf_input_touch_remote]: touch_remote: ev=Update id=1914 x=2141 y=659 rdpei=0x7f74e0214070 fallback=0
[17:51:43:753] [47174:0000b848] [DEBUG][com.freerdp.client.x11] - [xf_input_touch_remote]: touch_remote: ev=Update id=1914 x=2141 y=659 rdpei=0x7f74e0214070 fallback=0
[17:51:43:763] [47174:0000b848] [DEBUG][com.freerdp.client.x11] - [xf_input_touch_remote]: touch_remote: ev=Update id=1914 x=2141 y=659 rdpei=0x7f74e0214070 fallback=0
[17:51:43:774] [47174:0000b848] [DEBUG][com.freerdp.client.x11] - [xf_input_touch_remote]: touch_remote: ev=Update id=1914 x=2141 y=660 rdpei=0x7f74e0214070 fallback=0
[17:51:43:783] [47174:0000b848] [DEBUG][com.freerdp.client.x11] - [xf_input_touch_remote]: touch_remote: ev=Update id=1914 x=2141 y=660 rdpei=0x7f74e0214070 fallback=0
[17:51:43:804] [47174:0000b848] [DEBUG][com.freerdp.client.x11] - [xf_input_touch_remote]: touch_remote: ev=Update id=1914 x=2141 y=660 rdpei=0x7f74e0214070 fallback=0
[17:51:43:814] [47174:0000b848] [DEBUG][com.freerdp.client.x11] - [xf_input_touch_remote]: touch_remote: ev=Update id=1914 x=2141 y=659 rdpei=0x7f74e0214070 fallback=0
[17:51:43:824] [47174:0000b848] [DEBUG][com.freerdp.client.x11] - [xf_input_touch_remote]: touch_remote: ev=Update id=1914 x=2141 y=659 rdpei=0x7f74e0214070 fallback=0
[17:51:43:854] [47174:0000b848] [DEBUG][com.freerdp.client.x11] - [xf_input_touch_remote]: touch_remote: ev=Update id=1914 x=2141 y=659 rdpei=0x7f74e0214070 fallback=0
[17:51:43:884] [47174:0000b848] [DEBUG][com.freerdp.client.x11] - [xf_input_touch_remote]: touch_remote: ev=Update id=1914 x=2141 y=659 rdpei=0x7f74e0214070 fallback=0
[17:51:43:905] [47174:0000b848] [DEBUG][com.freerdp.client.x11] - [xf_input_touch_remote]: touch_remote: ev=Update id=1914 x=2141 y=659 rdpei=0x7f74e0214070 fallback=0
[17:51:43:915] [47174:0000b848] [DEBUG][com.freerdp.client.x11] - [xf_input_touch_remote]: touch_remote: ev=Update id=1914 x=2141 y=659 rdpei=0x7f74e0214070 fallback=0
[17:51:43:945] [47174:0000b848] [DEBUG][com.freerdp.client.x11] - [xf_input_touch_remote]: touch_remote: ev=Update id=1914 x=2141 y=659 rdpei=0x7f74e0214070 fallback=0
[17:51:43:985] [47174:0000b848] [DEBUG][com.freerdp.client.x11] - [xf_input_touch_remote]: touch_remote: ev=Update id=1914 x=2141 y=659 rdpei=0x7f74e0214070 fallback=0
[17:51:43:995] [47174:0000b848] [DEBUG][com.freerdp.client.x11] - [xf_input_touch_remote]: touch_remote: ev=Update id=1914 x=2141 y=659 rdpei=0x7f74e0214070 fallback=0
[17:51:44:005] [47174:0000b848] [DEBUG][com.freerdp.client.x11] - [xf_input_touch_remote]: touch_remote: ev=Update id=1914 x=2141 y=659 rdpei=0x7f74e0214070 fallback=0
[17:51:44:066] [47174:0000b848] [DEBUG][com.freerdp.client.x11] - [xf_input_touch_remote]: touch_remote: ev=Update id=1914 x=2141 y=659 rdpei=0x7f74e0214070 fallback=0
[17:51:44:076] [47174:0000b848] [DEBUG][com.freerdp.client.x11] - [xf_input_touch_remote]: touch_remote: ev=Update id=1914 x=2140 y=659 rdpei=0x7f74e0214070 fallback=0
[17:51:44:086] [47174:0000b848] [DEBUG][com.freerdp.client.x11] - [xf_input_touch_remote]: touch_remote: ev=Update id=1914 x=2141 y=659 rdpei=0x7f74e0214070 fallback=0
[17:51:44:116] [47174:0000b848] [DEBUG][com.freerdp.client.x11] - [xf_input_touch_remote]: touch_remote: ev=Update id=1914 x=2141 y=659 rdpei=0x7f74e0214070 fallback=0
[17:51:44:177] [47174:0000b848] [DEBUG][com.freerdp.client.x11] - [xf_input_touch_remote]: touch_remote: ev=Update id=1914 x=2141 y=660 rdpei=0x7f74e0214070 fallback=0
[17:51:44:187] [47174:0000b848] [DEBUG][com.freerdp.client.x11] - [xf_input_touch_remote]: touch_remote: ev=Update id=1914 x=2141 y=659 rdpei=0x7f74e0214070 fallback=0
[17:51:44:197] [47174:0000b848] [DEBUG][com.freerdp.client.x11] - [xf_input_touch_remote]: touch_remote: ev=Update id=1914 x=2141 y=659 rdpei=0x7f74e0214070 fallback=0
[17:51:44:207] [47174:0000b848] [DEBUG][com.freerdp.client.x11] - [xf_input_touch_remote]: touch_remote: ev=Update id=1914 x=2141 y=659 rdpei=0x7f74e0214070 fallback=0
[17:51:44:217] [47174:0000b848] [DEBUG][com.freerdp.client.x11] - [xf_input_touch_remote]: touch_remote: ev=Update id=1914 x=2141 y=659 rdpei=0x7f74e0214070 fallback=0
[17:51:44:227] [47174:0000b848] [DEBUG][com.freerdp.client.x11] - [xf_input_touch_remote]: touch_remote: ev=Update id=1914 x=2141 y=659 rdpei=0x7f74e0214070 fallback=0
[17:51:44:257] [47174:0000b848] [DEBUG][com.freerdp.client.x11] - [xf_input_touch_remote]: touch_remote: ev=Update id=1914 x=2141 y=659 rdpei=0x7f74e0214070 fallback=0
[17:51:44:261] [47174:0000b848] [DEBUG][com.freerdp.client.x11] - [xf_Pointer_Set]: 0x7f74e024b5e0
[17:51:44:261] [47174:0000b848] [DEBUG][com.freerdp.client.x11] - [xf_Pointer_GetCursorForCurrentScale]: scaled: 2560x1600, desktop: 2560x1600
[17:51:44:261] [47174:0000b848] [DEBUG][com.freerdp.client.x11] - [xf_Pointer_GetCursorForCurrentScale]: using cached cursor 0
[17:51:44:298] [47174:0000b848] [DEBUG][com.freerdp.client.x11] - [xf_input_touch_remote]: touch_remote: ev=Update id=1914 x=2141 y=659 rdpei=0x7f74e0214070 fallback=0
[17:51:44:308] [47174:0000b848] [DEBUG][com.freerdp.client.x11] - [xf_input_touch_remote]: touch_remote: ev=Update id=1914 x=2141 y=660 rdpei=0x7f74e0214070 fallback=0
[17:51:44:338] [47174:0000b848] [DEBUG][com.freerdp.client.x11] - [xf_input_touch_remote]: touch_remote: ev=Update id=1914 x=2141 y=659 rdpei=0x7f74e0214070 fallback=0
[17:51:44:378] [47174:0000b848] [DEBUG][com.freerdp.client.x11] - [xf_input_touch_remote]: touch_remote: ev=Update id=1914 x=2141 y=659 rdpei=0x7f74e0214070 fallback=0
[17:51:44:409] [47174:0000b848] [DEBUG][com.freerdp.client.x11] - [xf_input_touch_remote]: touch_remote: ev=Update id=1914 x=2141 y=659 rdpei=0x7f74e0214070 fallback=0
[17:51:44:418] [47174:0000b848] [DEBUG][com.freerdp.client.x11] - [xf_input_touch_remote]: touch_remote: ev=Update id=1914 x=2141 y=659 rdpei=0x7f74e0214070 fallback=0
[17:51:44:439] [47174:0000b848] [DEBUG][com.freerdp.client.x11] - [xf_input_touch_remote]: touch_remote: ev=Update id=1914 x=2141 y=659 rdpei=0x7f74e0214070 fallback=0
[17:51:44:459] [47174:0000b848] [DEBUG][com.freerdp.client.x11] - [xf_input_touch_remote]: touch_remote: ev=Update id=1914 x=2141 y=659 rdpei=0x7f74e0214070 fallback=0
[17:51:44:489] [47174:0000b848] [DEBUG][com.freerdp.client.x11] - [xf_input_touch_remote]: touch_remote: ev=Update id=1914 x=2141 y=659 rdpei=0x7f74e0214070 fallback=0
[17:51:44:510] [47174:0000b848] [DEBUG][com.freerdp.client.x11] - [xf_input_touch_remote]: touch_remote: ev=Update id=1914 x=2141 y=659 rdpei=0x7f74e0214070 fallback=0
[17:51:44:529] [47174:0000b848] [DEBUG][com.freerdp.client.x11] - [xf_input_touch_remote]: touch_remote: ev=Update id=1914 x=2141 y=659 rdpei=0x7f74e0214070 fallback=0
[17:51:44:560] [47174:0000b848] [DEBUG][com.freerdp.client.x11] - [xf_input_touch_remote]: touch_remote: ev=Update id=1914 x=2141 y=659 rdpei=0x7f74e0214070 fallback=0
[17:51:44:580] [47174:0000b848] [DEBUG][com.freerdp.client.x11] - [xf_input_touch_remote]: touch_remote: ev=Update id=1914 x=2141 y=660 rdpei=0x7f74e0214070 fallback=0
[17:51:44:610] [47174:0000b848] [DEBUG][com.freerdp.client.x11] - [xf_input_touch_remote]: touch_remote: ev=Update id=1914 x=2141 y=659 rdpei=0x7f74e0214070 fallback=0
[17:51:44:631] [47174:0000b848] [DEBUG][com.freerdp.client.x11] - [xf_input_touch_remote]: touch_remote: ev=Update id=1914 x=2141 y=659 rdpei=0x7f74e0214070 fallback=0
[17:51:44:661] [47174:0000b848] [DEBUG][com.freerdp.client.x11] - [xf_input_touch_remote]: touch_remote: ev=Update id=1914 x=2141 y=659 rdpei=0x7f74e0214070 fallback=0
[17:51:44:671] [47174:0000b848] [DEBUG][com.freerdp.client.x11] - [xf_input_touch_remote]: touch_remote: ev=Update id=1914 x=2141 y=659 rdpei=0x7f74e0214070 fallback=0
[17:51:44:691] [47174:0000b848] [DEBUG][com.freerdp.client.x11] - [xf_input_touch_remote]: touch_remote: ev=Update id=1914 x=2141 y=659 rdpei=0x7f74e0214070 fallback=0
[17:51:44:711] [47174:0000b848] [DEBUG][com.freerdp.client.x11] - [xf_input_touch_remote]: touch_remote: ev=Update id=1914 x=2141 y=659 rdpei=0x7f74e0214070 fallback=0
[17:51:44:721] [47174:0000b848] [DEBUG][com.freerdp.client.x11] - [xf_input_touch_remote]: touch_remote: ev=Update id=1914 x=2141 y=660 rdpei=0x7f74e0214070 fallback=0
[17:51:44:752] [47174:0000b848] [DEBUG][com.freerdp.client.x11] - [xf_input_touch_remote]: touch_remote: ev=Update id=1914 x=2141 y=659 rdpei=0x7f74e0214070 fallback=0
[17:51:44:761] [47174:0000b848] [DEBUG][com.freerdp.client.x11] - [xf_input_touch_remote]: touch_remote: ev=Update id=1914 x=2141 y=660 rdpei=0x7f74e0214070 fallback=0
[17:51:44:772] [47174:0000b848] [DEBUG][com.freerdp.client.x11] - [xf_input_touch_remote]: touch_remote: ev=Update id=1914 x=2141 y=659 rdpei=0x7f74e0214070 fallback=0
[17:51:44:781] [47174:0000b848] [DEBUG][com.freerdp.client.x11] - [xf_input_touch_remote]: touch_remote: ev=Update id=1914 x=2141 y=659 rdpei=0x7f74e0214070 fallback=0
[17:51:44:812] [47174:0000b848] [DEBUG][com.freerdp.client.x11] - [xf_input_touch_remote]: touch_remote: ev=Update id=1914 x=2141 y=659 rdpei=0x7f74e0214070 fallback=0
[17:51:44:883] [47174:0000b848] [DEBUG][com.freerdp.client.x11] - [xf_input_touch_remote]: touch_remote: ev=Update id=1914 x=2141 y=659 rdpei=0x7f74e0214070 fallback=0
[17:51:44:943] [47174:0000b848] [DEBUG][com.freerdp.client.x11] - [xf_input_touch_remote]: touch_remote: ev=Update id=1914 x=2141 y=659 rdpei=0x7f74e0214070 fallback=0
[17:51:44:983] [47174:0000b848] [DEBUG][com.freerdp.client.x11] - [xf_input_touch_remote]: touch_remote: ev=Update id=1914 x=2141 y=660 rdpei=0x7f74e0214070 fallback=0
[17:51:45:003] [47174:0000b848] [DEBUG][com.freerdp.client.x11] - [xf_input_touch_remote]: touch_remote: ev=Update id=1914 x=2141 y=659 rdpei=0x7f74e0214070 fallback=0
[17:51:45:054] [47174:0000b848] [DEBUG][com.freerdp.client.x11] - [xf_input_touch_remote]: touch_remote: ev=Update id=1914 x=2141 y=660 rdpei=0x7f74e0214070 fallback=0
[17:51:45:064] [47174:0000b848] [DEBUG][com.freerdp.client.x11] - [xf_input_touch_remote]: touch_remote: ev=Update id=1914 x=2141 y=659 rdpei=0x7f74e0214070 fallback=0
[17:51:45:074] [47174:0000b848] [DEBUG][com.freerdp.client.x11] - [xf_input_touch_remote]: touch_remote: ev=Update id=1914 x=2141 y=659 rdpei=0x7f74e0214070 fallback=0
[17:51:45:084] [47174:0000b848] [DEBUG][com.freerdp.client.x11] - [xf_input_touch_remote]: touch_remote: ev=Update id=1914 x=2141 y=659 rdpei=0x7f74e0214070 fallback=0
[17:51:45:094] [47174:0000b848] [DEBUG][com.freerdp.client.x11] - [xf_input_touch_remote]: touch_remote: ev=Update id=1914 x=2141 y=660 rdpei=0x7f74e0214070 fallback=0
[17:51:45:114] [47174:0000b848] [DEBUG][com.freerdp.client.x11] - [xf_input_touch_remote]: touch_remote: ev=Update id=1914 x=2141 y=659 rdpei=0x7f74e0214070 fallback=0
[17:51:45:175] [47174:0000b848] [DEBUG][com.freerdp.client.x11] - [xf_input_touch_remote]: touch_remote: ev=Update id=1914 x=2141 y=660 rdpei=0x7f74e0214070 fallback=0
[17:51:45:185] [47174:0000b848] [DEBUG][com.freerdp.client.x11] - [xf_input_touch_remote]: touch_remote: ev=Update id=1914 x=2141 y=659 rdpei=0x7f74e0214070 fallback=0
[17:51:45:205] [47174:0000b848] [DEBUG][com.freerdp.client.x11] - [xf_input_touch_remote]: touch_remote: ev=Update id=1914 x=2141 y=659 rdpei=0x7f74e0214070 fallback=0
[17:51:45:215] [47174:0000b848] [DEBUG][com.freerdp.client.x11] - [xf_input_touch_remote]: touch_remote: ev=Update id=1914 x=2141 y=659 rdpei=0x7f74e0214070 fallback=0
[17:51:45:235] [47174:0000b848] [DEBUG][com.freerdp.client.x11] - [xf_input_touch_remote]: touch_remote: ev=Update id=1914 x=2141 y=660 rdpei=0x7f74e0214070 fallback=0
[17:51:45:245] [47174:0000b848] [DEBUG][com.freerdp.client.x11] - [xf_input_touch_remote]: touch_remote: ev=Update id=1914 x=2141 y=659 rdpei=0x7f74e0214070 fallback=0
[17:51:45:265] [47174:0000b848] [DEBUG][com.freerdp.client.x11] - [xf_input_touch_remote]: touch_remote: ev=Update id=1914 x=2141 y=660 rdpei=0x7f74e0214070 fallback=0
[17:51:45:276] [47174:0000b848] [DEBUG][com.freerdp.client.x11] - [xf_input_touch_remote]: touch_remote: ev=Update id=1914 x=2141 y=659 rdpei=0x7f74e0214070 fallback=0
[17:51:45:306] [47174:0000b848] [DEBUG][com.freerdp.client.x11] - [xf_input_touch_remote]: touch_remote: ev=Update id=1914 x=2141 y=660 rdpei=0x7f74e0214070 fallback=0
[17:51:45:316] [47174:0000b848] [DEBUG][com.freerdp.client.x11] - [xf_input_touch_remote]: touch_remote: ev=Update id=1914 x=2141 y=659 rdpei=0x7f74e0214070 fallback=0
[17:51:45:326] [47174:0000b848] [DEBUG][com.freerdp.client.x11] - [xf_input_touch_remote]: touch_remote: ev=Update id=1914 x=2141 y=660 rdpei=0x7f74e0214070 fallback=0
[17:51:45:357] [47174:0000b848] [DEBUG][com.freerdp.client.x11] - [xf_input_touch_remote]: touch_remote: ev=Update id=1914 x=2141 y=659 rdpei=0x7f74e0214070 fallback=0
[17:51:45:366] [47174:0000b848] [DEBUG][com.freerdp.client.x11] - [xf_input_touch_remote]: touch_remote: ev=Update id=1914 x=2142 y=659 rdpei=0x7f74e0214070 fallback=0
[17:51:45:376] [47174:0000b848] [DEBUG][com.freerdp.client.x11] - [xf_input_touch_remote]: touch_remote: ev=Update id=1914 x=2143 y=659 rdpei=0x7f74e0214070 fallback=0
[17:51:45:386] [47174:0000b848] [DEBUG][com.freerdp.client.x11] - [xf_input_touch_remote]: touch_remote: ev=Update id=1914 x=2144 y=659 rdpei=0x7f74e0214070 fallback=0
[17:51:45:397] [47174:0000b848] [DEBUG][com.freerdp.client.x11] - [xf_input_touch_remote]: touch_remote: ev=Update id=1914 x=2147 y=659 rdpei=0x7f74e0214070 fallback=0
[17:51:45:406] [47174:0000b848] [DEBUG][com.freerdp.client.x11] - [xf_input_touch_remote]: touch_remote: ev=Update id=1914 x=2150 y=658 rdpei=0x7f74e0214070 fallback=0
[17:51:45:416] [47174:0000b848] [DEBUG][com.freerdp.client.x11] - [xf_input_touch_remote]: touch_remote: ev=End id=1914 x=2150 y=658 rdpei=0x7f74e0214070 fallback=0
[17:51:45:903] [47174:0000b848] [DEBUG][com.freerdp.client.x11] - [xf_input_handle_event_remote]: checking for pen
[17:51:45:904] [47174:0000b848] [DEBUG][com.freerdp.client.x11] - [xf_input_touch_remote]: touch_remote: ev=Begin id=1915 x=1757 y=715 rdpei=0x7f74e0214070 fallback=0
[17:51:45:905] [47174:0000b848] [DEBUG][com.freerdp.client.x11] - [xf_input_touch_remote]: touch_remote: ev=Other id=1915 x=0 y=0 rdpei=0x7f74e0214070 fallback=0
[17:51:45:913] [47174:0000b848] [DEBUG][com.freerdp.client.x11] - [xf_input_touch_remote]: touch_remote: ev=Update id=1915 x=1757 y=715 rdpei=0x7f74e0214070 fallback=0
[17:51:45:923] [47174:0000b848] [DEBUG][com.freerdp.client.x11] - [xf_input_touch_remote]: touch_remote: ev=Update id=1915 x=1757 y=714 rdpei=0x7f74e0214070 fallback=0
[17:51:45:933] [47174:0000b848] [DEBUG][com.freerdp.client.x11] - [xf_input_touch_remote]: touch_remote: ev=Update id=1915 x=1757 y=714 rdpei=0x7f74e0214070 fallback=0
[17:51:45:943] [47174:0000b848] [DEBUG][com.freerdp.client.x11] - [xf_input_touch_remote]: touch_remote: ev=Update id=1915 x=1757 y=714 rdpei=0x7f74e0214070 fallback=0
[17:51:45:953] [47174:0000b848] [DEBUG][com.freerdp.client.x11] - [xf_input_touch_remote]: touch_remote: ev=Update id=1915 x=1757 y=715 rdpei=0x7f74e0214070 fallback=0
[17:51:45:963] [47174:0000b848] [DEBUG][com.freerdp.client.x11] - [xf_input_touch_remote]: touch_remote: ev=Update id=1915 x=1757 y=715 rdpei=0x7f74e0214070 fallback=0
[17:51:45:973] [47174:0000b848] [DEBUG][com.freerdp.client.x11] - [xf_input_touch_remote]: touch_remote: ev=Update id=1915 x=1757 y=715 rdpei=0x7f74e0214070 fallback=0
[17:51:45:983] [47174:0000b848] [DEBUG][com.freerdp.client.x11] - [xf_input_touch_remote]: touch_remote: ev=Update id=1915 x=1757 y=715 rdpei=0x7f74e0214070 fallback=0
[17:51:45:993] [47174:0000b848] [DEBUG][com.freerdp.client.x11] - [xf_input_touch_remote]: touch_remote: ev=Update id=1915 x=1757 y=715 rdpei=0x7f74e0214070 fallback=0
[17:51:46:004] [47174:0000b848] [DEBUG][com.freerdp.client.x11] - [xf_input_touch_remote]: touch_remote: ev=Update id=1915 x=1757 y=714 rdpei=0x7f74e0214070 fallback=0
[17:51:46:013] [47174:0000b848] [DEBUG][com.freerdp.client.x11] - [xf_input_touch_remote]: touch_remote: ev=Update id=1915 x=1757 y=715 rdpei=0x7f74e0214070 fallback=0
[17:51:46:024] [47174:0000b848] [DEBUG][com.freerdp.client.x11] - [xf_input_touch_remote]: touch_remote: ev=Update id=1915 x=1757 y=714 rdpei=0x7f74e0214070 fallback=0
[17:51:46:033] [47174:0000b848] [DEBUG][com.freerdp.client.x11] - [xf_input_touch_remote]: touch_remote: ev=Update id=1915 x=1757 y=714 rdpei=0x7f74e0214070 fallback=0
[17:51:46:043] [47174:0000b848] [DEBUG][com.freerdp.client.x11] - [xf_input_touch_remote]: touch_remote: ev=Update id=1915 x=1755 y=714 rdpei=0x7f74e0214070 fallback=0
[17:51:46:064] [47174:0000b848] [DEBUG][com.freerdp.client.x11] - [xf_input_touch_remote]: touch_remote: ev=Update id=1915 x=1755 y=714 rdpei=0x7f74e0214070 fallback=0
[17:51:46:074] [47174:0000b848] [DEBUG][com.freerdp.client.x11] - [xf_input_touch_remote]: touch_remote: ev=Update id=1915 x=1756 y=714 rdpei=0x7f74e0214070 fallback=0
[17:51:46:084] [47174:0000b848] [DEBUG][com.freerdp.client.x11] - [xf_input_touch_remote]: touch_remote: ev=Update id=1915 x=1756 y=714 rdpei=0x7f74e0214070 fallback=0
[17:51:46:165] [47174:0000b848] [DEBUG][com.freerdp.client.x11] - [xf_input_touch_remote]: touch_remote: ev=Update id=1915 x=1756 y=714 rdpei=0x7f74e0214070 fallback=0
[17:51:46:175] [47174:0000b848] [DEBUG][com.freerdp.client.x11] - [xf_input_touch_remote]: touch_remote: ev=Update id=1915 x=1756 y=714 rdpei=0x7f74e0214070 fallback=0
[17:51:46:185] [47174:0000b848] [DEBUG][com.freerdp.client.x11] - [xf_input_touch_remote]: touch_remote: ev=Update id=1915 x=1755 y=713 rdpei=0x7f74e0214070 fallback=0
[17:51:46:205] [47174:0000b848] [DEBUG][com.freerdp.client.x11] - [xf_input_touch_remote]: touch_remote: ev=Update id=1915 x=1755 y=714 rdpei=0x7f74e0214070 fallback=0
[17:51:46:225] [47174:0000b848] [DEBUG][com.freerdp.client.x11] - [xf_input_touch_remote]: touch_remote: ev=Update id=1915 x=1756 y=714 rdpei=0x7f74e0214070 fallback=0
[17:51:46:265] [47174:0000b848] [DEBUG][com.freerdp.client.x11] - [xf_input_touch_remote]: touch_remote: ev=Update id=1915 x=1756 y=714 rdpei=0x7f74e0214070 fallback=0
[17:51:46:275] [47174:0000b848] [DEBUG][com.freerdp.client.x11] - [xf_input_touch_remote]: touch_remote: ev=Update id=1915 x=1756 y=714 rdpei=0x7f74e0214070 fallback=0
[17:51:46:295] [47174:0000b848] [DEBUG][com.freerdp.client.x11] - [xf_input_touch_remote]: touch_remote: ev=Update id=1915 x=1756 y=713 rdpei=0x7f74e0214070 fallback=0
[17:51:46:305] [47174:0000b848] [DEBUG][com.freerdp.client.x11] - [xf_input_touch_remote]: touch_remote: ev=Update id=1915 x=1756 y=714 rdpei=0x7f74e0214070 fallback=0
[17:51:46:326] [47174:0000b848] [DEBUG][com.freerdp.client.x11] - [xf_input_touch_remote]: touch_remote: ev=Update id=1915 x=1756 y=713 rdpei=0x7f74e0214070 fallback=0
[17:51:46:336] [47174:0000b848] [DEBUG][com.freerdp.client.x11] - [xf_input_touch_remote]: touch_remote: ev=Update id=1915 x=1756 y=714 rdpei=0x7f74e0214070 fallback=0
[17:51:46:346] [47174:0000b848] [DEBUG][com.freerdp.client.x11] - [xf_input_touch_remote]: touch_remote: ev=Update id=1915 x=1756 y=714 rdpei=0x7f74e0214070 fallback=0
[17:51:46:366] [47174:0000b848] [DEBUG][com.freerdp.client.x11] - [xf_input_touch_remote]: touch_remote: ev=Update id=1915 x=1756 y=714 rdpei=0x7f74e0214070 fallback=0
[17:51:46:376] [47174:0000b848] [DEBUG][com.freerdp.client.x11] - [xf_input_touch_remote]: touch_remote: ev=Update id=1915 x=1756 y=713 rdpei=0x7f74e0214070 fallback=0
[17:51:46:396] [47174:0000b848] [DEBUG][com.freerdp.client.x11] - [xf_input_touch_remote]: touch_remote: ev=Update id=1915 x=1755 y=713 rdpei=0x7f74e0214070 fallback=0
[17:51:46:406] [47174:0000b848] [DEBUG][com.freerdp.client.x11] - [xf_input_touch_remote]: touch_remote: ev=Update id=1915 x=1756 y=714 rdpei=0x7f74e0214070 fallback=0
[17:51:46:457] [47174:0000b848] [DEBUG][com.freerdp.client.x11] - [xf_input_touch_remote]: touch_remote: ev=Update id=1915 x=1755 y=714 rdpei=0x7f74e0214070 fallback=0
[17:51:46:467] [47174:0000b848] [DEBUG][com.freerdp.client.x11] - [xf_input_touch_remote]: touch_remote: ev=Update id=1915 x=1756 y=713 rdpei=0x7f74e0214070 fallback=0
[17:51:46:497] [47174:0000b848] [DEBUG][com.freerdp.client.x11] - [xf_input_touch_remote]: touch_remote: ev=Update id=1915 x=1755 y=714 rdpei=0x7f74e0214070 fallback=0
[17:51:46:548] [47174:0000b848] [DEBUG][com.freerdp.client.x11] - [xf_input_touch_remote]: touch_remote: ev=Update id=1915 x=1755 y=714 rdpei=0x7f74e0214070 fallback=0
[17:51:46:558] [47174:0000b848] [DEBUG][com.freerdp.client.x11] - [xf_input_touch_remote]: touch_remote: ev=Update id=1915 x=1756 y=714 rdpei=0x7f74e0214070 fallback=0
[17:51:46:568] [47174:0000b848] [DEBUG][com.freerdp.client.x11] - [xf_input_touch_remote]: touch_remote: ev=Update id=1915 x=1755 y=713 rdpei=0x7f74e0214070 fallback=0
[17:51:46:598] [47174:0000b848] [DEBUG][com.freerdp.client.x11] - [xf_input_touch_remote]: touch_remote: ev=Update id=1915 x=1756 y=714 rdpei=0x7f74e0214070 fallback=0
[17:51:46:618] [47174:0000b848] [DEBUG][com.freerdp.client.x11] - [xf_input_touch_remote]: touch_remote: ev=Update id=1915 x=1756 y=714 rdpei=0x7f74e0214070 fallback=0
[17:51:46:628] [47174:0000b848] [DEBUG][com.freerdp.client.x11] - [xf_input_touch_remote]: touch_remote: ev=Update id=1915 x=1756 y=713 rdpei=0x7f74e0214070 fallback=0
[17:51:46:659] [47174:0000b848] [DEBUG][com.freerdp.client.x11] - [xf_input_touch_remote]: touch_remote: ev=Update id=1915 x=1755 y=713 rdpei=0x7f74e0214070 fallback=0
[17:51:46:679] [47174:0000b848] [DEBUG][com.freerdp.client.x11] - [xf_input_touch_remote]: touch_remote: ev=Update id=1915 x=1755 y=713 rdpei=0x7f74e0214070 fallback=0
[17:51:46:689] [47174:0000b848] [DEBUG][com.freerdp.client.x11] - [xf_input_touch_remote]: touch_remote: ev=Update id=1915 x=1755 y=713 rdpei=0x7f74e0214070 fallback=0
[17:51:46:709] [47174:0000b848] [DEBUG][com.freerdp.client.x11] - [xf_input_touch_remote]: touch_remote: ev=Update id=1915 x=1755 y=714 rdpei=0x7f74e0214070 fallback=0
[17:51:46:719] [47174:0000b848] [DEBUG][com.freerdp.client.x11] - [xf_input_touch_remote]: touch_remote: ev=Update id=1915 x=1755 y=713 rdpei=0x7f74e0214070 fallback=0
[17:51:46:729] [47174:0000b848] [DEBUG][com.freerdp.client.x11] - [xf_input_touch_remote]: touch_remote: ev=Update id=1915 x=1755 y=714 rdpei=0x7f74e0214070 fallback=0
[17:51:46:739] [47174:0000b848] [DEBUG][com.freerdp.client.x11] - [xf_input_touch_remote]: touch_remote: ev=Update id=1915 x=1756 y=713 rdpei=0x7f74e0214070 fallback=0
[17:51:46:749] [47174:0000b848] [DEBUG][com.freerdp.client.x11] - [xf_input_touch_remote]: touch_remote: ev=Update id=1915 x=1755 y=713 rdpei=0x7f74e0214070 fallback=0
[17:51:46:770] [47174:0000b848] [DEBUG][com.freerdp.client.x11] - [xf_input_touch_remote]: touch_remote: ev=Update id=1915 x=1754 y=714 rdpei=0x7f74e0214070 fallback=0
[17:51:46:780] [47174:0000b848] [DEBUG][com.freerdp.client.x11] - [xf_input_touch_remote]: touch_remote: ev=Update id=1915 x=1754 y=713 rdpei=0x7f74e0214070 fallback=0
[17:51:46:789] [47174:0000b848] [DEBUG][com.freerdp.client.x11] - [xf_input_touch_remote]: touch_remote: ev=Update id=1915 x=1754 y=713 rdpei=0x7f74e0214070 fallback=0
[17:51:46:800] [47174:0000b848] [DEBUG][com.freerdp.client.x11] - [xf_input_touch_remote]: touch_remote: ev=Update id=1915 x=1755 y=713 rdpei=0x7f74e0214070 fallback=0
[17:51:46:809] [47174:0000b848] [DEBUG][com.freerdp.client.x11] - [xf_input_touch_remote]: touch_remote: ev=Update id=1915 x=1755 y=713 rdpei=0x7f74e0214070 fallback=0
[17:51:46:820] [47174:0000b848] [DEBUG][com.freerdp.client.x11] - [xf_input_touch_remote]: touch_remote: ev=Update id=1915 x=1755 y=713 rdpei=0x7f74e0214070 fallback=0
[17:51:46:830] [47174:0000b848] [DEBUG][com.freerdp.client.x11] - [xf_input_touch_remote]: touch_remote: ev=Update id=1915 x=1756 y=713 rdpei=0x7f74e0214070 fallback=0
[17:51:46:840] [47174:0000b848] [DEBUG][com.freerdp.client.x11] - [xf_input_touch_remote]: touch_remote: ev=Update id=1915 x=1755 y=713 rdpei=0x7f74e0214070 fallback=0
[17:51:46:860] [47174:0000b848] [DEBUG][com.freerdp.client.x11] - [xf_input_touch_remote]: touch_remote: ev=Update id=1915 x=1755 y=712 rdpei=0x7f74e0214070 fallback=0
[17:51:46:870] [47174:0000b848] [DEBUG][com.freerdp.client.x11] - [xf_input_touch_remote]: touch_remote: ev=Update id=1915 x=1755 y=713 rdpei=0x7f74e0214070 fallback=0
[17:51:46:941] [47174:0000b848] [DEBUG][com.freerdp.client.x11] - [xf_input_touch_remote]: touch_remote: ev=Update id=1915 x=1755 y=712 rdpei=0x7f74e0214070 fallback=0
[17:51:47:002] [47174:0000b848] [DEBUG][com.freerdp.client.x11] - [xf_input_touch_remote]: touch_remote: ev=Update id=1915 x=1754 y=712 rdpei=0x7f74e0214070 fallback=0
[17:51:47:022] [47174:0000b848] [DEBUG][com.freerdp.client.x11] - [xf_input_touch_remote]: touch_remote: ev=Update id=1915 x=1754 y=713 rdpei=0x7f74e0214070 fallback=0
[17:51:47:052] [47174:0000b848] [DEBUG][com.freerdp.client.x11] - [xf_input_touch_remote]: touch_remote: ev=Update id=1915 x=1754 y=712 rdpei=0x7f74e0214070 fallback=0
[17:51:47:103] [47174:0000b848] [DEBUG][com.freerdp.client.x11] - [xf_input_touch_remote]: touch_remote: ev=Update id=1915 x=1755 y=712 rdpei=0x7f74e0214070 fallback=0
[17:51:47:123] [47174:0000b848] [DEBUG][com.freerdp.client.x11] - [xf_input_touch_remote]: touch_remote: ev=Update id=1915 x=1754 y=712 rdpei=0x7f74e0214070 fallback=0
[17:51:47:142] [47174:0000b848] [DEBUG][com.freerdp.client.x11] - [xf_input_touch_remote]: touch_remote: ev=Update id=1915 x=1754 y=712 rdpei=0x7f74e0214070 fallback=0
[17:51:47:153] [47174:0000b848] [DEBUG][com.freerdp.client.x11] - [xf_input_touch_remote]: touch_remote: ev=Update id=1915 x=1754 y=713 rdpei=0x7f74e0214070 fallback=0
[17:51:47:163] [47174:0000b848] [DEBUG][com.freerdp.client.x11] - [xf_input_touch_remote]: touch_remote: ev=Update id=1915 x=1755 y=712 rdpei=0x7f74e0214070 fallback=0
[17:51:47:193] [47174:0000b848] [DEBUG][com.freerdp.client.x11] - [xf_input_touch_remote]: touch_remote: ev=Update id=1915 x=1754 y=712 rdpei=0x7f74e0214070 fallback=0
[17:51:47:223] [47174:0000b848] [DEBUG][com.freerdp.client.x11] - [xf_input_touch_remote]: touch_remote: ev=Update id=1915 x=1755 y=712 rdpei=0x7f74e0214070 fallback=0
[17:51:47:243] [47174:0000b848] [DEBUG][com.freerdp.client.x11] - [xf_input_touch_remote]: touch_remote: ev=Update id=1915 x=1755 y=712 rdpei=0x7f74e0214070 fallback=0
[17:51:47:253] [47174:0000b848] [DEBUG][com.freerdp.client.x11] - [xf_input_touch_remote]: touch_remote: ev=Update id=1915 x=1754 y=712 rdpei=0x7f74e0214070 fallback=0
[17:51:47:284] [47174:0000b848] [DEBUG][com.freerdp.client.x11] - [xf_input_touch_remote]: touch_remote: ev=Update id=1915 x=1755 y=712 rdpei=0x7f74e0214070 fallback=0
[17:51:47:304] [47174:0000b848] [DEBUG][com.freerdp.client.x11] - [xf_input_touch_remote]: touch_remote: ev=Update id=1915 x=1754 y=712 rdpei=0x7f74e0214070 fallback=0
[17:51:47:314] [47174:0000b848] [DEBUG][com.freerdp.client.x11] - [xf_input_touch_remote]: touch_remote: ev=Update id=1915 x=1754 y=712 rdpei=0x7f74e0214070 fallback=0
[17:51:47:334] [47174:0000b848] [DEBUG][com.freerdp.client.x11] - [xf_input_touch_remote]: touch_remote: ev=Update id=1915 x=1754 y=712 rdpei=0x7f74e0214070 fallback=0
[17:51:47:364] [47174:0000b848] [DEBUG][com.freerdp.client.x11] - [xf_input_touch_remote]: touch_remote: ev=Update id=1915 x=1754 y=713 rdpei=0x7f74e0214070 fallback=0
[17:51:47:385] [47174:0000b848] [DEBUG][com.freerdp.client.x11] - [xf_input_touch_remote]: touch_remote: ev=Update id=1915 x=1754 y=712 rdpei=0x7f74e0214070 fallback=0
[17:51:47:414] [47174:0000b848] [DEBUG][com.freerdp.client.x11] - [xf_input_touch_remote]: touch_remote: ev=Update id=1915 x=1754 y=713 rdpei=0x7f74e0214070 fallback=0
[17:51:47:425] [47174:0000b848] [DEBUG][com.freerdp.client.x11] - [xf_input_touch_remote]: touch_remote: ev=Update id=1915 x=1754 y=712 rdpei=0x7f74e0214070 fallback=0
[17:51:47:435] [47174:0000b848] [DEBUG][com.freerdp.client.x11] - [xf_input_touch_remote]: touch_remote: ev=Update id=1915 x=1754 y=712 rdpei=0x7f74e0214070 fallback=0
[17:51:47:445] [47174:0000b848] [DEBUG][com.freerdp.client.x11] - [xf_input_touch_remote]: touch_remote: ev=Update id=1915 x=1754 y=712 rdpei=0x7f74e0214070 fallback=0
[17:51:47:455] [47174:0000b848] [DEBUG][com.freerdp.client.x11] - [xf_input_touch_remote]: touch_remote: ev=Update id=1915 x=1754 y=713 rdpei=0x7f74e0214070 fallback=0
[17:51:47:475] [47174:0000b848] [DEBUG][com.freerdp.client.x11] - [xf_input_touch_remote]: touch_remote: ev=Update id=1915 x=1754 y=712 rdpei=0x7f74e0214070 fallback=0
[17:51:47:495] [47174:0000b848] [DEBUG][com.freerdp.client.x11] - [xf_input_touch_remote]: touch_remote: ev=Update id=1915 x=1754 y=713 rdpei=0x7f74e0214070 fallback=0
[17:51:47:526] [47174:0000b848] [DEBUG][com.freerdp.client.x11] - [xf_input_touch_remote]: touch_remote: ev=Update id=1915 x=1754 y=712 rdpei=0x7f74e0214070 fallback=0
[17:51:47:535] [47174:0000b848] [DEBUG][com.freerdp.client.x11] - [xf_input_touch_remote]: touch_remote: ev=Update id=1915 x=1754 y=713 rdpei=0x7f74e0214070 fallback=0
[17:51:47:545] [47174:0000b848] [DEBUG][com.freerdp.client.x11] - [xf_input_touch_remote]: touch_remote: ev=Update id=1915 x=1754 y=712 rdpei=0x7f74e0214070 fallback=0
[17:51:47:556] [47174:0000b848] [DEBUG][com.freerdp.client.x11] - [xf_input_touch_remote]: touch_remote: ev=Update id=1915 x=1754 y=712 rdpei=0x7f74e0214070 fallback=0
[17:51:47:566] [47174:0000b848] [DEBUG][com.freerdp.client.x11] - [xf_input_touch_remote]: touch_remote: ev=Update id=1915 x=1754 y=712 rdpei=0x7f74e0214070 fallback=0
[17:51:47:576] [47174:0000b848] [DEBUG][com.freerdp.client.x11] - [xf_input_touch_remote]: touch_remote: ev=Update id=1915 x=1754 y=713 rdpei=0x7f74e0214070 fallback=0
[17:51:47:637] [47174:0000b848] [DEBUG][com.freerdp.client.x11] - [xf_input_touch_remote]: touch_remote: ev=Update id=1915 x=1754 y=712 rdpei=0x7f74e0214070 fallback=0
[17:51:47:657] [47174:0000b848] [DEBUG][com.freerdp.client.x11] - [xf_input_touch_remote]: touch_remote: ev=Update id=1915 x=1754 y=713 rdpei=0x7f74e0214070 fallback=0
[17:51:47:666] [47174:0000b848] [DEBUG][com.freerdp.client.x11] - [xf_input_touch_remote]: touch_remote: ev=Update id=1915 x=1753 y=713 rdpei=0x7f74e0214070 fallback=0
[17:51:47:677] [47174:0000b848] [DEBUG][com.freerdp.client.x11] - [xf_input_touch_remote]: touch_remote: ev=Update id=1915 x=1753 y=713 rdpei=0x7f74e0214070 fallback=0
[17:51:47:687] [47174:0000b848] [DEBUG][com.freerdp.client.x11] - [xf_input_touch_remote]: touch_remote: ev=Update id=1915 x=1754 y=713 rdpei=0x7f74e0214070 fallback=0
[17:51:47:697] [47174:0000b848] [DEBUG][com.freerdp.client.x11] - [xf_input_touch_remote]: touch_remote: ev=Update id=1915 x=1754 y=712 rdpei=0x7f74e0214070 fallback=0
[17:51:47:717] [47174:0000b848] [DEBUG][com.freerdp.client.x11] - [xf_input_touch_remote]: touch_remote: ev=Update id=1915 x=1754 y=713 rdpei=0x7f74e0214070 fallback=0
[17:51:47:737] [47174:0000b848] [DEBUG][com.freerdp.client.x11] - [xf_input_touch_remote]: touch_remote: ev=Update id=1915 x=1754 y=712 rdpei=0x7f74e0214070 fallback=0
[17:51:47:757] [47174:0000b848] [DEBUG][com.freerdp.client.x11] - [xf_input_touch_remote]: touch_remote: ev=Update id=1915 x=1755 y=712 rdpei=0x7f74e0214070 fallback=0
[17:51:47:767] [47174:0000b848] [DEBUG][com.freerdp.client.x11] - [xf_input_touch_remote]: touch_remote: ev=Update id=1915 x=1754 y=712 rdpei=0x7f74e0214070 fallback=0
[17:51:47:778] [47174:0000b848] [DEBUG][com.freerdp.client.x11] - [xf_input_touch_remote]: touch_remote: ev=Update id=1915 x=1755 y=712 rdpei=0x7f74e0214070 fallback=0
[17:51:47:788] [47174:0000b848] [DEBUG][com.freerdp.client.x11] - [xf_input_touch_remote]: touch_remote: ev=Update id=1915 x=1756 y=712 rdpei=0x7f74e0214070 fallback=0
[17:51:47:798] [47174:0000b848] [DEBUG][com.freerdp.client.x11] - [xf_input_touch_remote]: touch_remote: ev=Update id=1915 x=1757 y=712 rdpei=0x7f74e0214070 fallback=0
[17:51:47:808] [47174:0000b848] [DEBUG][com.freerdp.client.x11] - [xf_input_touch_remote]: touch_remote: ev=Update id=1915 x=1757 y=712 rdpei=0x7f74e0214070 fallback=0
[17:51:47:818] [47174:0000b848] [DEBUG][com.freerdp.client.x11] - [xf_input_touch_remote]: touch_remote: ev=Update id=1915 x=1758 y=712 rdpei=0x7f74e0214070 fallback=0
[17:51:47:827] [47174:0000b848] [DEBUG][com.freerdp.client.x11] - [xf_input_touch_remote]: touch_remote: ev=End id=1915 x=1758 y=712 rdpei=0x7f74e0214070 fallback=0
[17:51:48:131] [47174:0000b848] [DEBUG][com.freerdp.client.x11] - [xf_input_handle_event_remote]: checking for pen
[17:51:48:132] [47174:0000b848] [DEBUG][com.freerdp.client.x11] - [xf_input_touch_remote]: touch_remote: ev=Begin id=1916 x=1573 y=1050 rdpei=0x7f74e0214070 fallback=0
[17:51:48:132] [47174:0000b848] [DEBUG][com.freerdp.client.x11] - [xf_input_touch_remote]: touch_remote: ev=Other id=1916 x=0 y=0 rdpei=0x7f74e0214070 fallback=0
[17:51:48:141] [47174:0000b848] [DEBUG][com.freerdp.client.x11] - [xf_input_touch_remote]: touch_remote: ev=Update id=1916 x=1573 y=1050 rdpei=0x7f74e0214070 fallback=0
[17:51:48:161] [47174:0000b848] [DEBUG][com.freerdp.client.x11] - [xf_input_touch_remote]: touch_remote: ev=Update id=1916 x=1573 y=1050 rdpei=0x7f74e0214070 fallback=0
[17:51:48:171] [47174:0000b848] [DEBUG][com.freerdp.client.x11] - [xf_input_touch_remote]: touch_remote: ev=Update id=1916 x=1573 y=1050 rdpei=0x7f74e0214070 fallback=0
[17:51:48:181] [47174:0000b848] [DEBUG][com.freerdp.client.x11] - [xf_input_touch_remote]: touch_remote: ev=Update id=1916 x=1573 y=1050 rdpei=0x7f74e0214070 fallback=0
[17:51:48:191] [47174:0000b848] [DEBUG][com.freerdp.client.x11] - [xf_input_touch_remote]: touch_remote: ev=Update id=1916 x=1573 y=1051 rdpei=0x7f74e0214070 fallback=0
[17:51:48:201] [47174:0000b848] [DEBUG][com.freerdp.client.x11] - [xf_input_touch_remote]: touch_remote: ev=Update id=1916 x=1572 y=1050 rdpei=0x7f74e0214070 fallback=0
[17:51:48:211] [47174:0000b848] [DEBUG][com.freerdp.client.x11] - [xf_input_touch_remote]: touch_remote: ev=Update id=1916 x=1572 y=1049 rdpei=0x7f74e0214070 fallback=0
[17:51:48:213] [47174:0000b848] [DEBUG][com.freerdp.client.x11] - [xf_Pointer_SetNull]: called
[17:51:48:221] [47174:0000b848] [DEBUG][com.freerdp.client.x11] - [xf_input_touch_remote]: touch_remote: ev=Update id=1916 x=1573 y=1050 rdpei=0x7f74e0214070 fallback=0
[17:51:48:231] [47174:0000b848] [DEBUG][com.freerdp.client.x11] - [xf_input_touch_remote]: touch_remote: ev=Update id=1916 x=1573 y=1051 rdpei=0x7f74e0214070 fallback=0
[17:51:48:241] [47174:0000b848] [DEBUG][com.freerdp.client.x11] - [xf_input_touch_remote]: touch_remote: ev=Update id=1916 x=1572 y=1050 rdpei=0x7f74e0214070 fallback=0
[17:51:48:251] [47174:0000b848] [DEBUG][com.freerdp.client.x11] - [xf_input_touch_remote]: touch_remote: ev=Update id=1916 x=1572 y=1051 rdpei=0x7f74e0214070 fallback=0
[17:51:48:262] [47174:0000b848] [DEBUG][com.freerdp.client.x11] - [xf_input_touch_remote]: touch_remote: ev=Update id=1916 x=1571 y=1050 rdpei=0x7f74e0214070 fallback=0
[17:51:48:271] [47174:0000b848] [DEBUG][com.freerdp.client.x11] - [xf_input_touch_remote]: touch_remote: ev=Update id=1916 x=1569 y=1052 rdpei=0x7f74e0214070 fallback=0
[17:51:48:282] [47174:0000b848] [DEBUG][com.freerdp.client.x11] - [xf_input_touch_remote]: touch_remote: ev=Update id=1916 x=1569 y=1051 rdpei=0x7f74e0214070 fallback=0
[17:51:48:292] [47174:0000b848] [DEBUG][com.freerdp.client.x11] - [xf_input_touch_remote]: touch_remote: ev=Update id=1916 x=1570 y=1051 rdpei=0x7f74e0214070 fallback=0
[17:51:48:302] [47174:0000b848] [DEBUG][com.freerdp.client.x11] - [xf_input_touch_remote]: touch_remote: ev=Update id=1916 x=1571 y=1051 rdpei=0x7f74e0214070 fallback=0
[17:51:48:312] [47174:0000b848] [DEBUG][com.freerdp.client.x11] - [xf_input_touch_remote]: touch_remote: ev=Update id=1916 x=1572 y=1051 rdpei=0x7f74e0214070 fallback=0
[17:51:48:322] [47174:0000b848] [DEBUG][com.freerdp.client.x11] - [xf_input_touch_remote]: touch_remote: ev=Update id=1916 x=1571 y=1051 rdpei=0x7f74e0214070 fallback=0
[17:51:48:332] [47174:0000b848] [DEBUG][com.freerdp.client.x11] - [xf_input_touch_remote]: touch_remote: ev=Update id=1916 x=1571 y=1051 rdpei=0x7f74e0214070 fallback=0
[17:51:48:342] [47174:0000b848] [DEBUG][com.freerdp.client.x11] - [xf_input_touch_remote]: touch_remote: ev=Update id=1916 x=1572 y=1051 rdpei=0x7f74e0214070 fallback=0
[17:51:48:352] [47174:0000b848] [DEBUG][com.freerdp.client.x11] - [xf_input_touch_remote]: touch_remote: ev=Update id=1916 x=1572 y=1051 rdpei=0x7f74e0214070 fallback=0
[17:51:48:373] [47174:0000b848] [DEBUG][com.freerdp.client.x11] - [xf_input_touch_remote]: touch_remote: ev=Update id=1916 x=1572 y=1051 rdpei=0x7f74e0214070 fallback=0
[17:51:48:382] [47174:0000b848] [DEBUG][com.freerdp.client.x11] - [xf_input_touch_remote]: touch_remote: ev=Update id=1916 x=1572 y=1051 rdpei=0x7f74e0214070 fallback=0
[17:51:48:403] [47174:0000b848] [DEBUG][com.freerdp.client.x11] - [xf_input_touch_remote]: touch_remote: ev=Update id=1916 x=1573 y=1051 rdpei=0x7f74e0214070 fallback=0
[17:51:48:413] [47174:0000b848] [DEBUG][com.freerdp.client.x11] - [xf_input_touch_remote]: touch_remote: ev=Update id=1916 x=1571 y=1052 rdpei=0x7f74e0214070 fallback=0
[17:51:48:433] [47174:0000b848] [DEBUG][com.freerdp.client.x11] - [xf_input_touch_remote]: touch_remote: ev=Update id=1916 x=1572 y=1051 rdpei=0x7f74e0214070 fallback=0
[17:51:48:453] [47174:0000b848] [DEBUG][com.freerdp.client.x11] - [xf_input_touch_remote]: touch_remote: ev=Update id=1916 x=1573 y=1051 rdpei=0x7f74e0214070 fallback=0
[17:51:48:460] [47174:0000b861] [DEBUG][com.freerdp.channels.rdpgfx.client] - [rdpgfx_recv_evict_cache_entry_pdu]: RecvEvictCacheEntryPdu: cacheSlot: 378
[17:51:48:460] [47174:0000b861] [DEBUG][com.freerdp.channels.rdpgfx.client] - [rdpgfx_recv_evict_cache_entry_pdu]: RecvEvictCacheEntryPdu: cacheSlot: 379
[17:51:48:460] [47174:0000b861] [DEBUG][com.freerdp.channels.rdpgfx.client] - [rdpgfx_recv_evict_cache_entry_pdu]: RecvEvictCacheEntryPdu: cacheSlot: 380
[17:51:48:460] [47174:0000b861] [DEBUG][com.freerdp.channels.rdpgfx.client] - [rdpgfx_recv_evict_cache_entry_pdu]: RecvEvictCacheEntryPdu: cacheSlot: 381
[17:51:48:460] [47174:0000b861] [DEBUG][com.freerdp.channels.rdpgfx.client] - [rdpgfx_recv_evict_cache_entry_pdu]: RecvEvictCacheEntryPdu: cacheSlot: 382
[17:51:48:460] [47174:0000b861] [DEBUG][com.freerdp.channels.rdpgfx.client] - [rdpgfx_recv_evict_cache_entry_pdu]: RecvEvictCacheEntryPdu: cacheSlot: 383
[17:51:48:460] [47174:0000b861] [DEBUG][com.freerdp.channels.rdpgfx.client] - [rdpgfx_recv_evict_cache_entry_pdu]: RecvEvictCacheEntryPdu: cacheSlot: 384
[17:51:48:460] [47174:0000b861] [DEBUG][com.freerdp.channels.rdpgfx.client] - [rdpgfx_recv_evict_cache_entry_pdu]: RecvEvictCacheEntryPdu: cacheSlot: 385
[17:51:48:460] [47174:0000b861] [DEBUG][com.freerdp.channels.rdpgfx.client] - [rdpgfx_recv_evict_cache_entry_pdu]: RecvEvictCacheEntryPdu: cacheSlot: 386
[17:51:48:463] [47174:0000b848] [DEBUG][com.freerdp.client.x11] - [xf_input_touch_remote]: touch_remote: ev=Update id=1916 x=1572 y=1051 rdpei=0x7f74e0214070 fallback=0
[17:51:48:473] [47174:0000b848] [DEBUG][com.freerdp.client.x11] - [xf_input_touch_remote]: touch_remote: ev=Update id=1916 x=1572 y=1052 rdpei=0x7f74e0214070 fallback=0
[17:51:48:484] [47174:0000b848] [DEBUG][com.freerdp.client.x11] - [xf_input_touch_remote]: touch_remote: ev=Update id=1916 x=1572 y=1051 rdpei=0x7f74e0214070 fallback=0
[17:51:48:574] [47174:0000b848] [DEBUG][com.freerdp.client.x11] - [xf_input_touch_remote]: touch_remote: ev=Update id=1916 x=1571 y=1051 rdpei=0x7f74e0214070 fallback=0
[17:51:48:595] [47174:0000b848] [DEBUG][com.freerdp.client.x11] - [xf_input_touch_remote]: touch_remote: ev=Update id=1916 x=1571 y=1051 rdpei=0x7f74e0214070 fallback=0
[17:51:48:604] [47174:0000b848] [DEBUG][com.freerdp.client.x11] - [xf_input_touch_remote]: touch_remote: ev=Update id=1916 x=1572 y=1051 rdpei=0x7f74e0214070 fallback=0
[17:51:48:625] [47174:0000b848] [DEBUG][com.freerdp.client.x11] - [xf_input_touch_remote]: touch_remote: ev=Update id=1916 x=1572 y=1051 rdpei=0x7f74e0214070 fallback=0
[17:51:48:635] [47174:0000b848] [DEBUG][com.freerdp.client.x11] - [xf_input_touch_remote]: touch_remote: ev=Update id=1916 x=1571 y=1051 rdpei=0x7f74e0214070 fallback=0
[17:51:48:645] [47174:0000b848] [DEBUG][com.freerdp.client.x11] - [xf_input_touch_remote]: touch_remote: ev=Update id=1916 x=1571 y=1051 rdpei=0x7f74e0214070 fallback=0
[17:51:48:655] [47174:0000b848] [DEBUG][com.freerdp.client.x11] - [xf_input_touch_remote]: touch_remote: ev=Update id=1916 x=1572 y=1051 rdpei=0x7f74e0214070 fallback=0
[17:51:48:665] [47174:0000b848] [DEBUG][com.freerdp.client.x11] - [xf_input_touch_remote]: touch_remote: ev=Update id=1916 x=1571 y=1051 rdpei=0x7f74e0214070 fallback=0
[17:51:48:685] [47174:0000b848] [DEBUG][com.freerdp.client.x11] - [xf_input_touch_remote]: touch_remote: ev=Update id=1916 x=1571 y=1051 rdpei=0x7f74e0214070 fallback=0
[17:51:48:695] [47174:0000b848] [DEBUG][com.freerdp.client.x11] - [xf_input_touch_remote]: touch_remote: ev=Update id=1916 x=1570 y=1051 rdpei=0x7f74e0214070 fallback=0
[17:51:48:715] [47174:0000b848] [DEBUG][com.freerdp.client.x11] - [xf_input_touch_remote]: touch_remote: ev=Update id=1916 x=1570 y=1051 rdpei=0x7f74e0214070 fallback=0
[17:51:48:725] [47174:0000b848] [DEBUG][com.freerdp.client.x11] - [xf_input_touch_remote]: touch_remote: ev=Update id=1916 x=1571 y=1051 rdpei=0x7f74e0214070 fallback=0
[17:51:48:756] [47174:0000b848] [DEBUG][com.freerdp.client.x11] - [xf_input_touch_remote]: touch_remote: ev=Update id=1916 x=1571 y=1051 rdpei=0x7f74e0214070 fallback=0
[17:51:48:766] [47174:0000b848] [DEBUG][com.freerdp.client.x11] - [xf_input_touch_remote]: touch_remote: ev=Update id=1916 x=1571 y=1051 rdpei=0x7f74e0214070 fallback=0
[17:51:48:796] [47174:0000b848] [DEBUG][com.freerdp.client.x11] - [xf_input_touch_remote]: touch_remote: ev=Update id=1916 x=1571 y=1051 rdpei=0x7f74e0214070 fallback=0
[17:51:48:816] [47174:0000b848] [DEBUG][com.freerdp.client.x11] - [xf_input_touch_remote]: touch_remote: ev=Update id=1916 x=1571 y=1051 rdpei=0x7f74e0214070 fallback=0
[17:51:48:836] [47174:0000b861] [DEBUG][com.freerdp.channels.rdpgfx.client] - [rdpgfx_recv_evict_cache_entry_pdu]: RecvEvictCacheEntryPdu: cacheSlot: 394
[17:51:48:836] [47174:0000b861] [DEBUG][com.freerdp.channels.rdpgfx.client] - [rdpgfx_recv_evict_cache_entry_pdu]: RecvEvictCacheEntryPdu: cacheSlot: 395
[17:51:48:836] [47174:0000b861] [DEBUG][com.freerdp.channels.rdpgfx.client] - [rdpgfx_recv_evict_cache_entry_pdu]: RecvEvictCacheEntryPdu: cacheSlot: 397
[17:51:48:836] [47174:0000b861] [DEBUG][com.freerdp.channels.rdpgfx.client] - [rdpgfx_recv_evict_cache_entry_pdu]: RecvEvictCacheEntryPdu: cacheSlot: 398
[17:51:48:836] [47174:0000b861] [DEBUG][com.freerdp.channels.rdpgfx.client] - [rdpgfx_recv_evict_cache_entry_pdu]: RecvEvictCacheEntryPdu: cacheSlot: 399
[17:51:48:847] [47174:0000b848] [DEBUG][com.freerdp.client.x11] - [xf_input_touch_remote]: touch_remote: ev=Update id=1916 x=1571 y=1051 rdpei=0x7f74e0214070 fallback=0
[17:51:48:866] [47174:0000b848] [DEBUG][com.freerdp.client.x11] - [xf_input_touch_remote]: touch_remote: ev=Update id=1916 x=1571 y=1051 rdpei=0x7f74e0214070 fallback=0
[17:51:48:887] [47174:0000b848] [DEBUG][com.freerdp.client.x11] - [xf_input_touch_remote]: touch_remote: ev=Update id=1916 x=1570 y=1051 rdpei=0x7f74e0214070 fallback=0
[17:51:48:907] [47174:0000b848] [DEBUG][com.freerdp.client.x11] - [xf_input_touch_remote]: touch_remote: ev=Update id=1916 x=1570 y=1051 rdpei=0x7f74e0214070 fallback=0
[17:51:48:927] [47174:0000b848] [DEBUG][com.freerdp.client.x11] - [xf_input_touch_remote]: touch_remote: ev=Update id=1916 x=1570 y=1051 rdpei=0x7f74e0214070 fallback=0
[17:51:48:947] [47174:0000b848] [DEBUG][com.freerdp.client.x11] - [xf_input_touch_remote]: touch_remote: ev=Update id=1916 x=1570 y=1051 rdpei=0x7f74e0214070 fallback=0
[17:51:48:957] [47174:0000b848] [DEBUG][com.freerdp.client.x11] - [xf_input_touch_remote]: touch_remote: ev=Update id=1916 x=1570 y=1051 rdpei=0x7f74e0214070 fallback=0
[17:51:48:977] [47174:0000b848] [DEBUG][com.freerdp.client.x11] - [xf_input_touch_remote]: touch_remote: ev=Update id=1916 x=1570 y=1051 rdpei=0x7f74e0214070 fallback=0
[17:51:48:987] [47174:0000b848] [DEBUG][com.freerdp.client.x11] - [xf_input_touch_remote]: touch_remote: ev=Update id=1916 x=1570 y=1051 rdpei=0x7f74e0214070 fallback=0
[17:51:48:997] [47174:0000b848] [DEBUG][com.freerdp.client.x11] - [xf_input_touch_remote]: touch_remote: ev=Update id=1916 x=1570 y=1051 rdpei=0x7f74e0214070 fallback=0
[17:51:49:008] [47174:0000b848] [DEBUG][com.freerdp.client.x11] - [xf_input_touch_remote]: touch_remote: ev=Update id=1916 x=1569 y=1050 rdpei=0x7f74e0214070 fallback=0
[17:51:49:018] [47174:0000b848] [DEBUG][com.freerdp.client.x11] - [xf_input_touch_remote]: touch_remote: ev=Update id=1916 x=1570 y=1051 rdpei=0x7f74e0214070 fallback=0
[17:51:49:028] [47174:0000b848] [DEBUG][com.freerdp.client.x11] - [xf_input_touch_remote]: touch_remote: ev=Update id=1916 x=1570 y=1051 rdpei=0x7f74e0214070 fallback=0
[17:51:49:038] [47174:0000b848] [DEBUG][com.freerdp.client.x11] - [xf_input_touch_remote]: touch_remote: ev=Update id=1916 x=1570 y=1051 rdpei=0x7f74e0214070 fallback=0
[17:51:49:058] [47174:0000b848] [DEBUG][com.freerdp.client.x11] - [xf_input_touch_remote]: touch_remote: ev=Update id=1916 x=1570 y=1051 rdpei=0x7f74e0214070 fallback=0
[17:51:49:068] [47174:0000b848] [DEBUG][com.freerdp.client.x11] - [xf_input_touch_remote]: touch_remote: ev=Update id=1916 x=1571 y=1051 rdpei=0x7f74e0214070 fallback=0
[17:51:49:078] [47174:0000b848] [DEBUG][com.freerdp.client.x11] - [xf_input_touch_remote]: touch_remote: ev=Update id=1916 x=1570 y=1050 rdpei=0x7f74e0214070 fallback=0
[17:51:49:098] [47174:0000b848] [DEBUG][com.freerdp.client.x11] - [xf_input_touch_remote]: touch_remote: ev=Update id=1916 x=1569 y=1051 rdpei=0x7f74e0214070 fallback=0
[17:51:49:108] [47174:0000b848] [DEBUG][com.freerdp.client.x11] - [xf_input_touch_remote]: touch_remote: ev=Update id=1916 x=1569 y=1050 rdpei=0x7f74e0214070 fallback=0
[17:51:49:119] [47174:0000b848] [DEBUG][com.freerdp.client.x11] - [xf_input_touch_remote]: touch_remote: ev=Update id=1916 x=1570 y=1051 rdpei=0x7f74e0214070 fallback=0
[17:51:49:139] [47174:0000b848] [DEBUG][com.freerdp.client.x11] - [xf_input_touch_remote]: touch_remote: ev=Update id=1916 x=1569 y=1051 rdpei=0x7f74e0214070 fallback=0
[17:51:49:169] [47174:0000b848] [DEBUG][com.freerdp.client.x11] - [xf_input_touch_remote]: touch_remote: ev=Update id=1916 x=1569 y=1051 rdpei=0x7f74e0214070 fallback=0
[17:51:49:179] [47174:0000b848] [DEBUG][com.freerdp.client.x11] - [xf_input_touch_remote]: touch_remote: ev=Update id=1916 x=1569 y=1051 rdpei=0x7f74e0214070 fallback=0
[17:51:49:209] [47174:0000b848] [DEBUG][com.freerdp.client.x11] - [xf_input_touch_remote]: touch_remote: ev=Update id=1916 x=1569 y=1051 rdpei=0x7f74e0214070 fallback=0
[17:51:49:230] [47174:0000b848] [DEBUG][com.freerdp.client.x11] - [xf_input_touch_remote]: touch_remote: ev=Update id=1916 x=1569 y=1050 rdpei=0x7f74e0214070 fallback=0
[17:51:49:239] [47174:0000b848] [DEBUG][com.freerdp.client.x11] - [xf_input_touch_remote]: touch_remote: ev=Update id=1916 x=1569 y=1051 rdpei=0x7f74e0214070 fallback=0
[17:51:49:249] [47174:0000b848] [DEBUG][com.freerdp.client.x11] - [xf_input_touch_remote]: touch_remote: ev=Update id=1916 x=1570 y=1051 rdpei=0x7f74e0214070 fallback=0
[17:51:49:260] [47174:0000b848] [DEBUG][com.freerdp.client.x11] - [xf_input_touch_remote]: touch_remote: ev=Update id=1916 x=1570 y=1051 rdpei=0x7f74e0214070 fallback=0
[17:51:49:269] [47174:0000b848] [DEBUG][com.freerdp.client.x11] - [xf_input_touch_remote]: touch_remote: ev=Update id=1916 x=1570 y=1051 rdpei=0x7f74e0214070 fallback=0
[17:51:49:300] [47174:0000b848] [DEBUG][com.freerdp.client.x11] - [xf_input_touch_remote]: touch_remote: ev=Update id=1916 x=1570 y=1051 rdpei=0x7f74e0214070 fallback=0
[17:51:49:320] [47174:0000b848] [DEBUG][com.freerdp.client.x11] - [xf_input_touch_remote]: touch_remote: ev=Update id=1916 x=1570 y=1051 rdpei=0x7f74e0214070 fallback=0
[17:51:49:340] [47174:0000b848] [DEBUG][com.freerdp.client.x11] - [xf_input_touch_remote]: touch_remote: ev=Update id=1916 x=1570 y=1051 rdpei=0x7f74e0214070 fallback=0
[17:51:49:350] [47174:0000b848] [DEBUG][com.freerdp.client.x11] - [xf_input_touch_remote]: touch_remote: ev=Update id=1916 x=1569 y=1051 rdpei=0x7f74e0214070 fallback=0
[17:51:49:370] [47174:0000b848] [DEBUG][com.freerdp.client.x11] - [xf_input_touch_remote]: touch_remote: ev=Update id=1916 x=1570 y=1051 rdpei=0x7f74e0214070 fallback=0
[17:51:49:380] [47174:0000b848] [DEBUG][com.freerdp.client.x11] - [xf_input_touch_remote]: touch_remote: ev=Update id=1916 x=1571 y=1051 rdpei=0x7f74e0214070 fallback=0
[17:51:49:391] [47174:0000b848] [DEBUG][com.freerdp.client.x11] - [xf_input_touch_remote]: touch_remote: ev=End id=1916 x=1571 y=1051 rdpei=0x7f74e0214070 fallback=0
[17:51:49:495] [47174:0000b861] [DEBUG][com.freerdp.channels.rdpgfx.client] - [rdpgfx_recv_evict_cache_entry_pdu]: RecvEvictCacheEntryPdu: cacheSlot: 400
[17:51:49:495] [47174:0000b861] [DEBUG][com.freerdp.channels.rdpgfx.client] - [rdpgfx_recv_evict_cache_entry_pdu]: RecvEvictCacheEntryPdu: cacheSlot: 401
[17:51:49:495] [47174:0000b861] [DEBUG][com.freerdp.channels.rdpgfx.client] - [rdpgfx_recv_evict_cache_entry_pdu]: RecvEvictCacheEntryPdu: cacheSlot: 597
[17:51:50:359] [47174:0000b848] [DEBUG][com.freerdp.client.x11] - [xf_input_handle_event_remote]: checking for pen
[17:51:50:360] [47174:0000b848] [DEBUG][com.freerdp.client.x11] - [xf_input_touch_remote]: touch_remote: ev=Begin id=1917 x=1854 y=1338 rdpei=0x7f74e0214070 fallback=0
[17:51:50:361] [47174:0000b848] [DEBUG][com.freerdp.client.x11] - [xf_input_touch_remote]: touch_remote: ev=Other id=1917 x=0 y=0 rdpei=0x7f74e0214070 fallback=0
[17:51:50:369] [47174:0000b848] [DEBUG][com.freerdp.client.x11] - [xf_input_touch_remote]: touch_remote: ev=Update id=1917 x=1853 y=1338 rdpei=0x7f74e0214070 fallback=0
[17:51:50:379] [47174:0000b848] [DEBUG][com.freerdp.client.x11] - [xf_input_touch_remote]: touch_remote: ev=Update id=1917 x=1854 y=1338 rdpei=0x7f74e0214070 fallback=0
[17:51:50:389] [47174:0000b848] [DEBUG][com.freerdp.client.x11] - [xf_input_touch_remote]: touch_remote: ev=Update id=1917 x=1854 y=1339 rdpei=0x7f74e0214070 fallback=0
[17:51:50:399] [47174:0000b848] [DEBUG][com.freerdp.client.x11] - [xf_input_touch_remote]: touch_remote: ev=Update id=1917 x=1853 y=1338 rdpei=0x7f74e0214070 fallback=0
[17:51:50:409] [47174:0000b848] [DEBUG][com.freerdp.client.x11] - [xf_input_touch_remote]: touch_remote: ev=Update id=1917 x=1854 y=1338 rdpei=0x7f74e0214070 fallback=0
[17:51:50:419] [47174:0000b848] [DEBUG][com.freerdp.client.x11] - [xf_input_touch_remote]: touch_remote: ev=Update id=1917 x=1855 y=1338 rdpei=0x7f74e0214070 fallback=0
[17:51:50:429] [47174:0000b848] [DEBUG][com.freerdp.client.x11] - [xf_input_touch_remote]: touch_remote: ev=Update id=1917 x=1854 y=1338 rdpei=0x7f74e0214070 fallback=0
[17:51:50:439] [47174:0000b848] [DEBUG][com.freerdp.client.x11] - [xf_input_touch_remote]: touch_remote: ev=Update id=1917 x=1854 y=1339 rdpei=0x7f74e0214070 fallback=0
[17:51:50:446] [47174:0000b848] [DEBUG][com.freerdp.client.x11] - [xf_Pointer_Set]: 0x7f74e024b5e0
[17:51:50:446] [47174:0000b848] [DEBUG][com.freerdp.client.x11] - [xf_Pointer_GetCursorForCurrentScale]: scaled: 2560x1600, desktop: 2560x1600
[17:51:50:446] [47174:0000b848] [DEBUG][com.freerdp.client.x11] - [xf_Pointer_GetCursorForCurrentScale]: using cached cursor 0
[17:51:50:449] [47174:0000b848] [DEBUG][com.freerdp.client.x11] - [xf_input_touch_remote]: touch_remote: ev=Update id=1917 x=1855 y=1338 rdpei=0x7f74e0214070 fallback=0
[17:51:50:459] [47174:0000b848] [DEBUG][com.freerdp.client.x11] - [xf_input_touch_remote]: touch_remote: ev=Update id=1917 x=1855 y=1338 rdpei=0x7f74e0214070 fallback=0
[17:51:50:469] [47174:0000b848] [DEBUG][com.freerdp.client.x11] - [xf_input_touch_remote]: touch_remote: ev=Update id=1917 x=1854 y=1339 rdpei=0x7f74e0214070 fallback=0
[17:51:50:479] [47174:0000b848] [DEBUG][com.freerdp.client.x11] - [xf_input_touch_remote]: touch_remote: ev=Update id=1917 x=1855 y=1338 rdpei=0x7f74e0214070 fallback=0
[17:51:50:485] [47174:0000b848] [DEBUG][com.freerdp.client.x11] - [xf_Pointer_SetNull]: called
[17:51:50:489] [47174:0000b848] [DEBUG][com.freerdp.client.x11] - [xf_input_touch_remote]: touch_remote: ev=Update id=1917 x=1855 y=1338 rdpei=0x7f74e0214070 fallback=0
[17:51:50:499] [47174:0000b848] [DEBUG][com.freerdp.client.x11] - [xf_input_touch_remote]: touch_remote: ev=Update id=1917 x=1855 y=1339 rdpei=0x7f74e0214070 fallback=0
[17:51:50:510] [47174:0000b848] [DEBUG][com.freerdp.client.x11] - [xf_input_touch_remote]: touch_remote: ev=Update id=1917 x=1855 y=1339 rdpei=0x7f74e0214070 fallback=0
[17:51:50:530] [47174:0000b848] [DEBUG][com.freerdp.client.x11] - [xf_input_touch_remote]: touch_remote: ev=Update id=1917 x=1854 y=1338 rdpei=0x7f74e0214070 fallback=0
[17:51:50:550] [47174:0000b848] [DEBUG][com.freerdp.client.x11] - [xf_input_touch_remote]: touch_remote: ev=Update id=1917 x=1854 y=1339 rdpei=0x7f74e0214070 fallback=0
[17:51:50:560] [47174:0000b848] [DEBUG][com.freerdp.client.x11] - [xf_input_touch_remote]: touch_remote: ev=Update id=1917 x=1854 y=1339 rdpei=0x7f74e0214070 fallback=0
[17:51:50:570] [47174:0000b848] [DEBUG][com.freerdp.client.x11] - [xf_input_touch_remote]: touch_remote: ev=Update id=1917 x=1854 y=1339 rdpei=0x7f74e0214070 fallback=0
[17:51:50:580] [47174:0000b848] [DEBUG][com.freerdp.client.x11] - [xf_input_touch_remote]: touch_remote: ev=Update id=1917 x=1853 y=1339 rdpei=0x7f74e0214070 fallback=0
[17:51:50:590] [47174:0000b848] [DEBUG][com.freerdp.client.x11] - [xf_input_touch_remote]: touch_remote: ev=Update id=1917 x=1853 y=1339 rdpei=0x7f74e0214070 fallback=0
[17:51:50:600] [47174:0000b848] [DEBUG][com.freerdp.client.x11] - [xf_input_touch_remote]: touch_remote: ev=Update id=1917 x=1854 y=1339 rdpei=0x7f74e0214070 fallback=0
[17:51:50:610] [47174:0000b848] [DEBUG][com.freerdp.client.x11] - [xf_input_touch_remote]: touch_remote: ev=Update id=1917 x=1854 y=1339 rdpei=0x7f74e0214070 fallback=0
[17:51:50:621] [47174:0000b848] [DEBUG][com.freerdp.client.x11] - [xf_input_touch_remote]: touch_remote: ev=Update id=1917 x=1853 y=1339 rdpei=0x7f74e0214070 fallback=0
[17:51:50:631] [47174:0000b848] [DEBUG][com.freerdp.client.x11] - [xf_input_touch_remote]: touch_remote: ev=Update id=1917 x=1853 y=1339 rdpei=0x7f74e0214070 fallback=0
[17:51:50:648] [47174:0000b861] [DEBUG][com.freerdp.channels.rdpgfx.client] - [rdpgfx_recv_evict_cache_entry_pdu]: RecvEvictCacheEntryPdu: cacheSlot: 598
[17:51:50:648] [47174:0000b861] [DEBUG][com.freerdp.channels.rdpgfx.client] - [rdpgfx_recv_evict_cache_entry_pdu]: RecvEvictCacheEntryPdu: cacheSlot: 599
[17:51:50:648] [47174:0000b861] [DEBUG][com.freerdp.channels.rdpgfx.client] - [rdpgfx_recv_evict_cache_entry_pdu]: RecvEvictCacheEntryPdu: cacheSlot: 600
[17:51:50:648] [47174:0000b861] [DEBUG][com.freerdp.channels.rdpgfx.client] - [rdpgfx_recv_evict_cache_entry_pdu]: RecvEvictCacheEntryPdu: cacheSlot: 601
[17:51:50:648] [47174:0000b861] [DEBUG][com.freerdp.channels.rdpgfx.client] - [rdpgfx_recv_evict_cache_entry_pdu]: RecvEvictCacheEntryPdu: cacheSlot: 602
[17:51:50:648] [47174:0000b861] [DEBUG][com.freerdp.channels.rdpgfx.client] - [rdpgfx_recv_evict_cache_entry_pdu]: RecvEvictCacheEntryPdu: cacheSlot: 603
[17:51:50:648] [47174:0000b861] [DEBUG][com.freerdp.channels.rdpgfx.client] - [rdpgfx_recv_evict_cache_entry_pdu]: RecvEvictCacheEntryPdu: cacheSlot: 604
[17:51:50:648] [47174:0000b861] [DEBUG][com.freerdp.channels.rdpgfx.client] - [rdpgfx_recv_evict_cache_entry_pdu]: RecvEvictCacheEntryPdu: cacheSlot: 605
[17:51:50:648] [47174:0000b861] [DEBUG][com.freerdp.channels.rdpgfx.client] - [rdpgfx_recv_evict_cache_entry_pdu]: RecvEvictCacheEntryPdu: cacheSlot: 606
[17:51:50:651] [47174:0000b848] [DEBUG][com.freerdp.client.x11] - [xf_input_touch_remote]: touch_remote: ev=Update id=1917 x=1853 y=1339 rdpei=0x7f74e0214070 fallback=0
[17:51:50:661] [47174:0000b848] [DEBUG][com.freerdp.client.x11] - [xf_input_touch_remote]: touch_remote: ev=Update id=1917 x=1854 y=1339 rdpei=0x7f74e0214070 fallback=0
[17:51:50:681] [47174:0000b848] [DEBUG][com.freerdp.client.x11] - [xf_input_touch_remote]: touch_remote: ev=Update id=1917 x=1854 y=1339 rdpei=0x7f74e0214070 fallback=0
[17:51:50:701] [47174:0000b848] [DEBUG][com.freerdp.client.x11] - [xf_input_touch_remote]: touch_remote: ev=Update id=1917 x=1854 y=1339 rdpei=0x7f74e0214070 fallback=0
[17:51:50:711] [47174:0000b848] [DEBUG][com.freerdp.client.x11] - [xf_input_touch_remote]: touch_remote: ev=Update id=1917 x=1854 y=1339 rdpei=0x7f74e0214070 fallback=0
[17:51:50:732] [47174:0000b848] [DEBUG][com.freerdp.client.x11] - [xf_input_touch_remote]: touch_remote: ev=Update id=1917 x=1854 y=1338 rdpei=0x7f74e0214070 fallback=0
[17:51:50:742] [47174:0000b848] [DEBUG][com.freerdp.client.x11] - [xf_input_touch_remote]: touch_remote: ev=Update id=1917 x=1854 y=1339 rdpei=0x7f74e0214070 fallback=0
[17:51:50:762] [47174:0000b848] [DEBUG][com.freerdp.client.x11] - [xf_input_touch_remote]: touch_remote: ev=Update id=1917 x=1854 y=1339 rdpei=0x7f74e0214070 fallback=0
[17:51:50:772] [47174:0000b848] [DEBUG][com.freerdp.client.x11] - [xf_input_touch_remote]: touch_remote: ev=Update id=1917 x=1854 y=1339 rdpei=0x7f74e0214070 fallback=0
[17:51:50:822] [47174:0000b848] [DEBUG][com.freerdp.client.x11] - [xf_input_touch_remote]: touch_remote: ev=Update id=1917 x=1854 y=1339 rdpei=0x7f74e0214070 fallback=0
[17:51:50:832] [47174:0000b848] [DEBUG][com.freerdp.client.x11] - [xf_input_touch_remote]: touch_remote: ev=Update id=1917 x=1854 y=1339 rdpei=0x7f74e0214070 fallback=0
[17:51:50:853] [47174:0000b848] [DEBUG][com.freerdp.client.x11] - [xf_input_touch_remote]: touch_remote: ev=Update id=1917 x=1854 y=1338 rdpei=0x7f74e0214070 fallback=0
[17:51:50:862] [47174:0000b848] [DEBUG][com.freerdp.client.x11] - [xf_input_touch_remote]: touch_remote: ev=Update id=1917 x=1855 y=1339 rdpei=0x7f74e0214070 fallback=0
[17:51:50:873] [47174:0000b848] [DEBUG][com.freerdp.client.x11] - [xf_input_touch_remote]: touch_remote: ev=Update id=1917 x=1855 y=1338 rdpei=0x7f74e0214070 fallback=0
[17:51:50:893] [47174:0000b848] [DEBUG][com.freerdp.client.x11] - [xf_input_touch_remote]: touch_remote: ev=Update id=1917 x=1855 y=1338 rdpei=0x7f74e0214070 fallback=0
[17:51:50:903] [47174:0000b848] [DEBUG][com.freerdp.client.x11] - [xf_input_touch_remote]: touch_remote: ev=Update id=1917 x=1855 y=1338 rdpei=0x7f74e0214070 fallback=0
[17:51:50:913] [47174:0000b848] [DEBUG][com.freerdp.client.x11] - [xf_input_touch_remote]: touch_remote: ev=Update id=1917 x=1855 y=1338 rdpei=0x7f74e0214070 fallback=0
[17:51:50:923] [47174:0000b848] [DEBUG][com.freerdp.client.x11] - [xf_input_touch_remote]: touch_remote: ev=Update id=1917 x=1855 y=1339 rdpei=0x7f74e0214070 fallback=0
[17:51:50:984] [47174:0000b848] [DEBUG][com.freerdp.client.x11] - [xf_input_touch_remote]: touch_remote: ev=Update id=1917 x=1854 y=1339 rdpei=0x7f74e0214070 fallback=0
[17:51:50:994] [47174:0000b848] [DEBUG][com.freerdp.client.x11] - [xf_input_touch_remote]: touch_remote: ev=Update id=1917 x=1854 y=1338 rdpei=0x7f74e0214070 fallback=0
[17:51:51:014] [47174:0000b848] [DEBUG][com.freerdp.client.x11] - [xf_input_touch_remote]: touch_remote: ev=Update id=1917 x=1854 y=1338 rdpei=0x7f74e0214070 fallback=0
[17:51:51:024] [47174:0000b848] [DEBUG][com.freerdp.client.x11] - [xf_input_touch_remote]: touch_remote: ev=Update id=1917 x=1854 y=1338 rdpei=0x7f74e0214070 fallback=0
[17:51:51:054] [47174:0000b861] [DEBUG][com.freerdp.channels.rdpgfx.client] - [rdpgfx_recv_evict_cache_entry_pdu]: RecvEvictCacheEntryPdu: cacheSlot: 607
[17:51:51:054] [47174:0000b861] [DEBUG][com.freerdp.channels.rdpgfx.client] - [rdpgfx_recv_evict_cache_entry_pdu]: RecvEvictCacheEntryPdu: cacheSlot: 608
[17:51:51:054] [47174:0000b861] [DEBUG][com.freerdp.channels.rdpgfx.client] - [rdpgfx_recv_evict_cache_entry_pdu]: RecvEvictCacheEntryPdu: cacheSlot: 609
[17:51:51:054] [47174:0000b861] [DEBUG][com.freerdp.channels.rdpgfx.client] - [rdpgfx_recv_evict_cache_entry_pdu]: RecvEvictCacheEntryPdu: cacheSlot: 610
[17:51:51:054] [47174:0000b848] [DEBUG][com.freerdp.client.x11] - [xf_input_touch_remote]: touch_remote: ev=Update id=1917 x=1854 y=1339 rdpei=0x7f74e0214070 fallback=0
[17:51:51:075] [47174:0000b848] [DEBUG][com.freerdp.client.x11] - [xf_input_touch_remote]: touch_remote: ev=Update id=1917 x=1854 y=1338 rdpei=0x7f74e0214070 fallback=0
[17:51:51:084] [47174:0000b848] [DEBUG][com.freerdp.client.x11] - [xf_input_touch_remote]: touch_remote: ev=Update id=1917 x=1853 y=1338 rdpei=0x7f74e0214070 fallback=0
[17:51:51:094] [47174:0000b848] [DEBUG][com.freerdp.client.x11] - [xf_input_touch_remote]: touch_remote: ev=Update id=1917 x=1854 y=1338 rdpei=0x7f74e0214070 fallback=0
[17:51:51:125] [47174:0000b848] [DEBUG][com.freerdp.client.x11] - [xf_input_touch_remote]: touch_remote: ev=Update id=1917 x=1854 y=1338 rdpei=0x7f74e0214070 fallback=0
[17:51:51:145] [47174:0000b848] [DEBUG][com.freerdp.client.x11] - [xf_input_touch_remote]: touch_remote: ev=Update id=1917 x=1854 y=1338 rdpei=0x7f74e0214070 fallback=0
[17:51:51:155] [47174:0000b848] [DEBUG][com.freerdp.client.x11] - [xf_input_touch_remote]: touch_remote: ev=Update id=1917 x=1854 y=1338 rdpei=0x7f74e0214070 fallback=0
[17:51:51:175] [47174:0000b848] [DEBUG][com.freerdp.client.x11] - [xf_input_touch_remote]: touch_remote: ev=Update id=1917 x=1854 y=1338 rdpei=0x7f74e0214070 fallback=0
[17:51:51:185] [47174:0000b848] [DEBUG][com.freerdp.client.x11] - [xf_input_touch_remote]: touch_remote: ev=Update id=1917 x=1854 y=1338 rdpei=0x7f74e0214070 fallback=0
[17:51:51:216] [47174:0000b848] [DEBUG][com.freerdp.client.x11] - [xf_input_touch_remote]: touch_remote: ev=Update id=1917 x=1854 y=1338 rdpei=0x7f74e0214070 fallback=0
[17:51:51:226] [47174:0000b848] [DEBUG][com.freerdp.client.x11] - [xf_input_touch_remote]: touch_remote: ev=Update id=1917 x=1854 y=1338 rdpei=0x7f74e0214070 fallback=0
[17:51:51:236] [47174:0000b848] [DEBUG][com.freerdp.client.x11] - [xf_input_touch_remote]: touch_remote: ev=Update id=1917 x=1854 y=1338 rdpei=0x7f74e0214070 fallback=0
[17:51:51:246] [47174:0000b848] [DEBUG][com.freerdp.client.x11] - [xf_input_touch_remote]: touch_remote: ev=Update id=1917 x=1854 y=1338 rdpei=0x7f74e0214070 fallback=0
[17:51:51:256] [47174:0000b848] [DEBUG][com.freerdp.client.x11] - [xf_input_touch_remote]: touch_remote: ev=Update id=1917 x=1854 y=1338 rdpei=0x7f74e0214070 fallback=0
[17:51:51:266] [47174:0000b848] [DEBUG][com.freerdp.client.x11] - [xf_input_touch_remote]: touch_remote: ev=Update id=1917 x=1854 y=1338 rdpei=0x7f74e0214070 fallback=0
[17:51:51:276] [47174:0000b848] [DEBUG][com.freerdp.client.x11] - [xf_input_touch_remote]: touch_remote: ev=Update id=1917 x=1854 y=1338 rdpei=0x7f74e0214070 fallback=0
[17:51:51:286] [47174:0000b848] [DEBUG][com.freerdp.client.x11] - [xf_input_touch_remote]: touch_remote: ev=Update id=1917 x=1854 y=1338 rdpei=0x7f74e0214070 fallback=0
[17:51:51:297] [47174:0000b848] [DEBUG][com.freerdp.client.x11] - [xf_input_touch_remote]: touch_remote: ev=Update id=1917 x=1854 y=1338 rdpei=0x7f74e0214070 fallback=0
[17:51:51:306] [47174:0000b848] [DEBUG][com.freerdp.client.x11] - [xf_input_touch_remote]: touch_remote: ev=Update id=1917 x=1854 y=1339 rdpei=0x7f74e0214070 fallback=0
[17:51:51:316] [47174:0000b848] [DEBUG][com.freerdp.client.x11] - [xf_input_touch_remote]: touch_remote: ev=Update id=1917 x=1854 y=1338 rdpei=0x7f74e0214070 fallback=0
[17:51:51:326] [47174:0000b848] [DEBUG][com.freerdp.client.x11] - [xf_input_touch_remote]: touch_remote: ev=Update id=1917 x=1854 y=1338 rdpei=0x7f74e0214070 fallback=0
[17:51:51:337] [47174:0000b848] [DEBUG][com.freerdp.client.x11] - [xf_input_touch_remote]: touch_remote: ev=Update id=1917 x=1854 y=1337 rdpei=0x7f74e0214070 fallback=0
[17:51:51:346] [47174:0000b848] [DEBUG][com.freerdp.client.x11] - [xf_input_touch_remote]: touch_remote: ev=Update id=1917 x=1854 y=1338 rdpei=0x7f74e0214070 fallback=0
[17:51:51:377] [47174:0000b848] [DEBUG][com.freerdp.client.x11] - [xf_input_touch_remote]: touch_remote: ev=Update id=1917 x=1854 y=1338 rdpei=0x7f74e0214070 fallback=0
[17:51:51:397] [47174:0000b848] [DEBUG][com.freerdp.client.x11] - [xf_input_touch_remote]: touch_remote: ev=Update id=1917 x=1854 y=1338 rdpei=0x7f74e0214070 fallback=0
[17:51:51:417] [47174:0000b848] [DEBUG][com.freerdp.client.x11] - [xf_input_touch_remote]: touch_remote: ev=Update id=1917 x=1854 y=1339 rdpei=0x7f74e0214070 fallback=0
[17:51:51:427] [47174:0000b848] [DEBUG][com.freerdp.client.x11] - [xf_input_touch_remote]: touch_remote: ev=Update id=1917 x=1854 y=1338 rdpei=0x7f74e0214070 fallback=0
[17:51:51:457] [47174:0000b848] [DEBUG][com.freerdp.client.x11] - [xf_input_touch_remote]: touch_remote: ev=Update id=1917 x=1854 y=1339 rdpei=0x7f74e0214070 fallback=0
[17:51:51:498] [47174:0000b848] [DEBUG][com.freerdp.client.x11] - [xf_input_touch_remote]: touch_remote: ev=Update id=1917 x=1854 y=1339 rdpei=0x7f74e0214070 fallback=0
[17:51:51:508] [47174:0000b848] [DEBUG][com.freerdp.client.x11] - [xf_input_touch_remote]: touch_remote: ev=Update id=1917 x=1854 y=1339 rdpei=0x7f74e0214070 fallback=0
[17:51:51:518] [47174:0000b848] [DEBUG][com.freerdp.client.x11] - [xf_input_touch_remote]: touch_remote: ev=Update id=1917 x=1854 y=1338 rdpei=0x7f74e0214070 fallback=0
[17:51:51:528] [47174:0000b848] [DEBUG][com.freerdp.client.x11] - [xf_input_touch_remote]: touch_remote: ev=Update id=1917 x=1854 y=1337 rdpei=0x7f74e0214070 fallback=0
[17:51:51:538] [47174:0000b848] [DEBUG][com.freerdp.client.x11] - [xf_input_touch_remote]: touch_remote: ev=Update id=1917 x=1854 y=1338 rdpei=0x7f74e0214070 fallback=0
[17:51:51:548] [47174:0000b848] [DEBUG][com.freerdp.client.x11] - [xf_input_touch_remote]: touch_remote: ev=Update id=1917 x=1854 y=1337 rdpei=0x7f74e0214070 fallback=0
[17:51:51:558] [47174:0000b848] [DEBUG][com.freerdp.client.x11] - [xf_input_touch_remote]: touch_remote: ev=Update id=1917 x=1856 y=1337 rdpei=0x7f74e0214070 fallback=0
[17:51:51:568] [47174:0000b848] [DEBUG][com.freerdp.client.x11] - [xf_input_touch_remote]: touch_remote: ev=Update id=1917 x=1857 y=1337 rdpei=0x7f74e0214070 fallback=0
[17:51:51:578] [47174:0000b848] [DEBUG][com.freerdp.client.x11] - [xf_input_touch_remote]: touch_remote: ev=End id=1917 x=1857 y=1337 rdpei=0x7f74e0214070 fallback=0
[17:51:51:680] [47174:0000b861] [DEBUG][com.freerdp.channels.rdpgfx.client] - [rdpgfx_recv_evict_cache_entry_pdu]: RecvEvictCacheEntryPdu: cacheSlot: 611
[17:51:51:680] [47174:0000b861] [DEBUG][com.freerdp.channels.rdpgfx.client] - [rdpgfx_recv_evict_cache_entry_pdu]: RecvEvictCacheEntryPdu: cacheSlot: 612
[17:51:51:681] [47174:0000b861] [DEBUG][com.freerdp.channels.rdpgfx.client] - [rdpgfx_recv_evict_cache_entry_pdu]: RecvEvictCacheEntryPdu: cacheSlot: 613
[17:51:51:681] [47174:0000b861] [DEBUG][com.freerdp.channels.rdpgfx.client] - [rdpgfx_recv_evict_cache_entry_pdu]: RecvEvictCacheEntryPdu: cacheSlot: 614
[17:51:51:681] [47174:0000b861] [DEBUG][com.freerdp.channels.rdpgfx.client] - [rdpgfx_recv_evict_cache_entry_pdu]: RecvEvictCacheEntryPdu: cacheSlot: 615
[17:51:51:681] [47174:0000b861] [DEBUG][com.freerdp.channels.rdpgfx.client] - [rdpgfx_recv_evict_cache_entry_pdu]: RecvEvictCacheEntryPdu: cacheSlot: 616
[17:51:51:681] [47174:0000b861] [DEBUG][com.freerdp.channels.rdpgfx.client] - [rdpgfx_recv_evict_cache_entry_pdu]: RecvEvictCacheEntryPdu: cacheSlot: 617
[17:51:51:681] [47174:0000b861] [DEBUG][com.freerdp.channels.rdpgfx.client] - [rdpgfx_recv_evict_cache_entry_pdu]: RecvEvictCacheEntryPdu: cacheSlot: 618
[17:51:51:681] [47174:0000b861] [DEBUG][com.freerdp.channels.rdpgfx.client] - [rdpgfx_recv_evict_cache_entry_pdu]: RecvEvictCacheEntryPdu: cacheSlot: 619
[17:51:51:681] [47174:0000b861] [DEBUG][com.freerdp.channels.rdpgfx.client] - [rdpgfx_recv_evict_cache_entry_pdu]: RecvEvictCacheEntryPdu: cacheSlot: 620
[17:51:51:917] [47174:0000b861] [DEBUG][com.freerdp.channels.rdpgfx.client] - [rdpgfx_recv_evict_cache_entry_pdu]: RecvEvictCacheEntryPdu: cacheSlot: 621
[17:51:51:917] [47174:0000b861] [DEBUG][com.freerdp.channels.rdpgfx.client] - [rdpgfx_recv_evict_cache_entry_pdu]: RecvEvictCacheEntryPdu: cacheSlot: 622
[17:51:52:429] [47174:0000b848] [DEBUG][com.freerdp.client.x11] - [xf_input_handle_event_remote]: checking for pen
[17:51:52:430] [47174:0000b848] [DEBUG][com.freerdp.client.x11] - [xf_input_touch_remote]: touch_remote: ev=Begin id=1918 x=2100 y=1580 rdpei=0x7f74e0214070 fallback=0
[17:51:52:430] [47174:0000b848] [DEBUG][com.freerdp.client.x11] - [xf_input_touch_remote]: touch_remote: ev=Other id=1918 x=0 y=0 rdpei=0x7f74e0214070 fallback=0
[17:51:52:439] [47174:0000b848] [DEBUG][com.freerdp.client.x11] - [xf_input_touch_remote]: touch_remote: ev=Update id=1918 x=2100 y=1579 rdpei=0x7f74e0214070 fallback=0
[17:51:52:449] [47174:0000b848] [DEBUG][com.freerdp.client.x11] - [xf_input_touch_remote]: touch_remote: ev=Update id=1918 x=2099 y=1578 rdpei=0x7f74e0214070 fallback=0
[17:51:52:459] [47174:0000b848] [DEBUG][com.freerdp.client.x11] - [xf_input_touch_remote]: touch_remote: ev=Update id=1918 x=2099 y=1579 rdpei=0x7f74e0214070 fallback=0
[17:51:52:469] [47174:0000b848] [DEBUG][com.freerdp.client.x11] - [xf_input_touch_remote]: touch_remote: ev=Update id=1918 x=2099 y=1578 rdpei=0x7f74e0214070 fallback=0
[17:51:52:479] [47174:0000b848] [DEBUG][com.freerdp.client.x11] - [xf_input_touch_remote]: touch_remote: ev=Update id=1918 x=2099 y=1579 rdpei=0x7f74e0214070 fallback=0
[17:51:52:489] [47174:0000b848] [DEBUG][com.freerdp.client.x11] - [xf_input_touch_remote]: touch_remote: ev=Update id=1918 x=2100 y=1578 rdpei=0x7f74e0214070 fallback=0
[17:51:52:499] [47174:0000b848] [DEBUG][com.freerdp.client.x11] - [xf_input_touch_remote]: touch_remote: ev=Update id=1918 x=2099 y=1578 rdpei=0x7f74e0214070 fallback=0
[17:51:52:509] [47174:0000b848] [DEBUG][com.freerdp.client.x11] - [xf_input_touch_remote]: touch_remote: ev=Update id=1918 x=2099 y=1579 rdpei=0x7f74e0214070 fallback=0
[17:51:52:519] [47174:0000b848] [DEBUG][com.freerdp.client.x11] - [xf_Pointer_Set]: 0x7f74e024b5e0
[17:51:52:519] [47174:0000b848] [DEBUG][com.freerdp.client.x11] - [xf_Pointer_GetCursorForCurrentScale]: scaled: 2560x1600, desktop: 2560x1600
[17:51:52:519] [47174:0000b848] [DEBUG][com.freerdp.client.x11] - [xf_Pointer_GetCursorForCurrentScale]: using cached cursor 0
[17:51:52:519] [47174:0000b848] [DEBUG][com.freerdp.client.x11] - [xf_input_touch_remote]: touch_remote: ev=Update id=1918 x=2100 y=1579 rdpei=0x7f74e0214070 fallback=0
[17:51:52:530] [47174:0000b848] [DEBUG][com.freerdp.client.x11] - [xf_input_touch_remote]: touch_remote: ev=Update id=1918 x=2100 y=1578 rdpei=0x7f74e0214070 fallback=0
[17:51:52:539] [47174:0000b848] [DEBUG][com.freerdp.client.x11] - [xf_input_touch_remote]: touch_remote: ev=Update id=1918 x=2100 y=1579 rdpei=0x7f74e0214070 fallback=0
[17:51:52:549] [47174:0000b848] [DEBUG][com.freerdp.client.x11] - [xf_input_touch_remote]: touch_remote: ev=Update id=1918 x=2100 y=1578 rdpei=0x7f74e0214070 fallback=0
[17:51:52:556] [47174:0000b848] [DEBUG][com.freerdp.client.x11] - [xf_Pointer_SetNull]: called
[17:51:52:557] [47174:0000b861] [DEBUG][com.freerdp.channels.rdpgfx.client] - [rdpgfx_recv_evict_cache_entry_pdu]: RecvEvictCacheEntryPdu: cacheSlot: 623
[17:51:52:557] [47174:0000b861] [DEBUG][com.freerdp.channels.rdpgfx.client] - [rdpgfx_recv_evict_cache_entry_pdu]: RecvEvictCacheEntryPdu: cacheSlot: 624
[17:51:52:557] [47174:0000b861] [DEBUG][com.freerdp.channels.rdpgfx.client] - [rdpgfx_recv_evict_cache_entry_pdu]: RecvEvictCacheEntryPdu: cacheSlot: 625
[17:51:52:557] [47174:0000b861] [DEBUG][com.freerdp.channels.rdpgfx.client] - [rdpgfx_recv_evict_cache_entry_pdu]: RecvEvictCacheEntryPdu: cacheSlot: 626
[17:51:52:559] [47174:0000b848] [DEBUG][com.freerdp.client.x11] - [xf_input_touch_remote]: touch_remote: ev=Update id=1918 x=2101 y=1581 rdpei=0x7f74e0214070 fallback=0
[17:51:52:569] [47174:0000b848] [DEBUG][com.freerdp.client.x11] - [xf_input_touch_remote]: touch_remote: ev=Update id=1918 x=2102 y=1582 rdpei=0x7f74e0214070 fallback=0
[17:51:52:579] [47174:0000b848] [DEBUG][com.freerdp.client.x11] - [xf_input_touch_remote]: touch_remote: ev=End id=1918 x=2102 y=1582 rdpei=0x7f74e0214070 fallback=0
[17:51:52:877] [47174:0000b861] [DEBUG][com.freerdp.channels.rdpgfx.client] - [rdpgfx_recv_evict_cache_entry_pdu]: RecvEvictCacheEntryPdu: cacheSlot: 627
[17:51:53:316] [47174:0000b848] [DEBUG][com.freerdp.client.x11] - [xf_input_handle_event_remote]: checking for pen
[17:51:53:318] [47174:0000b848] [DEBUG][com.freerdp.client.x11] - [xf_input_touch_remote]: touch_remote: ev=Begin id=1919 x=2086 y=1555 rdpei=0x7f74e0214070 fallback=0
[17:51:53:318] [47174:0000b848] [DEBUG][com.freerdp.client.x11] - [xf_input_touch_remote]: touch_remote: ev=Other id=1919 x=0 y=0 rdpei=0x7f74e0214070 fallback=0
[17:51:53:338] [47174:0000b848] [DEBUG][com.freerdp.client.x11] - [xf_input_touch_remote]: touch_remote: ev=Update id=1919 x=2084 y=1556 rdpei=0x7f74e0214070 fallback=0
[17:51:53:348] [47174:0000b848] [DEBUG][com.freerdp.client.x11] - [xf_input_touch_remote]: touch_remote: ev=Update id=1919 x=2085 y=1556 rdpei=0x7f74e0214070 fallback=0
[17:51:53:378] [47174:0000b848] [DEBUG][com.freerdp.client.x11] - [xf_input_touch_remote]: touch_remote: ev=Update id=1919 x=2085 y=1555 rdpei=0x7f74e0214070 fallback=0
[17:51:53:388] [47174:0000b848] [DEBUG][com.freerdp.client.x11] - [xf_input_touch_remote]: touch_remote: ev=Update id=1919 x=2087 y=1556 rdpei=0x7f74e0214070 fallback=0
[17:51:53:403] [47174:0000b848] [DEBUG][com.freerdp.client.x11] - [xf_Pointer_Set]: 0x7f74e024b5e0
[17:51:53:403] [47174:0000b848] [DEBUG][com.freerdp.client.x11] - [xf_Pointer_GetCursorForCurrentScale]: scaled: 2560x1600, desktop: 2560x1600
[17:51:53:403] [47174:0000b848] [DEBUG][com.freerdp.client.x11] - [xf_Pointer_GetCursorForCurrentScale]: using cached cursor 0
[17:51:53:408] [47174:0000b848] [DEBUG][com.freerdp.client.x11] - [xf_input_touch_remote]: touch_remote: ev=Update id=1919 x=2088 y=1554 rdpei=0x7f74e0214070 fallback=0
[17:51:53:428] [47174:0000b848] [DEBUG][com.freerdp.client.x11] - [xf_input_touch_remote]: touch_remote: ev=End id=1919 x=2088 y=1554 rdpei=0x7f74e0214070 fallback=0
[17:51:53:445] [47174:0000b848] [DEBUG][com.freerdp.client.x11] - [xf_Pointer_SetNull]: called
[17:51:54:569] [47174:0000b848] [DEBUG][com.freerdp.client.x11] - [xf_input_handle_event_remote]: checking for pen
[17:51:54:570] [47174:0000b848] [DEBUG][com.freerdp.client.x11] - [xf_input_touch_remote]: touch_remote: ev=Begin id=1920 x=1023 y=1564 rdpei=0x7f74e0214070 fallback=0
[17:51:54:570] [47174:0000b848] [DEBUG][com.freerdp.client.x11] - [xf_input_touch_remote]: touch_remote: ev=Other id=1920 x=0 y=0 rdpei=0x7f74e0214070 fallback=0
[17:51:54:578] [47174:0000b848] [DEBUG][com.freerdp.client.x11] - [xf_input_touch_remote]: touch_remote: ev=Update id=1920 x=1023 y=1564 rdpei=0x7f74e0214070 fallback=0
[17:51:54:588] [47174:0000b848] [DEBUG][com.freerdp.client.x11] - [xf_input_touch_remote]: touch_remote: ev=Update id=1920 x=1023 y=1564 rdpei=0x7f74e0214070 fallback=0
[17:51:54:598] [47174:0000b848] [DEBUG][com.freerdp.client.x11] - [xf_input_touch_remote]: touch_remote: ev=Update id=1920 x=1023 y=1564 rdpei=0x7f74e0214070 fallback=0
[17:51:54:608] [47174:0000b848] [DEBUG][com.freerdp.client.x11] - [xf_input_touch_remote]: touch_remote: ev=Update id=1920 x=1025 y=1564 rdpei=0x7f74e0214070 fallback=0
[17:51:54:618] [47174:0000b848] [DEBUG][com.freerdp.client.x11] - [xf_input_touch_remote]: touch_remote: ev=Update id=1920 x=1025 y=1565 rdpei=0x7f74e0214070 fallback=0
[17:51:54:628] [47174:0000b848] [DEBUG][com.freerdp.client.x11] - [xf_input_touch_remote]: touch_remote: ev=Update id=1920 x=1026 y=1565 rdpei=0x7f74e0214070 fallback=0
[17:51:54:657] [47174:0000b848] [DEBUG][com.freerdp.client.x11] - [xf_Pointer_Set]: 0x7f74e024b5e0
[17:51:54:657] [47174:0000b848] [DEBUG][com.freerdp.client.x11] - [xf_Pointer_GetCursorForCurrentScale]: scaled: 2560x1600, desktop: 2560x1600
[17:51:54:657] [47174:0000b848] [DEBUG][com.freerdp.client.x11] - [xf_Pointer_GetCursorForCurrentScale]: using cached cursor 0
[17:51:54:658] [47174:0000b848] [DEBUG][com.freerdp.client.x11] - [xf_input_touch_remote]: touch_remote: ev=End id=1920 x=1026 y=1565 rdpei=0x7f74e0214070 fallback=0
[17:51:54:720] [47174:0000b861] [DEBUG][com.freerdp.channels.rdpgfx.client] - [rdpgfx_recv_evict_cache_entry_pdu]: RecvEvictCacheEntryPdu: cacheSlot: 628
[17:51:54:720] [47174:0000b861] [DEBUG][com.freerdp.channels.rdpgfx.client] - [rdpgfx_recv_evict_cache_entry_pdu]: RecvEvictCacheEntryPdu: cacheSlot: 629
[17:51:54:720] [47174:0000b861] [DEBUG][com.freerdp.channels.rdpgfx.client] - [rdpgfx_recv_evict_cache_entry_pdu]: RecvEvictCacheEntryPdu: cacheSlot: 630
[17:51:55:343] [47174:0000b848] [DEBUG][com.freerdp.client.x11] - [xf_Pointer_Set]: 0x7f74e024b5e0
[17:51:55:343] [47174:0000b848] [DEBUG][com.freerdp.client.x11] - [xf_Pointer_GetCursorForCurrentScale]: scaled: 2560x1600, desktop: 2560x1600
[17:51:55:343] [47174:0000b848] [DEBUG][com.freerdp.client.x11] - [xf_Pointer_GetCursorForCurrentScale]: using cached cursor 0
[17:51:55:657] [47174:0000b861] [DEBUG][com.freerdp.channels.rdpgfx.client] - [rdpgfx_recv_evict_cache_entry_pdu]: RecvEvictCacheEntryPdu: cacheSlot: 631
[17:51:55:657] [47174:0000b861] [DEBUG][com.freerdp.channels.rdpgfx.client] - [rdpgfx_recv_evict_cache_entry_pdu]: RecvEvictCacheEntryPdu: cacheSlot: 633
[17:51:57:658] [47174:0000b848] [DEBUG][com.freerdp.client.x11] - [xf_input_handle_event_remote]: checking for pen
[17:51:57:659] [47174:0000b848] [DEBUG][com.freerdp.client.x11] - [xf_input_touch_remote]: touch_remote: ev=Begin id=1921 x=993 y=1569 rdpei=0x7f74e0214070 fallback=0
[17:51:57:659] [47174:0000b848] [DEBUG][com.freerdp.client.x11] - [xf_input_touch_remote]: touch_remote: ev=Other id=1921 x=0 y=0 rdpei=0x7f74e0214070 fallback=0
[17:51:57:668] [47174:0000b848] [DEBUG][com.freerdp.client.x11] - [xf_input_touch_remote]: touch_remote: ev=Update id=1921 x=993 y=1569 rdpei=0x7f74e0214070 fallback=0
[17:51:57:708] [47174:0000b848] [DEBUG][com.freerdp.client.x11] - [xf_input_touch_remote]: touch_remote: ev=Update id=1921 x=993 y=1569 rdpei=0x7f74e0214070 fallback=0
[17:51:57:718] [47174:0000b848] [DEBUG][com.freerdp.client.x11] - [xf_input_touch_remote]: touch_remote: ev=Update id=1921 x=994 y=1570 rdpei=0x7f74e0214070 fallback=0
[17:51:57:728] [47174:0000b848] [DEBUG][com.freerdp.client.x11] - [xf_input_touch_remote]: touch_remote: ev=Update id=1921 x=994 y=1571 rdpei=0x7f74e0214070 fallback=0
[17:51:57:738] [47174:0000b848] [DEBUG][com.freerdp.client.x11] - [xf_input_touch_remote]: touch_remote: ev=Update id=1921 x=995 y=1573 rdpei=0x7f74e0214070 fallback=0
[17:51:57:741] [47174:0000b848] [DEBUG][com.freerdp.client.x11] - [xf_Pointer_SetNull]: called
[17:51:57:758] [47174:0000b848] [DEBUG][com.freerdp.client.x11] - [xf_input_touch_remote]: touch_remote: ev=End id=1921 x=995 y=1573 rdpei=0x7f74e0214070 fallback=0
[17:51:58:508] [47174:0000b848] [DEBUG][com.freerdp.client.x11] - [xf_input_handle_event_remote]: checking for pen
[17:51:58:509] [47174:0000b848] [DEBUG][com.freerdp.client.x11] - [xf_input_touch_remote]: touch_remote: ev=Begin id=1922 x=1000 y=1497 rdpei=0x7f74e0214070 fallback=0
[17:51:58:509] [47174:0000b848] [DEBUG][com.freerdp.client.x11] - [xf_input_touch_remote]: touch_remote: ev=Other id=1922 x=0 y=0 rdpei=0x7f74e0214070 fallback=0
[17:51:58:518] [47174:0000b848] [DEBUG][com.freerdp.client.x11] - [xf_input_touch_remote]: touch_remote: ev=Update id=1922 x=1000 y=1497 rdpei=0x7f74e0214070 fallback=0
[17:51:58:538] [47174:0000b848] [DEBUG][com.freerdp.client.x11] - [xf_input_touch_remote]: touch_remote: ev=Update id=1922 x=1001 y=1497 rdpei=0x7f74e0214070 fallback=0
[17:51:58:548] [47174:0000b848] [DEBUG][com.freerdp.client.x11] - [xf_input_touch_remote]: touch_remote: ev=Update id=1922 x=1002 y=1498 rdpei=0x7f74e0214070 fallback=0
[17:51:58:558] [47174:0000b848] [DEBUG][com.freerdp.client.x11] - [xf_input_touch_remote]: touch_remote: ev=Update id=1922 x=1003 y=1497 rdpei=0x7f74e0214070 fallback=0
[17:51:58:578] [47174:0000b848] [DEBUG][com.freerdp.client.x11] - [xf_input_touch_remote]: touch_remote: ev=End id=1922 x=1003 y=1497 rdpei=0x7f74e0214070 fallback=0
[17:51:58:592] [47174:0000b848] [DEBUG][com.freerdp.client.x11] - [xf_Pointer_Set]: 0x7f74e024b5e0
[17:51:58:592] [47174:0000b848] [DEBUG][com.freerdp.client.x11] - [xf_Pointer_GetCursorForCurrentScale]: scaled: 2560x1600, desktop: 2560x1600
[17:51:58:592] [47174:0000b848] [DEBUG][com.freerdp.client.x11] - [xf_Pointer_GetCursorForCurrentScale]: using cached cursor 0
[17:51:58:682] [47174:0000b848] [DEBUG][com.freerdp.client.x11] - [xf_Pointer_SetNull]: called
[17:51:59:591] [47174:0000b861] [DEBUG][com.freerdp.channels.rdpgfx.client] - [rdpgfx_recv_evict_cache_entry_pdu]: RecvEvictCacheEntryPdu: cacheSlot: 634
[17:51:59:591] [47174:0000b861] [DEBUG][com.freerdp.channels.rdpgfx.client] - [rdpgfx_recv_evict_cache_entry_pdu]: RecvEvictCacheEntryPdu: cacheSlot: 417
[17:51:59:591] [47174:0000b861] [DEBUG][com.freerdp.channels.rdpgfx.client] - [rdpgfx_recv_evict_cache_entry_pdu]: RecvEvictCacheEntryPdu: cacheSlot: 418
[17:52:00:527] [47174:0000b861] [DEBUG][com.freerdp.channels.rdpgfx.client] - [rdpgfx_recv_evict_cache_entry_pdu]: RecvEvictCacheEntryPdu: cacheSlot: 419
[17:52:00:628] [47174:0000b861] [DEBUG][com.freerdp.channels.rdpgfx.client] - [rdpgfx_recv_evict_cache_entry_pdu]: RecvEvictCacheEntryPdu: cacheSlot: 420
[17:52:00:628] [47174:0000b861] [DEBUG][com.freerdp.channels.rdpgfx.client] - [rdpgfx_recv_evict_cache_entry_pdu]: RecvEvictCacheEntryPdu: cacheSlot: 421
[17:52:00:628] [47174:0000b861] [DEBUG][com.freerdp.channels.rdpgfx.client] - [rdpgfx_recv_evict_cache_entry_pdu]: RecvEvictCacheEntryPdu: cacheSlot: 422
[17:52:00:628] [47174:0000b861] [DEBUG][com.freerdp.channels.rdpgfx.client] - [rdpgfx_recv_evict_cache_entry_pdu]: RecvEvictCacheEntryPdu: cacheSlot: 423
[17:52:00:628] [47174:0000b861] [DEBUG][com.freerdp.channels.rdpgfx.client] - [rdpgfx_recv_evict_cache_entry_pdu]: RecvEvictCacheEntryPdu: cacheSlot: 430
[17:52:00:628] [47174:0000b861] [DEBUG][com.freerdp.channels.rdpgfx.client] - [rdpgfx_recv_evict_cache_entry_pdu]: RecvEvictCacheEntryPdu: cacheSlot: 431
[17:52:00:628] [47174:0000b861] [DEBUG][com.freerdp.channels.rdpgfx.client] - [rdpgfx_recv_evict_cache_entry_pdu]: RecvEvictCacheEntryPdu: cacheSlot: 433
[17:52:00:628] [47174:0000b861] [DEBUG][com.freerdp.channels.rdpgfx.client] - [rdpgfx_recv_evict_cache_entry_pdu]: RecvEvictCacheEntryPdu: cacheSlot: 434
[17:52:00:628] [47174:0000b861] [DEBUG][com.freerdp.channels.rdpgfx.client] - [rdpgfx_recv_evict_cache_entry_pdu]: RecvEvictCacheEntryPdu: cacheSlot: 435
[17:52:00:628] [47174:0000b861] [DEBUG][com.freerdp.channels.rdpgfx.client] - [rdpgfx_recv_evict_cache_entry_pdu]: RecvEvictCacheEntryPdu: cacheSlot: 436
[17:52:00:628] [47174:0000b861] [DEBUG][com.freerdp.channels.rdpgfx.client] - [rdpgfx_recv_evict_cache_entry_pdu]: RecvEvictCacheEntryPdu: cacheSlot: 437
[17:52:00:628] [47174:0000b861] [DEBUG][com.freerdp.channels.rdpgfx.client] - [rdpgfx_recv_evict_cache_entry_pdu]: RecvEvictCacheEntryPdu: cacheSlot: 438
[17:52:00:628] [47174:0000b861] [DEBUG][com.freerdp.channels.rdpgfx.client] - [rdpgfx_recv_evict_cache_entry_pdu]: RecvEvictCacheEntryPdu: cacheSlot: 442
[17:52:00:628] [47174:0000b861] [DEBUG][com.freerdp.channels.rdpgfx.client] - [rdpgfx_recv_evict_cache_entry_pdu]: RecvEvictCacheEntryPdu: cacheSlot: 443
[17:52:00:628] [47174:0000b861] [DEBUG][com.freerdp.channels.rdpgfx.client] - [rdpgfx_recv_evict_cache_entry_pdu]: RecvEvictCacheEntryPdu: cacheSlot: 444
[17:52:00:628] [47174:0000b861] [DEBUG][com.freerdp.channels.rdpgfx.client] - [rdpgfx_recv_evict_cache_entry_pdu]: RecvEvictCacheEntryPdu: cacheSlot: 457
[17:52:00:628] [47174:0000b861] [DEBUG][com.freerdp.channels.rdpgfx.client] - [rdpgfx_recv_evict_cache_entry_pdu]: RecvEvictCacheEntryPdu: cacheSlot: 460
[17:52:00:628] [47174:0000b861] [DEBUG][com.freerdp.channels.rdpgfx.client] - [rdpgfx_recv_evict_cache_entry_pdu]: RecvEvictCacheEntryPdu: cacheSlot: 462
[17:52:00:629] [47174:0000b861] [DEBUG][com.freerdp.channels.rdpgfx.client] - [rdpgfx_recv_evict_cache_entry_pdu]: RecvEvictCacheEntryPdu: cacheSlot: 465
[17:52:00:629] [47174:0000b861] [DEBUG][com.freerdp.channels.rdpgfx.client] - [rdpgfx_recv_evict_cache_entry_pdu]: RecvEvictCacheEntryPdu: cacheSlot: 466
[17:52:00:629] [47174:0000b861] [DEBUG][com.freerdp.channels.rdpgfx.client] - [rdpgfx_recv_evict_cache_entry_pdu]: RecvEvictCacheEntryPdu: cacheSlot: 467
[17:52:00:629] [47174:0000b861] [DEBUG][com.freerdp.channels.rdpgfx.client] - [rdpgfx_recv_evict_cache_entry_pdu]: RecvEvictCacheEntryPdu: cacheSlot: 468
[17:52:00:629] [47174:0000b861] [DEBUG][com.freerdp.channels.rdpgfx.client] - [rdpgfx_recv_evict_cache_entry_pdu]: RecvEvictCacheEntryPdu: cacheSlot: 469
[17:52:00:629] [47174:0000b861] [DEBUG][com.freerdp.channels.rdpgfx.client] - [rdpgfx_recv_evict_cache_entry_pdu]: RecvEvictCacheEntryPdu: cacheSlot: 470
[17:52:00:629] [47174:0000b861] [DEBUG][com.freerdp.channels.rdpgfx.client] - [rdpgfx_recv_evict_cache_entry_pdu]: RecvEvictCacheEntryPdu: cacheSlot: 472
[17:52:00:629] [47174:0000b861] [DEBUG][com.freerdp.channels.rdpgfx.client] - [rdpgfx_recv_evict_cache_entry_pdu]: RecvEvictCacheEntryPdu: cacheSlot: 473
[17:52:00:629] [47174:0000b861] [DEBUG][com.freerdp.channels.rdpgfx.client] - [rdpgfx_recv_evict_cache_entry_pdu]: RecvEvictCacheEntryPdu: cacheSlot: 483
[17:52:00:629] [47174:0000b861] [DEBUG][com.freerdp.channels.rdpgfx.client] - [rdpgfx_recv_evict_cache_entry_pdu]: RecvEvictCacheEntryPdu: cacheSlot: 484
[17:52:00:629] [47174:0000b861] [DEBUG][com.freerdp.channels.rdpgfx.client] - [rdpgfx_recv_evict_cache_entry_pdu]: RecvEvictCacheEntryPdu: cacheSlot: 485
[17:52:00:629] [47174:0000b861] [DEBUG][com.freerdp.channels.rdpgfx.client] - [rdpgfx_recv_evict_cache_entry_pdu]: RecvEvictCacheEntryPdu: cacheSlot: 486
[17:52:00:629] [47174:0000b861] [DEBUG][com.freerdp.channels.rdpgfx.client] - [rdpgfx_recv_evict_cache_entry_pdu]: RecvEvictCacheEntryPdu: cacheSlot: 487
[17:52:00:629] [47174:0000b861] [DEBUG][com.freerdp.channels.rdpgfx.client] - [rdpgfx_recv_evict_cache_entry_pdu]: RecvEvictCacheEntryPdu: cacheSlot: 488
[17:52:00:629] [47174:0000b861] [DEBUG][com.freerdp.channels.rdpgfx.client] - [rdpgfx_recv_evict_cache_entry_pdu]: RecvEvictCacheEntryPdu: cacheSlot: 489
[17:52:00:629] [47174:0000b861] [DEBUG][com.freerdp.channels.rdpgfx.client] - [rdpgfx_recv_evict_cache_entry_pdu]: RecvEvictCacheEntryPdu: cacheSlot: 490
[17:52:00:629] [47174:0000b861] [DEBUG][com.freerdp.channels.rdpgfx.client] - [rdpgfx_recv_evict_cache_entry_pdu]: RecvEvictCacheEntryPdu: cacheSlot: 491
[17:52:00:630] [47174:0000b861] [DEBUG][com.freerdp.channels.rdpgfx.client] - [rdpgfx_recv_evict_cache_entry_pdu]: RecvEvictCacheEntryPdu: cacheSlot: 492
[17:52:00:630] [47174:0000b861] [DEBUG][com.freerdp.channels.rdpgfx.client] - [rdpgfx_recv_evict_cache_entry_pdu]: RecvEvictCacheEntryPdu: cacheSlot: 493
[17:52:00:630] [47174:0000b861] [DEBUG][com.freerdp.channels.rdpgfx.client] - [rdpgfx_recv_evict_cache_entry_pdu]: RecvEvictCacheEntryPdu: cacheSlot: 494
[17:52:00:630] [47174:0000b861] [DEBUG][com.freerdp.channels.rdpgfx.client] - [rdpgfx_recv_evict_cache_entry_pdu]: RecvEvictCacheEntryPdu: cacheSlot: 495
[17:52:00:630] [47174:0000b861] [DEBUG][com.freerdp.channels.rdpgfx.client] - [rdpgfx_recv_evict_cache_entry_pdu]: RecvEvictCacheEntryPdu: cacheSlot: 496
[17:52:00:630] [47174:0000b861] [DEBUG][com.freerdp.channels.rdpgfx.client] - [rdpgfx_recv_evict_cache_entry_pdu]: RecvEvictCacheEntryPdu: cacheSlot: 500
[17:52:00:630] [47174:0000b861] [DEBUG][com.freerdp.channels.rdpgfx.client] - [rdpgfx_recv_evict_cache_entry_pdu]: RecvEvictCacheEntryPdu: cacheSlot: 501
[17:52:00:630] [47174:0000b861] [DEBUG][com.freerdp.channels.rdpgfx.client] - [rdpgfx_recv_evict_cache_entry_pdu]: RecvEvictCacheEntryPdu: cacheSlot: 502
[17:52:00:630] [47174:0000b861] [DEBUG][com.freerdp.channels.rdpgfx.client] - [rdpgfx_recv_evict_cache_entry_pdu]: RecvEvictCacheEntryPdu: cacheSlot: 503
[17:52:00:630] [47174:0000b861] [DEBUG][com.freerdp.channels.rdpgfx.client] - [rdpgfx_recv_evict_cache_entry_pdu]: RecvEvictCacheEntryPdu: cacheSlot: 504
[17:52:00:630] [47174:0000b861] [DEBUG][com.freerdp.channels.rdpgfx.client] - [rdpgfx_recv_evict_cache_entry_pdu]: RecvEvictCacheEntryPdu: cacheSlot: 505
[17:52:00:630] [47174:0000b861] [DEBUG][com.freerdp.channels.rdpgfx.client] - [rdpgfx_recv_evict_cache_entry_pdu]: RecvEvictCacheEntryPdu: cacheSlot: 506
[17:52:00:630] [47174:0000b861] [DEBUG][com.freerdp.channels.rdpgfx.client] - [rdpgfx_recv_evict_cache_entry_pdu]: RecvEvictCacheEntryPdu: cacheSlot: 507
[17:52:00:630] [47174:0000b861] [DEBUG][com.freerdp.channels.rdpgfx.client] - [rdpgfx_recv_evict_cache_entry_pdu]: RecvEvictCacheEntryPdu: cacheSlot: 508
[17:52:00:630] [47174:0000b861] [DEBUG][com.freerdp.channels.rdpgfx.client] - [rdpgfx_recv_evict_cache_entry_pdu]: RecvEvictCacheEntryPdu: cacheSlot: 509
[17:52:00:630] [47174:0000b861] [DEBUG][com.freerdp.channels.rdpgfx.client] - [rdpgfx_recv_evict_cache_entry_pdu]: RecvEvictCacheEntryPdu: cacheSlot: 510
[17:52:00:630] [47174:0000b861] [DEBUG][com.freerdp.channels.rdpgfx.client] - [rdpgfx_recv_evict_cache_entry_pdu]: RecvEvictCacheEntryPdu: cacheSlot: 511
[17:52:00:630] [47174:0000b861] [DEBUG][com.freerdp.channels.rdpgfx.client] - [rdpgfx_recv_evict_cache_entry_pdu]: RecvEvictCacheEntryPdu: cacheSlot: 512
[17:52:00:630] [47174:0000b861] [DEBUG][com.freerdp.channels.rdpgfx.client] - [rdpgfx_recv_evict_cache_entry_pdu]: RecvEvictCacheEntryPdu: cacheSlot: 513
[17:52:00:631] [47174:0000b861] [DEBUG][com.freerdp.channels.rdpgfx.client] - [rdpgfx_recv_evict_cache_entry_pdu]: RecvEvictCacheEntryPdu: cacheSlot: 514
[17:52:00:631] [47174:0000b861] [DEBUG][com.freerdp.channels.rdpgfx.client] - [rdpgfx_recv_evict_cache_entry_pdu]: RecvEvictCacheEntryPdu: cacheSlot: 515
[17:52:00:631] [47174:0000b861] [DEBUG][com.freerdp.channels.rdpgfx.client] - [rdpgfx_recv_evict_cache_entry_pdu]: RecvEvictCacheEntryPdu: cacheSlot: 516
[17:52:00:631] [47174:0000b861] [DEBUG][com.freerdp.channels.rdpgfx.client] - [rdpgfx_recv_evict_cache_entry_pdu]: RecvEvictCacheEntryPdu: cacheSlot: 517
[17:52:00:631] [47174:0000b861] [DEBUG][com.freerdp.channels.rdpgfx.client] - [rdpgfx_recv_evict_cache_entry_pdu]: RecvEvictCacheEntryPdu: cacheSlot: 518
[17:52:00:631] [47174:0000b861] [DEBUG][com.freerdp.channels.rdpgfx.client] - [rdpgfx_recv_evict_cache_entry_pdu]: RecvEvictCacheEntryPdu: cacheSlot: 519
[17:52:00:631] [47174:0000b861] [DEBUG][com.freerdp.channels.rdpgfx.client] - [rdpgfx_recv_evict_cache_entry_pdu]: RecvEvictCacheEntryPdu: cacheSlot: 520
[17:52:00:631] [47174:0000b861] [DEBUG][com.freerdp.channels.rdpgfx.client] - [rdpgfx_recv_evict_cache_entry_pdu]: RecvEvictCacheEntryPdu: cacheSlot: 521
[17:52:00:631] [47174:0000b861] [DEBUG][com.freerdp.channels.rdpgfx.client] - [rdpgfx_recv_evict_cache_entry_pdu]: RecvEvictCacheEntryPdu: cacheSlot: 522
[17:52:00:631] [47174:0000b861] [DEBUG][com.freerdp.channels.rdpgfx.client] - [rdpgfx_recv_evict_cache_entry_pdu]: RecvEvictCacheEntryPdu: cacheSlot: 523
[17:52:00:631] [47174:0000b861] [DEBUG][com.freerdp.channels.rdpgfx.client] - [rdpgfx_recv_evict_cache_entry_pdu]: RecvEvictCacheEntryPdu: cacheSlot: 524
[17:52:00:631] [47174:0000b861] [DEBUG][com.freerdp.channels.rdpgfx.client] - [rdpgfx_recv_evict_cache_entry_pdu]: RecvEvictCacheEntryPdu: cacheSlot: 525
[17:52:00:631] [47174:0000b861] [DEBUG][com.freerdp.channels.rdpgfx.client] - [rdpgfx_recv_evict_cache_entry_pdu]: RecvEvictCacheEntryPdu: cacheSlot: 526
[17:52:00:631] [47174:0000b861] [DEBUG][com.freerdp.channels.rdpgfx.client] - [rdpgfx_recv_evict_cache_entry_pdu]: RecvEvictCacheEntryPdu: cacheSlot: 527
[17:52:00:631] [47174:0000b861] [DEBUG][com.freerdp.channels.rdpgfx.client] - [rdpgfx_recv_evict_cache_entry_pdu]: RecvEvictCacheEntryPdu: cacheSlot: 528
[17:52:00:631] [47174:0000b861] [DEBUG][com.freerdp.channels.rdpgfx.client] - [rdpgfx_recv_evict_cache_entry_pdu]: RecvEvictCacheEntryPdu: cacheSlot: 529
[17:52:00:631] [47174:0000b861] [DEBUG][com.freerdp.channels.rdpgfx.client] - [rdpgfx_recv_evict_cache_entry_pdu]: RecvEvictCacheEntryPdu: cacheSlot: 530
[17:52:00:631] [47174:0000b861] [DEBUG][com.freerdp.channels.rdpgfx.client] - [rdpgfx_recv_evict_cache_entry_pdu]: RecvEvictCacheEntryPdu: cacheSlot: 531
[17:52:00:631] [47174:0000b861] [DEBUG][com.freerdp.channels.rdpgfx.client] - [rdpgfx_recv_evict_cache_entry_pdu]: RecvEvictCacheEntryPdu: cacheSlot: 532
[17:52:00:631] [47174:0000b861] [DEBUG][com.freerdp.channels.rdpgfx.client] - [rdpgfx_recv_evict_cache_entry_pdu]: RecvEvictCacheEntryPdu: cacheSlot: 533
[17:52:00:632] [47174:0000b861] [DEBUG][com.freerdp.channels.rdpgfx.client] - [rdpgfx_recv_evict_cache_entry_pdu]: RecvEvictCacheEntryPdu: cacheSlot: 534
[17:52:00:632] [47174:0000b861] [DEBUG][com.freerdp.channels.rdpgfx.client] - [rdpgfx_recv_evict_cache_entry_pdu]: RecvEvictCacheEntryPdu: cacheSlot: 538
[17:52:00:632] [47174:0000b861] [DEBUG][com.freerdp.channels.rdpgfx.client] - [rdpgfx_recv_evict_cache_entry_pdu]: RecvEvictCacheEntryPdu: cacheSlot: 539
[17:52:00:632] [47174:0000b861] [DEBUG][com.freerdp.channels.rdpgfx.client] - [rdpgfx_recv_evict_cache_entry_pdu]: RecvEvictCacheEntryPdu: cacheSlot: 540
[17:52:00:632] [47174:0000b861] [DEBUG][com.freerdp.channels.rdpgfx.client] - [rdpgfx_recv_evict_cache_entry_pdu]: RecvEvictCacheEntryPdu: cacheSlot: 541
[17:52:00:632] [47174:0000b861] [DEBUG][com.freerdp.channels.rdpgfx.client] - [rdpgfx_recv_evict_cache_entry_pdu]: RecvEvictCacheEntryPdu: cacheSlot: 542
[17:52:00:632] [47174:0000b861] [DEBUG][com.freerdp.channels.rdpgfx.client] - [rdpgfx_recv_evict_cache_entry_pdu]: RecvEvictCacheEntryPdu: cacheSlot: 543
[17:52:00:632] [47174:0000b861] [DEBUG][com.freerdp.channels.rdpgfx.client] - [rdpgfx_recv_evict_cache_entry_pdu]: RecvEvictCacheEntryPdu: cacheSlot: 544
[17:52:00:632] [47174:0000b861] [DEBUG][com.freerdp.channels.rdpgfx.client] - [rdpgfx_recv_evict_cache_entry_pdu]: RecvEvictCacheEntryPdu: cacheSlot: 545
[17:52:00:632] [47174:0000b861] [DEBUG][com.freerdp.channels.rdpgfx.client] - [rdpgfx_recv_evict_cache_entry_pdu]: RecvEvictCacheEntryPdu: cacheSlot: 546
[17:52:00:632] [47174:0000b861] [DEBUG][com.freerdp.channels.rdpgfx.client] - [rdpgfx_recv_evict_cache_entry_pdu]: RecvEvictCacheEntryPdu: cacheSlot: 547
[17:52:00:632] [47174:0000b861] [DEBUG][com.freerdp.channels.rdpgfx.client] - [rdpgfx_recv_evict_cache_entry_pdu]: RecvEvictCacheEntryPdu: cacheSlot: 548
[17:52:00:632] [47174:0000b861] [DEBUG][com.freerdp.channels.rdpgfx.client] - [rdpgfx_recv_evict_cache_entry_pdu]: RecvEvictCacheEntryPdu: cacheSlot: 549
[17:52:00:632] [47174:0000b861] [DEBUG][com.freerdp.channels.rdpgfx.client] - [rdpgfx_recv_evict_cache_entry_pdu]: RecvEvictCacheEntryPdu: cacheSlot: 550
[17:52:00:632] [47174:0000b861] [DEBUG][com.freerdp.channels.rdpgfx.client] - [rdpgfx_recv_evict_cache_entry_pdu]: RecvEvictCacheEntryPdu: cacheSlot: 555
[17:52:00:632] [47174:0000b861] [DEBUG][com.freerdp.channels.rdpgfx.client] - [rdpgfx_recv_evict_cache_entry_pdu]: RecvEvictCacheEntryPdu: cacheSlot: 556
[17:52:00:632] [47174:0000b861] [DEBUG][com.freerdp.channels.rdpgfx.client] - [rdpgfx_recv_evict_cache_entry_pdu]: RecvEvictCacheEntryPdu: cacheSlot: 557
[17:52:00:632] [47174:0000b861] [DEBUG][com.freerdp.channels.rdpgfx.client] - [rdpgfx_recv_evict_cache_entry_pdu]: RecvEvictCacheEntryPdu: cacheSlot: 558
[17:52:00:632] [47174:0000b861] [DEBUG][com.freerdp.channels.rdpgfx.client] - [rdpgfx_recv_evict_cache_entry_pdu]: RecvEvictCacheEntryPdu: cacheSlot: 560
[17:52:00:632] [47174:0000b861] [DEBUG][com.freerdp.channels.rdpgfx.client] - [rdpgfx_recv_evict_cache_entry_pdu]: RecvEvictCacheEntryPdu: cacheSlot: 642
[17:52:00:632] [47174:0000b861] [DEBUG][com.freerdp.channels.rdpgfx.client] - [rdpgfx_recv_evict_cache_entry_pdu]: RecvEvictCacheEntryPdu: cacheSlot: 643
[17:52:00:632] [47174:0000b861] [DEBUG][com.freerdp.channels.rdpgfx.client] - [rdpgfx_recv_evict_cache_entry_pdu]: RecvEvictCacheEntryPdu: cacheSlot: 644
[17:52:00:632] [47174:0000b861] [DEBUG][com.freerdp.channels.rdpgfx.client] - [rdpgfx_recv_evict_cache_entry_pdu]: RecvEvictCacheEntryPdu: cacheSlot: 645
[17:52:00:632] [47174:0000b861] [DEBUG][com.freerdp.channels.rdpgfx.client] - [rdpgfx_recv_evict_cache_entry_pdu]: RecvEvictCacheEntryPdu: cacheSlot: 646
[17:52:00:632] [47174:0000b861] [DEBUG][com.freerdp.channels.rdpgfx.client] - [rdpgfx_recv_evict_cache_entry_pdu]: RecvEvictCacheEntryPdu: cacheSlot: 647
[17:52:00:632] [47174:0000b861] [DEBUG][com.freerdp.channels.rdpgfx.client] - [rdpgfx_recv_evict_cache_entry_pdu]: RecvEvictCacheEntryPdu: cacheSlot: 648
[17:52:00:633] [47174:0000b861] [DEBUG][com.freerdp.channels.rdpgfx.client] - [rdpgfx_recv_evict_cache_entry_pdu]: RecvEvictCacheEntryPdu: cacheSlot: 649
[17:52:00:633] [47174:0000b861] [DEBUG][com.freerdp.channels.rdpgfx.client] - [rdpgfx_recv_evict_cache_entry_pdu]: RecvEvictCacheEntryPdu: cacheSlot: 650
[17:52:00:633] [47174:0000b861] [DEBUG][com.freerdp.channels.rdpgfx.client] - [rdpgfx_recv_evict_cache_entry_pdu]: RecvEvictCacheEntryPdu: cacheSlot: 651
[17:52:00:633] [47174:0000b861] [DEBUG][com.freerdp.channels.rdpgfx.client] - [rdpgfx_recv_evict_cache_entry_pdu]: RecvEvictCacheEntryPdu: cacheSlot: 652
[17:52:00:633] [47174:0000b861] [DEBUG][com.freerdp.channels.rdpgfx.client] - [rdpgfx_recv_evict_cache_entry_pdu]: RecvEvictCacheEntryPdu: cacheSlot: 35
[17:52:00:633] [47174:0000b861] [DEBUG][com.freerdp.channels.rdpgfx.client] - [rdpgfx_recv_evict_cache_entry_pdu]: RecvEvictCacheEntryPdu: cacheSlot: 36
[17:52:00:633] [47174:0000b861] [DEBUG][com.freerdp.channels.rdpgfx.client] - [rdpgfx_recv_evict_cache_entry_pdu]: RecvEvictCacheEntryPdu: cacheSlot: 37
[17:52:00:633] [47174:0000b861] [DEBUG][com.freerdp.channels.rdpgfx.client] - [rdpgfx_recv_evict_cache_entry_pdu]: RecvEvictCacheEntryPdu: cacheSlot: 38
[17:52:00:633] [47174:0000b861] [DEBUG][com.freerdp.channels.rdpgfx.client] - [rdpgfx_recv_evict_cache_entry_pdu]: RecvEvictCacheEntryPdu: cacheSlot: 39
[17:52:00:633] [47174:0000b861] [DEBUG][com.freerdp.channels.rdpgfx.client] - [rdpgfx_recv_evict_cache_entry_pdu]: RecvEvictCacheEntryPdu: cacheSlot: 40
[17:52:00:633] [47174:0000b861] [DEBUG][com.freerdp.channels.rdpgfx.client] - [rdpgfx_recv_evict_cache_entry_pdu]: RecvEvictCacheEntryPdu: cacheSlot: 41
[17:52:00:633] [47174:0000b861] [DEBUG][com.freerdp.channels.rdpgfx.client] - [rdpgfx_recv_evict_cache_entry_pdu]: RecvEvictCacheEntryPdu: cacheSlot: 44
[17:52:00:633] [47174:0000b861] [DEBUG][com.freerdp.channels.rdpgfx.client] - [rdpgfx_recv_evict_cache_entry_pdu]: RecvEvictCacheEntryPdu: cacheSlot: 45
[17:52:00:633] [47174:0000b861] [DEBUG][com.freerdp.channels.rdpgfx.client] - [rdpgfx_recv_evict_cache_entry_pdu]: RecvEvictCacheEntryPdu: cacheSlot: 46
[17:52:00:633] [47174:0000b861] [DEBUG][com.freerdp.channels.rdpgfx.client] - [rdpgfx_recv_evict_cache_entry_pdu]: RecvEvictCacheEntryPdu: cacheSlot: 47
[17:52:00:633] [47174:0000b861] [DEBUG][com.freerdp.channels.rdpgfx.client] - [rdpgfx_recv_evict_cache_entry_pdu]: RecvEvictCacheEntryPdu: cacheSlot: 53
[17:52:00:633] [47174:0000b861] [DEBUG][com.freerdp.channels.rdpgfx.client] - [rdpgfx_recv_evict_cache_entry_pdu]: RecvEvictCacheEntryPdu: cacheSlot: 62
[17:52:00:633] [47174:0000b861] [DEBUG][com.freerdp.channels.rdpgfx.client] - [rdpgfx_recv_evict_cache_entry_pdu]: RecvEvictCacheEntryPdu: cacheSlot: 64
[17:52:00:633] [47174:0000b861] [DEBUG][com.freerdp.channels.rdpgfx.client] - [rdpgfx_recv_evict_cache_entry_pdu]: RecvEvictCacheEntryPdu: cacheSlot: 71
[17:52:00:633] [47174:0000b861] [DEBUG][com.freerdp.channels.rdpgfx.client] - [rdpgfx_recv_evict_cache_entry_pdu]: RecvEvictCacheEntryPdu: cacheSlot: 72
[17:52:00:633] [47174:0000b861] [DEBUG][com.freerdp.channels.rdpgfx.client] - [rdpgfx_recv_evict_cache_entry_pdu]: RecvEvictCacheEntryPdu: cacheSlot: 73
[17:52:00:633] [47174:0000b861] [DEBUG][com.freerdp.channels.rdpgfx.client] - [rdpgfx_recv_evict_cache_entry_pdu]: RecvEvictCacheEntryPdu: cacheSlot: 76
[17:52:00:634] [47174:0000b861] [DEBUG][com.freerdp.channels.rdpgfx.client] - [rdpgfx_recv_evict_cache_entry_pdu]: RecvEvictCacheEntryPdu: cacheSlot: 82
[17:52:00:634] [47174:0000b861] [DEBUG][com.freerdp.channels.rdpgfx.client] - [rdpgfx_recv_evict_cache_entry_pdu]: RecvEvictCacheEntryPdu: cacheSlot: 83
[17:52:00:634] [47174:0000b861] [DEBUG][com.freerdp.channels.rdpgfx.client] - [rdpgfx_recv_evict_cache_entry_pdu]: RecvEvictCacheEntryPdu: cacheSlot: 84
[17:52:00:634] [47174:0000b861] [DEBUG][com.freerdp.channels.rdpgfx.client] - [rdpgfx_recv_evict_cache_entry_pdu]: RecvEvictCacheEntryPdu: cacheSlot: 653
[17:52:00:634] [47174:0000b861] [DEBUG][com.freerdp.channels.rdpgfx.client] - [rdpgfx_recv_evict_cache_entry_pdu]: RecvEvictCacheEntryPdu: cacheSlot: 654
[17:52:00:634] [47174:0000b861] [DEBUG][com.freerdp.channels.rdpgfx.client] - [rdpgfx_recv_evict_cache_entry_pdu]: RecvEvictCacheEntryPdu: cacheSlot: 655
[17:52:00:634] [47174:0000b861] [DEBUG][com.freerdp.channels.rdpgfx.client] - [rdpgfx_recv_evict_cache_entry_pdu]: RecvEvictCacheEntryPdu: cacheSlot: 656
[17:52:00:634] [47174:0000b861] [DEBUG][com.freerdp.channels.rdpgfx.client] - [rdpgfx_recv_evict_cache_entry_pdu]: RecvEvictCacheEntryPdu: cacheSlot: 657
[17:52:00:634] [47174:0000b861] [DEBUG][com.freerdp.channels.rdpgfx.client] - [rdpgfx_recv_evict_cache_entry_pdu]: RecvEvictCacheEntryPdu: cacheSlot: 658
[17:52:00:634] [47174:0000b861] [DEBUG][com.freerdp.channels.rdpgfx.client] - [rdpgfx_recv_evict_cache_entry_pdu]: RecvEvictCacheEntryPdu: cacheSlot: 659
[17:52:00:634] [47174:0000b861] [DEBUG][com.freerdp.channels.rdpgfx.client] - [rdpgfx_recv_evict_cache_entry_pdu]: RecvEvictCacheEntryPdu: cacheSlot: 660
[17:52:00:634] [47174:0000b861] [DEBUG][com.freerdp.channels.rdpgfx.client] - [rdpgfx_recv_evict_cache_entry_pdu]: RecvEvictCacheEntryPdu: cacheSlot: 661
[17:52:00:634] [47174:0000b861] [DEBUG][com.freerdp.channels.rdpgfx.client] - [rdpgfx_recv_evict_cache_entry_pdu]: RecvEvictCacheEntryPdu: cacheSlot: 662
[17:52:00:634] [47174:0000b861] [DEBUG][com.freerdp.channels.rdpgfx.client] - [rdpgfx_recv_evict_cache_entry_pdu]: RecvEvictCacheEntryPdu: cacheSlot: 663
[17:52:00:634] [47174:0000b861] [DEBUG][com.freerdp.channels.rdpgfx.client] - [rdpgfx_recv_evict_cache_entry_pdu]: RecvEvictCacheEntryPdu: cacheSlot: 664
[17:52:00:634] [47174:0000b861] [DEBUG][com.freerdp.channels.rdpgfx.client] - [rdpgfx_recv_evict_cache_entry_pdu]: RecvEvictCacheEntryPdu: cacheSlot: 665
[17:52:00:634] [47174:0000b861] [DEBUG][com.freerdp.channels.rdpgfx.client] - [rdpgfx_recv_evict_cache_entry_pdu]: RecvEvictCacheEntryPdu: cacheSlot: 666
[17:52:00:634] [47174:0000b861] [DEBUG][com.freerdp.channels.rdpgfx.client] - [rdpgfx_recv_evict_cache_entry_pdu]: RecvEvictCacheEntryPdu: cacheSlot: 667
[17:52:00:634] [47174:0000b861] [DEBUG][com.freerdp.channels.rdpgfx.client] - [rdpgfx_recv_evict_cache_entry_pdu]: RecvEvictCacheEntryPdu: cacheSlot: 668
[17:52:00:634] [47174:0000b861] [DEBUG][com.freerdp.channels.rdpgfx.client] - [rdpgfx_recv_evict_cache_entry_pdu]: RecvEvictCacheEntryPdu: cacheSlot: 669
[17:52:00:634] [47174:0000b861] [DEBUG][com.freerdp.channels.rdpgfx.client] - [rdpgfx_recv_evict_cache_entry_pdu]: RecvEvictCacheEntryPdu: cacheSlot: 670
[17:52:00:634] [47174:0000b861] [DEBUG][com.freerdp.channels.rdpgfx.client] - [rdpgfx_recv_evict_cache_entry_pdu]: RecvEvictCacheEntryPdu: cacheSlot: 671
[17:52:00:634] [47174:0000b861] [DEBUG][com.freerdp.channels.rdpgfx.client] - [rdpgfx_recv_evict_cache_entry_pdu]: RecvEvictCacheEntryPdu: cacheSlot: 672
[17:52:00:634] [47174:0000b861] [DEBUG][com.freerdp.channels.rdpgfx.client] - [rdpgfx_recv_evict_cache_entry_pdu]: RecvEvictCacheEntryPdu: cacheSlot: 673
[17:52:00:634] [47174:0000b861] [DEBUG][com.freerdp.channels.rdpgfx.client] - [rdpgfx_recv_evict_cache_entry_pdu]: RecvEvictCacheEntryPdu: cacheSlot: 156
[17:52:00:635] [47174:0000b861] [DEBUG][com.freerdp.channels.rdpgfx.client] - [rdpgfx_recv_evict_cache_entry_pdu]: RecvEvictCacheEntryPdu: cacheSlot: 160
[17:52:00:635] [47174:0000b861] [DEBUG][com.freerdp.channels.rdpgfx.client] - [rdpgfx_recv_evict_cache_entry_pdu]: RecvEvictCacheEntryPdu: cacheSlot: 161
[17:52:00:635] [47174:0000b861] [DEBUG][com.freerdp.channels.rdpgfx.client] - [rdpgfx_recv_evict_cache_entry_pdu]: RecvEvictCacheEntryPdu: cacheSlot: 162
[17:52:00:635] [47174:0000b861] [DEBUG][com.freerdp.channels.rdpgfx.client] - [rdpgfx_recv_evict_cache_entry_pdu]: RecvEvictCacheEntryPdu: cacheSlot: 164
[17:52:00:635] [47174:0000b861] [DEBUG][com.freerdp.channels.rdpgfx.client] - [rdpgfx_recv_evict_cache_entry_pdu]: RecvEvictCacheEntryPdu: cacheSlot: 165
[17:52:00:635] [47174:0000b861] [DEBUG][com.freerdp.channels.rdpgfx.client] - [rdpgfx_recv_evict_cache_entry_pdu]: RecvEvictCacheEntryPdu: cacheSlot: 166
[17:52:00:635] [47174:0000b861] [DEBUG][com.freerdp.channels.rdpgfx.client] - [rdpgfx_recv_evict_cache_entry_pdu]: RecvEvictCacheEntryPdu: cacheSlot: 167
[17:52:00:635] [47174:0000b861] [DEBUG][com.freerdp.channels.rdpgfx.client] - [rdpgfx_recv_evict_cache_entry_pdu]: RecvEvictCacheEntryPdu: cacheSlot: 674
[17:52:00:635] [47174:0000b861] [DEBUG][com.freerdp.channels.rdpgfx.client] - [rdpgfx_recv_evict_cache_entry_pdu]: RecvEvictCacheEntryPdu: cacheSlot: 675
[17:52:00:635] [47174:0000b861] [DEBUG][com.freerdp.channels.rdpgfx.client] - [rdpgfx_recv_evict_cache_entry_pdu]: RecvEvictCacheEntryPdu: cacheSlot: 676
[17:52:00:635] [47174:0000b861] [DEBUG][com.freerdp.channels.rdpgfx.client] - [rdpgfx_recv_evict_cache_entry_pdu]: RecvEvictCacheEntryPdu: cacheSlot: 677
[17:52:00:635] [47174:0000b861] [DEBUG][com.freerdp.channels.rdpgfx.client] - [rdpgfx_recv_evict_cache_entry_pdu]: RecvEvictCacheEntryPdu: cacheSlot: 678
[17:52:00:635] [47174:0000b861] [DEBUG][com.freerdp.channels.rdpgfx.client] - [rdpgfx_recv_evict_cache_entry_pdu]: RecvEvictCacheEntryPdu: cacheSlot: 679
[17:52:00:635] [47174:0000b861] [DEBUG][com.freerdp.channels.rdpgfx.client] - [rdpgfx_recv_evict_cache_entry_pdu]: RecvEvictCacheEntryPdu: cacheSlot: 680
[17:52:00:635] [47174:0000b861] [DEBUG][com.freerdp.channels.rdpgfx.client] - [rdpgfx_recv_evict_cache_entry_pdu]: RecvEvictCacheEntryPdu: cacheSlot: 681
[17:52:00:635] [47174:0000b861] [DEBUG][com.freerdp.channels.rdpgfx.client] - [rdpgfx_recv_evict_cache_entry_pdu]: RecvEvictCacheEntryPdu: cacheSlot: 682
[17:52:00:635] [47174:0000b861] [DEBUG][com.freerdp.channels.rdpgfx.client] - [rdpgfx_recv_evict_cache_entry_pdu]: RecvEvictCacheEntryPdu: cacheSlot: 683
[17:52:00:635] [47174:0000b861] [DEBUG][com.freerdp.channels.rdpgfx.client] - [rdpgfx_recv_evict_cache_entry_pdu]: RecvEvictCacheEntryPdu: cacheSlot: 684
[17:52:00:635] [47174:0000b861] [DEBUG][com.freerdp.channels.rdpgfx.client] - [rdpgfx_recv_evict_cache_entry_pdu]: RecvEvictCacheEntryPdu: cacheSlot: 685
[17:52:00:635] [47174:0000b861] [DEBUG][com.freerdp.channels.rdpgfx.client] - [rdpgfx_recv_evict_cache_entry_pdu]: RecvEvictCacheEntryPdu: cacheSlot: 686
[17:52:00:635] [47174:0000b861] [DEBUG][com.freerdp.channels.rdpgfx.client] - [rdpgfx_recv_evict_cache_entry_pdu]: RecvEvictCacheEntryPdu: cacheSlot: 687
[17:52:00:635] [47174:0000b861] [DEBUG][com.freerdp.channels.rdpgfx.client] - [rdpgfx_recv_evict_cache_entry_pdu]: RecvEvictCacheEntryPdu: cacheSlot: 688
[17:52:00:635] [47174:0000b861] [DEBUG][com.freerdp.channels.rdpgfx.client] - [rdpgfx_recv_evict_cache_entry_pdu]: RecvEvictCacheEntryPdu: cacheSlot: 689
[17:52:00:635] [47174:0000b861] [DEBUG][com.freerdp.channels.rdpgfx.client] - [rdpgfx_recv_evict_cache_entry_pdu]: RecvEvictCacheEntryPdu: cacheSlot: 690
[17:52:00:635] [47174:0000b861] [DEBUG][com.freerdp.channels.rdpgfx.client] - [rdpgfx_recv_evict_cache_entry_pdu]: RecvEvictCacheEntryPdu: cacheSlot: 691
[17:52:00:635] [47174:0000b861] [DEBUG][com.freerdp.channels.rdpgfx.client] - [rdpgfx_recv_evict_cache_entry_pdu]: RecvEvictCacheEntryPdu: cacheSlot: 168
[17:52:00:635] [47174:0000b861] [DEBUG][com.freerdp.channels.rdpgfx.client] - [rdpgfx_recv_evict_cache_entry_pdu]: RecvEvictCacheEntryPdu: cacheSlot: 171
[17:52:00:635] [47174:0000b861] [DEBUG][com.freerdp.channels.rdpgfx.client] - [rdpgfx_recv_evict_cache_entry_pdu]: RecvEvictCacheEntryPdu: cacheSlot: 692
[17:52:00:636] [47174:0000b861] [DEBUG][com.freerdp.channels.rdpgfx.client] - [rdpgfx_recv_evict_cache_entry_pdu]: RecvEvictCacheEntryPdu: cacheSlot: 693
[17:52:00:636] [47174:0000b861] [DEBUG][com.freerdp.channels.rdpgfx.client] - [rdpgfx_recv_evict_cache_entry_pdu]: RecvEvictCacheEntryPdu: cacheSlot: 694
[17:52:00:636] [47174:0000b861] [DEBUG][com.freerdp.channels.rdpgfx.client] - [rdpgfx_recv_evict_cache_entry_pdu]: RecvEvictCacheEntryPdu: cacheSlot: 695
[17:52:00:636] [47174:0000b861] [DEBUG][com.freerdp.channels.rdpgfx.client] - [rdpgfx_recv_evict_cache_entry_pdu]: RecvEvictCacheEntryPdu: cacheSlot: 696
[17:52:00:636] [47174:0000b861] [DEBUG][com.freerdp.channels.rdpgfx.client] - [rdpgfx_recv_evict_cache_entry_pdu]: RecvEvictCacheEntryPdu: cacheSlot: 697
[17:52:00:636] [47174:0000b861] [DEBUG][com.freerdp.channels.rdpgfx.client] - [rdpgfx_recv_evict_cache_entry_pdu]: RecvEvictCacheEntryPdu: cacheSlot: 172
[17:52:00:636] [47174:0000b861] [DEBUG][com.freerdp.channels.rdpgfx.client] - [rdpgfx_recv_evict_cache_entry_pdu]: RecvEvictCacheEntryPdu: cacheSlot: 173
[17:52:00:636] [47174:0000b861] [DEBUG][com.freerdp.channels.rdpgfx.client] - [rdpgfx_recv_evict_cache_entry_pdu]: RecvEvictCacheEntryPdu: cacheSlot: 177
[17:52:00:636] [47174:0000b861] [DEBUG][com.freerdp.channels.rdpgfx.client] - [rdpgfx_recv_evict_cache_entry_pdu]: RecvEvictCacheEntryPdu: cacheSlot: 178
[17:52:00:636] [47174:0000b861] [DEBUG][com.freerdp.channels.rdpgfx.client] - [rdpgfx_recv_evict_cache_entry_pdu]: RecvEvictCacheEntryPdu: cacheSlot: 698
[17:52:00:636] [47174:0000b861] [DEBUG][com.freerdp.channels.rdpgfx.client] - [rdpgfx_recv_evict_cache_entry_pdu]: RecvEvictCacheEntryPdu: cacheSlot: 699
[17:52:00:636] [47174:0000b861] [DEBUG][com.freerdp.channels.rdpgfx.client] - [rdpgfx_recv_evict_cache_entry_pdu]: RecvEvictCacheEntryPdu: cacheSlot: 700
[17:52:00:636] [47174:0000b861] [DEBUG][com.freerdp.channels.rdpgfx.client] - [rdpgfx_recv_evict_cache_entry_pdu]: RecvEvictCacheEntryPdu: cacheSlot: 701
[17:52:00:636] [47174:0000b861] [DEBUG][com.freerdp.channels.rdpgfx.client] - [rdpgfx_recv_evict_cache_entry_pdu]: RecvEvictCacheEntryPdu: cacheSlot: 702
[17:52:00:636] [47174:0000b861] [DEBUG][com.freerdp.channels.rdpgfx.client] - [rdpgfx_recv_evict_cache_entry_pdu]: RecvEvictCacheEntryPdu: cacheSlot: 703
[17:52:00:636] [47174:0000b861] [DEBUG][com.freerdp.channels.rdpgfx.client] - [rdpgfx_recv_evict_cache_entry_pdu]: RecvEvictCacheEntryPdu: cacheSlot: 179
[17:52:00:636] [47174:0000b861] [DEBUG][com.freerdp.channels.rdpgfx.client] - [rdpgfx_recv_evict_cache_entry_pdu]: RecvEvictCacheEntryPdu: cacheSlot: 180
[17:52:00:636] [47174:0000b861] [DEBUG][com.freerdp.channels.rdpgfx.client] - [rdpgfx_recv_evict_cache_entry_pdu]: RecvEvictCacheEntryPdu: cacheSlot: 181
[17:52:00:636] [47174:0000b861] [DEBUG][com.freerdp.channels.rdpgfx.client] - [rdpgfx_recv_evict_cache_entry_pdu]: RecvEvictCacheEntryPdu: cacheSlot: 182
[17:52:00:636] [47174:0000b861] [DEBUG][com.freerdp.channels.rdpgfx.client] - [rdpgfx_recv_evict_cache_entry_pdu]: RecvEvictCacheEntryPdu: cacheSlot: 183
[17:52:00:636] [47174:0000b861] [DEBUG][com.freerdp.channels.rdpgfx.client] - [rdpgfx_recv_evict_cache_entry_pdu]: RecvEvictCacheEntryPdu: cacheSlot: 184
[17:52:00:636] [47174:0000b861] [DEBUG][com.freerdp.channels.rdpgfx.client] - [rdpgfx_recv_evict_cache_entry_pdu]: RecvEvictCacheEntryPdu: cacheSlot: 704
[17:52:00:636] [47174:0000b861] [DEBUG][com.freerdp.channels.rdpgfx.client] - [rdpgfx_recv_evict_cache_entry_pdu]: RecvEvictCacheEntryPdu: cacheSlot: 705
[17:52:00:636] [47174:0000b861] [DEBUG][com.freerdp.channels.rdpgfx.client] - [rdpgfx_recv_evict_cache_entry_pdu]: RecvEvictCacheEntryPdu: cacheSlot: 188
[17:52:00:636] [47174:0000b861] [DEBUG][com.freerdp.channels.rdpgfx.client] - [rdpgfx_recv_evict_cache_entry_pdu]: RecvEvictCacheEntryPdu: cacheSlot: 190
[17:52:00:636] [47174:0000b861] [DEBUG][com.freerdp.channels.rdpgfx.client] - [rdpgfx_recv_evict_cache_entry_pdu]: RecvEvictCacheEntryPdu: cacheSlot: 191
[17:52:00:636] [47174:0000b861] [DEBUG][com.freerdp.channels.rdpgfx.client] - [rdpgfx_recv_evict_cache_entry_pdu]: RecvEvictCacheEntryPdu: cacheSlot: 192
[17:52:00:636] [47174:0000b861] [DEBUG][com.freerdp.channels.rdpgfx.client] - [rdpgfx_recv_evict_cache_entry_pdu]: RecvEvictCacheEntryPdu: cacheSlot: 193
[17:52:00:636] [47174:0000b861] [DEBUG][com.freerdp.channels.rdpgfx.client] - [rdpgfx_recv_evict_cache_entry_pdu]: RecvEvictCacheEntryPdu: cacheSlot: 195
[17:52:00:636] [47174:0000b861] [DEBUG][com.freerdp.channels.rdpgfx.client] - [rdpgfx_recv_evict_cache_entry_pdu]: RecvEvictCacheEntryPdu: cacheSlot: 196
[17:52:00:636] [47174:0000b861] [DEBUG][com.freerdp.channels.rdpgfx.client] - [rdpgfx_recv_evict_cache_entry_pdu]: RecvEvictCacheEntryPdu: cacheSlot: 197
[17:52:00:636] [47174:0000b861] [DEBUG][com.freerdp.channels.rdpgfx.client] - [rdpgfx_recv_evict_cache_entry_pdu]: RecvEvictCacheEntryPdu: cacheSlot: 198
[17:52:00:636] [47174:0000b861] [DEBUG][com.freerdp.channels.rdpgfx.client] - [rdpgfx_recv_evict_cache_entry_pdu]: RecvEvictCacheEntryPdu: cacheSlot: 199
[17:52:00:636] [47174:0000b861] [DEBUG][com.freerdp.channels.rdpgfx.client] - [rdpgfx_recv_evict_cache_entry_pdu]: RecvEvictCacheEntryPdu: cacheSlot: 201
[17:52:00:637] [47174:0000b861] [DEBUG][com.freerdp.channels.rdpgfx.client] - [rdpgfx_recv_evict_cache_entry_pdu]: RecvEvictCacheEntryPdu: cacheSlot: 706
[17:52:00:637] [47174:0000b861] [DEBUG][com.freerdp.channels.rdpgfx.client] - [rdpgfx_recv_evict_cache_entry_pdu]: RecvEvictCacheEntryPdu: cacheSlot: 202
[17:52:00:637] [47174:0000b861] [DEBUG][com.freerdp.channels.rdpgfx.client] - [rdpgfx_recv_evict_cache_entry_pdu]: RecvEvictCacheEntryPdu: cacheSlot: 203
[17:52:00:637] [47174:0000b861] [DEBUG][com.freerdp.channels.rdpgfx.client] - [rdpgfx_recv_evict_cache_entry_pdu]: RecvEvictCacheEntryPdu: cacheSlot: 204
[17:52:00:637] [47174:0000b861] [DEBUG][com.freerdp.channels.rdpgfx.client] - [rdpgfx_recv_evict_cache_entry_pdu]: RecvEvictCacheEntryPdu: cacheSlot: 205
[17:52:00:637] [47174:0000b861] [DEBUG][com.freerdp.channels.rdpgfx.client] - [rdpgfx_recv_evict_cache_entry_pdu]: RecvEvictCacheEntryPdu: cacheSlot: 206
[17:52:00:637] [47174:0000b861] [DEBUG][com.freerdp.channels.rdpgfx.client] - [rdpgfx_recv_evict_cache_entry_pdu]: RecvEvictCacheEntryPdu: cacheSlot: 207
[17:52:00:637] [47174:0000b861] [DEBUG][com.freerdp.channels.rdpgfx.client] - [rdpgfx_recv_evict_cache_entry_pdu]: RecvEvictCacheEntryPdu: cacheSlot: 208
[17:52:00:637] [47174:0000b861] [DEBUG][com.freerdp.channels.rdpgfx.client] - [rdpgfx_recv_evict_cache_entry_pdu]: RecvEvictCacheEntryPdu: cacheSlot: 209
[17:52:00:637] [47174:0000b861] [DEBUG][com.freerdp.channels.rdpgfx.client] - [rdpgfx_recv_evict_cache_entry_pdu]: RecvEvictCacheEntryPdu: cacheSlot: 210
[17:52:00:637] [47174:0000b861] [DEBUG][com.freerdp.channels.rdpgfx.client] - [rdpgfx_recv_evict_cache_entry_pdu]: RecvEvictCacheEntryPdu: cacheSlot: 211
[17:52:00:637] [47174:0000b861] [DEBUG][com.freerdp.channels.rdpgfx.client] - [rdpgfx_recv_evict_cache_entry_pdu]: RecvEvictCacheEntryPdu: cacheSlot: 212
[17:52:00:637] [47174:0000b861] [DEBUG][com.freerdp.channels.rdpgfx.client] - [rdpgfx_recv_evict_cache_entry_pdu]: RecvEvictCacheEntryPdu: cacheSlot: 213
[17:52:00:637] [47174:0000b861] [DEBUG][com.freerdp.channels.rdpgfx.client] - [rdpgfx_recv_evict_cache_entry_pdu]: RecvEvictCacheEntryPdu: cacheSlot: 225
[17:52:00:637] [47174:0000b861] [DEBUG][com.freerdp.channels.rdpgfx.client] - [rdpgfx_recv_evict_cache_entry_pdu]: RecvEvictCacheEntryPdu: cacheSlot: 226
[17:52:00:637] [47174:0000b861] [DEBUG][com.freerdp.channels.rdpgfx.client] - [rdpgfx_recv_evict_cache_entry_pdu]: RecvEvictCacheEntryPdu: cacheSlot: 227
[17:52:00:637] [47174:0000b861] [DEBUG][com.freerdp.channels.rdpgfx.client] - [rdpgfx_recv_evict_cache_entry_pdu]: RecvEvictCacheEntryPdu: cacheSlot: 228
[17:52:00:637] [47174:0000b861] [DEBUG][com.freerdp.channels.rdpgfx.client] - [rdpgfx_recv_evict_cache_entry_pdu]: RecvEvictCacheEntryPdu: cacheSlot: 229
[17:52:00:637] [47174:0000b861] [DEBUG][com.freerdp.channels.rdpgfx.client] - [rdpgfx_recv_evict_cache_entry_pdu]: RecvEvictCacheEntryPdu: cacheSlot: 230
[17:52:00:637] [47174:0000b861] [DEBUG][com.freerdp.channels.rdpgfx.client] - [rdpgfx_recv_evict_cache_entry_pdu]: RecvEvictCacheEntryPdu: cacheSlot: 231
[17:52:00:637] [47174:0000b861] [DEBUG][com.freerdp.channels.rdpgfx.client] - [rdpgfx_recv_evict_cache_entry_pdu]: RecvEvictCacheEntryPdu: cacheSlot: 232
[17:52:00:637] [47174:0000b861] [DEBUG][com.freerdp.channels.rdpgfx.client] - [rdpgfx_recv_evict_cache_entry_pdu]: RecvEvictCacheEntryPdu: cacheSlot: 233
[17:52:00:637] [47174:0000b861] [DEBUG][com.freerdp.channels.rdpgfx.client] - [rdpgfx_recv_evict_cache_entry_pdu]: RecvEvictCacheEntryPdu: cacheSlot: 234
[17:52:00:637] [47174:0000b861] [DEBUG][com.freerdp.channels.rdpgfx.client] - [rdpgfx_recv_evict_cache_entry_pdu]: RecvEvictCacheEntryPdu: cacheSlot: 235
[17:52:00:637] [47174:0000b861] [DEBUG][com.freerdp.channels.rdpgfx.client] - [rdpgfx_recv_evict_cache_entry_pdu]: RecvEvictCacheEntryPdu: cacheSlot: 236
[17:52:00:637] [47174:0000b861] [DEBUG][com.freerdp.channels.rdpgfx.client] - [rdpgfx_recv_evict_cache_entry_pdu]: RecvEvictCacheEntryPdu: cacheSlot: 237
[17:52:00:637] [47174:0000b861] [DEBUG][com.freerdp.channels.rdpgfx.client] - [rdpgfx_recv_evict_cache_entry_pdu]: RecvEvictCacheEntryPdu: cacheSlot: 707
[17:52:00:637] [47174:0000b861] [DEBUG][com.freerdp.channels.rdpgfx.client] - [rdpgfx_recv_evict_cache_entry_pdu]: RecvEvictCacheEntryPdu: cacheSlot: 708
[17:52:00:637] [47174:0000b861] [DEBUG][com.freerdp.channels.rdpgfx.client] - [rdpgfx_recv_evict_cache_entry_pdu]: RecvEvictCacheEntryPdu: cacheSlot: 709
[17:52:00:637] [47174:0000b861] [DEBUG][com.freerdp.channels.rdpgfx.client] - [rdpgfx_recv_evict_cache_entry_pdu]: RecvEvictCacheEntryPdu: cacheSlot: 710
[17:52:00:637] [47174:0000b861] [DEBUG][com.freerdp.channels.rdpgfx.client] - [rdpgfx_recv_evict_cache_entry_pdu]: RecvEvictCacheEntryPdu: cacheSlot: 711
[17:52:00:637] [47174:0000b861] [DEBUG][com.freerdp.channels.rdpgfx.client] - [rdpgfx_recv_evict_cache_entry_pdu]: RecvEvictCacheEntryPdu: cacheSlot: 712
[17:52:00:637] [47174:0000b861] [DEBUG][com.freerdp.channels.rdpgfx.client] - [rdpgfx_recv_evict_cache_entry_pdu]: RecvEvictCacheEntryPdu: cacheSlot: 713
[17:52:00:637] [47174:0000b861] [DEBUG][com.freerdp.channels.rdpgfx.client] - [rdpgfx_recv_evict_cache_entry_pdu]: RecvEvictCacheEntryPdu: cacheSlot: 714
[17:52:00:637] [47174:0000b861] [DEBUG][com.freerdp.channels.rdpgfx.client] - [rdpgfx_recv_evict_cache_entry_pdu]: RecvEvictCacheEntryPdu: cacheSlot: 715
[17:52:00:638] [47174:0000b861] [DEBUG][com.freerdp.channels.rdpgfx.client] - [rdpgfx_recv_evict_cache_entry_pdu]: RecvEvictCacheEntryPdu: cacheSlot: 716
[17:52:00:638] [47174:0000b861] [DEBUG][com.freerdp.channels.rdpgfx.client] - [rdpgfx_recv_evict_cache_entry_pdu]: RecvEvictCacheEntryPdu: cacheSlot: 717
[17:52:00:638] [47174:0000b861] [DEBUG][com.freerdp.channels.rdpgfx.client] - [rdpgfx_recv_evict_cache_entry_pdu]: RecvEvictCacheEntryPdu: cacheSlot: 718
[17:52:00:638] [47174:0000b861] [DEBUG][com.freerdp.channels.rdpgfx.client] - [rdpgfx_recv_evict_cache_entry_pdu]: RecvEvictCacheEntryPdu: cacheSlot: 719
[17:52:00:638] [47174:0000b861] [DEBUG][com.freerdp.channels.rdpgfx.client] - [rdpgfx_recv_evict_cache_entry_pdu]: RecvEvictCacheEntryPdu: cacheSlot: 720
[17:52:00:638] [47174:0000b861] [DEBUG][com.freerdp.channels.rdpgfx.client] - [rdpgfx_recv_evict_cache_entry_pdu]: RecvEvictCacheEntryPdu: cacheSlot: 721
[17:52:00:638] [47174:0000b861] [DEBUG][com.freerdp.channels.rdpgfx.client] - [rdpgfx_recv_evict_cache_entry_pdu]: RecvEvictCacheEntryPdu: cacheSlot: 722
[17:52:00:638] [47174:0000b861] [DEBUG][com.freerdp.channels.rdpgfx.client] - [rdpgfx_recv_evict_cache_entry_pdu]: RecvEvictCacheEntryPdu: cacheSlot: 723
[17:52:00:638] [47174:0000b861] [DEBUG][com.freerdp.channels.rdpgfx.client] - [rdpgfx_recv_evict_cache_entry_pdu]: RecvEvictCacheEntryPdu: cacheSlot: 724
[17:52:00:638] [47174:0000b861] [DEBUG][com.freerdp.channels.rdpgfx.client] - [rdpgfx_recv_evict_cache_entry_pdu]: RecvEvictCacheEntryPdu: cacheSlot: 725
[17:52:00:638] [47174:0000b861] [DEBUG][com.freerdp.channels.rdpgfx.client] - [rdpgfx_recv_evict_cache_entry_pdu]: RecvEvictCacheEntryPdu: cacheSlot: 726
[17:52:00:638] [47174:0000b861] [DEBUG][com.freerdp.channels.rdpgfx.client] - [rdpgfx_recv_evict_cache_entry_pdu]: RecvEvictCacheEntryPdu: cacheSlot: 727
[17:52:00:638] [47174:0000b861] [DEBUG][com.freerdp.channels.rdpgfx.client] - [rdpgfx_recv_evict_cache_entry_pdu]: RecvEvictCacheEntryPdu: cacheSlot: 728
[17:52:00:638] [47174:0000b861] [DEBUG][com.freerdp.channels.rdpgfx.client] - [rdpgfx_recv_evict_cache_entry_pdu]: RecvEvictCacheEntryPdu: cacheSlot: 729
[17:52:00:638] [47174:0000b861] [DEBUG][com.freerdp.channels.rdpgfx.client] - [rdpgfx_recv_evict_cache_entry_pdu]: RecvEvictCacheEntryPdu: cacheSlot: 730
[17:52:00:638] [47174:0000b861] [DEBUG][com.freerdp.channels.rdpgfx.client] - [rdpgfx_recv_evict_cache_entry_pdu]: RecvEvictCacheEntryPdu: cacheSlot: 731
[17:52:00:638] [47174:0000b861] [DEBUG][com.freerdp.channels.rdpgfx.client] - [rdpgfx_recv_evict_cache_entry_pdu]: RecvEvictCacheEntryPdu: cacheSlot: 732
[17:52:00:638] [47174:0000b861] [DEBUG][com.freerdp.channels.rdpgfx.client] - [rdpgfx_recv_evict_cache_entry_pdu]: RecvEvictCacheEntryPdu: cacheSlot: 733
[17:52:00:638] [47174:0000b861] [DEBUG][com.freerdp.channels.rdpgfx.client] - [rdpgfx_recv_evict_cache_entry_pdu]: RecvEvictCacheEntryPdu: cacheSlot: 734
[17:52:00:638] [47174:0000b861] [DEBUG][com.freerdp.channels.rdpgfx.client] - [rdpgfx_recv_evict_cache_entry_pdu]: RecvEvictCacheEntryPdu: cacheSlot: 735
[17:52:00:638] [47174:0000b861] [DEBUG][com.freerdp.channels.rdpgfx.client] - [rdpgfx_recv_evict_cache_entry_pdu]: RecvEvictCacheEntryPdu: cacheSlot: 736
[17:52:00:638] [47174:0000b861] [DEBUG][com.freerdp.channels.rdpgfx.client] - [rdpgfx_recv_evict_cache_entry_pdu]: RecvEvictCacheEntryPdu: cacheSlot: 737
[17:52:00:638] [47174:0000b861] [DEBUG][com.freerdp.channels.rdpgfx.client] - [rdpgfx_recv_evict_cache_entry_pdu]: RecvEvictCacheEntryPdu: cacheSlot: 738
[17:52:00:638] [47174:0000b861] [DEBUG][com.freerdp.channels.rdpgfx.client] - [rdpgfx_recv_evict_cache_entry_pdu]: RecvEvictCacheEntryPdu: cacheSlot: 739
[17:52:00:638] [47174:0000b861] [DEBUG][com.freerdp.channels.rdpgfx.client] - [rdpgfx_recv_evict_cache_entry_pdu]: RecvEvictCacheEntryPdu: cacheSlot: 740
[17:52:00:638] [47174:0000b861] [DEBUG][com.freerdp.channels.rdpgfx.client] - [rdpgfx_recv_evict_cache_entry_pdu]: RecvEvictCacheEntryPdu: cacheSlot: 741
[17:52:00:638] [47174:0000b861] [DEBUG][com.freerdp.channels.rdpgfx.client] - [rdpgfx_recv_evict_cache_entry_pdu]: RecvEvictCacheEntryPdu: cacheSlot: 742
[17:52:00:638] [47174:0000b861] [DEBUG][com.freerdp.channels.rdpgfx.client] - [rdpgfx_recv_evict_cache_entry_pdu]: RecvEvictCacheEntryPdu: cacheSlot: 743
[17:52:00:638] [47174:0000b861] [DEBUG][com.freerdp.channels.rdpgfx.client] - [rdpgfx_recv_evict_cache_entry_pdu]: RecvEvictCacheEntryPdu: cacheSlot: 744
[17:52:00:638] [47174:0000b861] [DEBUG][com.freerdp.channels.rdpgfx.client] - [rdpgfx_recv_evict_cache_entry_pdu]: RecvEvictCacheEntryPdu: cacheSlot: 745
[17:52:00:638] [47174:0000b861] [DEBUG][com.freerdp.channels.rdpgfx.client] - [rdpgfx_recv_evict_cache_entry_pdu]: RecvEvictCacheEntryPdu: cacheSlot: 746
[17:52:00:638] [47174:0000b861] [DEBUG][com.freerdp.channels.rdpgfx.client] - [rdpgfx_recv_evict_cache_entry_pdu]: RecvEvictCacheEntryPdu: cacheSlot: 747
[17:52:00:638] [47174:0000b861] [DEBUG][com.freerdp.channels.rdpgfx.client] - [rdpgfx_recv_evict_cache_entry_pdu]: RecvEvictCacheEntryPdu: cacheSlot: 748
[17:52:00:638] [47174:0000b861] [DEBUG][com.freerdp.channels.rdpgfx.client] - [rdpgfx_recv_evict_cache_entry_pdu]: RecvEvictCacheEntryPdu: cacheSlot: 749
[17:52:00:638] [47174:0000b861] [DEBUG][com.freerdp.channels.rdpgfx.client] - [rdpgfx_recv_evict_cache_entry_pdu]: RecvEvictCacheEntryPdu: cacheSlot: 750
[17:52:00:639] [47174:0000b861] [DEBUG][com.freerdp.channels.rdpgfx.client] - [rdpgfx_recv_evict_cache_entry_pdu]: RecvEvictCacheEntryPdu: cacheSlot: 751
[17:52:00:639] [47174:0000b861] [DEBUG][com.freerdp.channels.rdpgfx.client] - [rdpgfx_recv_evict_cache_entry_pdu]: RecvEvictCacheEntryPdu: cacheSlot: 752
[17:52:00:639] [47174:0000b861] [DEBUG][com.freerdp.channels.rdpgfx.client] - [rdpgfx_recv_evict_cache_entry_pdu]: RecvEvictCacheEntryPdu: cacheSlot: 753
[17:52:00:639] [47174:0000b861] [DEBUG][com.freerdp.channels.rdpgfx.client] - [rdpgfx_recv_evict_cache_entry_pdu]: RecvEvictCacheEntryPdu: cacheSlot: 754
[17:52:00:639] [47174:0000b861] [DEBUG][com.freerdp.channels.rdpgfx.client] - [rdpgfx_recv_evict_cache_entry_pdu]: RecvEvictCacheEntryPdu: cacheSlot: 755
[17:52:00:639] [47174:0000b861] [DEBUG][com.freerdp.channels.rdpgfx.client] - [rdpgfx_recv_evict_cache_entry_pdu]: RecvEvictCacheEntryPdu: cacheSlot: 239
[17:52:00:639] [47174:0000b861] [DEBUG][com.freerdp.channels.rdpgfx.client] - [rdpgfx_recv_evict_cache_entry_pdu]: RecvEvictCacheEntryPdu: cacheSlot: 240
[17:52:00:639] [47174:0000b861] [DEBUG][com.freerdp.channels.rdpgfx.client] - [rdpgfx_recv_evict_cache_entry_pdu]: RecvEvictCacheEntryPdu: cacheSlot: 241
[17:52:00:639] [47174:0000b861] [DEBUG][com.freerdp.channels.rdpgfx.client] - [rdpgfx_recv_evict_cache_entry_pdu]: RecvEvictCacheEntryPdu: cacheSlot: 242
[17:52:00:639] [47174:0000b861] [DEBUG][com.freerdp.channels.rdpgfx.client] - [rdpgfx_recv_evict_cache_entry_pdu]: RecvEvictCacheEntryPdu: cacheSlot: 243
[17:52:00:639] [47174:0000b861] [DEBUG][com.freerdp.channels.rdpgfx.client] - [rdpgfx_recv_evict_cache_entry_pdu]: RecvEvictCacheEntryPdu: cacheSlot: 244
[17:52:00:639] [47174:0000b861] [DEBUG][com.freerdp.channels.rdpgfx.client] - [rdpgfx_recv_evict_cache_entry_pdu]: RecvEvictCacheEntryPdu: cacheSlot: 245
[17:52:00:639] [47174:0000b861] [DEBUG][com.freerdp.channels.rdpgfx.client] - [rdpgfx_recv_evict_cache_entry_pdu]: RecvEvictCacheEntryPdu: cacheSlot: 246
[17:52:00:639] [47174:0000b861] [DEBUG][com.freerdp.channels.rdpgfx.client] - [rdpgfx_recv_evict_cache_entry_pdu]: RecvEvictCacheEntryPdu: cacheSlot: 247
[17:52:00:639] [47174:0000b861] [DEBUG][com.freerdp.channels.rdpgfx.client] - [rdpgfx_recv_evict_cache_entry_pdu]: RecvEvictCacheEntryPdu: cacheSlot: 250
[17:52:00:639] [47174:0000b861] [DEBUG][com.freerdp.channels.rdpgfx.client] - [rdpgfx_recv_evict_cache_entry_pdu]: RecvEvictCacheEntryPdu: cacheSlot: 563
[17:52:00:639] [47174:0000b861] [DEBUG][com.freerdp.channels.rdpgfx.client] - [rdpgfx_recv_evict_cache_entry_pdu]: RecvEvictCacheEntryPdu: cacheSlot: 565
[17:52:00:639] [47174:0000b861] [DEBUG][com.freerdp.channels.rdpgfx.client] - [rdpgfx_recv_evict_cache_entry_pdu]: RecvEvictCacheEntryPdu: cacheSlot: 568
[17:52:00:639] [47174:0000b861] [DEBUG][com.freerdp.channels.rdpgfx.client] - [rdpgfx_recv_evict_cache_entry_pdu]: RecvEvictCacheEntryPdu: cacheSlot: 571
[17:52:00:639] [47174:0000b861] [DEBUG][com.freerdp.channels.rdpgfx.client] - [rdpgfx_recv_evict_cache_entry_pdu]: RecvEvictCacheEntryPdu: cacheSlot: 574
[17:52:00:639] [47174:0000b861] [DEBUG][com.freerdp.channels.rdpgfx.client] - [rdpgfx_recv_evict_cache_entry_pdu]: RecvEvictCacheEntryPdu: cacheSlot: 578
[17:52:00:639] [47174:0000b861] [DEBUG][com.freerdp.channels.rdpgfx.client] - [rdpgfx_recv_evict_cache_entry_pdu]: RecvEvictCacheEntryPdu: cacheSlot: 253
[17:52:00:639] [47174:0000b861] [DEBUG][com.freerdp.channels.rdpgfx.client] - [rdpgfx_recv_evict_cache_entry_pdu]: RecvEvictCacheEntryPdu: cacheSlot: 254
[17:52:00:640] [47174:0000b861] [DEBUG][com.freerdp.channels.rdpgfx.client] - [rdpgfx_recv_evict_cache_entry_pdu]: RecvEvictCacheEntryPdu: cacheSlot: 255
[17:52:00:640] [47174:0000b861] [DEBUG][com.freerdp.channels.rdpgfx.client] - [rdpgfx_recv_evict_cache_entry_pdu]: RecvEvictCacheEntryPdu: cacheSlot: 258
[17:52:00:640] [47174:0000b861] [DEBUG][com.freerdp.channels.rdpgfx.client] - [rdpgfx_recv_evict_cache_entry_pdu]: RecvEvictCacheEntryPdu: cacheSlot: 259
[17:52:00:640] [47174:0000b861] [DEBUG][com.freerdp.channels.rdpgfx.client] - [rdpgfx_recv_evict_cache_entry_pdu]: RecvEvictCacheEntryPdu: cacheSlot: 756
[17:52:00:640] [47174:0000b861] [DEBUG][com.freerdp.channels.rdpgfx.client] - [rdpgfx_recv_evict_cache_entry_pdu]: RecvEvictCacheEntryPdu: cacheSlot: 757
[17:52:00:640] [47174:0000b861] [DEBUG][com.freerdp.channels.rdpgfx.client] - [rdpgfx_recv_evict_cache_entry_pdu]: RecvEvictCacheEntryPdu: cacheSlot: 758
[17:52:00:640] [47174:0000b861] [DEBUG][com.freerdp.channels.rdpgfx.client] - [rdpgfx_recv_evict_cache_entry_pdu]: RecvEvictCacheEntryPdu: cacheSlot: 759
[17:52:00:640] [47174:0000b861] [DEBUG][com.freerdp.channels.rdpgfx.client] - [rdpgfx_recv_evict_cache_entry_pdu]: RecvEvictCacheEntryPdu: cacheSlot: 760
[17:52:00:640] [47174:0000b861] [DEBUG][com.freerdp.channels.rdpgfx.client] - [rdpgfx_recv_evict_cache_entry_pdu]: RecvEvictCacheEntryPdu: cacheSlot: 761
[17:52:00:640] [47174:0000b861] [DEBUG][com.freerdp.channels.rdpgfx.client] - [rdpgfx_recv_evict_cache_entry_pdu]: RecvEvictCacheEntryPdu: cacheSlot: 260
[17:52:00:640] [47174:0000b861] [DEBUG][com.freerdp.channels.rdpgfx.client] - [rdpgfx_recv_evict_cache_entry_pdu]: RecvEvictCacheEntryPdu: cacheSlot: 579
[17:52:00:640] [47174:0000b861] [DEBUG][com.freerdp.channels.rdpgfx.client] - [rdpgfx_recv_evict_cache_entry_pdu]: RecvEvictCacheEntryPdu: cacheSlot: 580
[17:52:00:640] [47174:0000b861] [DEBUG][com.freerdp.channels.rdpgfx.client] - [rdpgfx_recv_evict_cache_entry_pdu]: RecvEvictCacheEntryPdu: cacheSlot: 581
[17:52:00:640] [47174:0000b861] [DEBUG][com.freerdp.channels.rdpgfx.client] - [rdpgfx_recv_evict_cache_entry_pdu]: RecvEvictCacheEntryPdu: cacheSlot: 582
[17:52:00:640] [47174:0000b861] [DEBUG][com.freerdp.channels.rdpgfx.client] - [rdpgfx_recv_evict_cache_entry_pdu]: RecvEvictCacheEntryPdu: cacheSlot: 762
[17:52:00:640] [47174:0000b861] [DEBUG][com.freerdp.channels.rdpgfx.client] - [rdpgfx_recv_evict_cache_entry_pdu]: RecvEvictCacheEntryPdu: cacheSlot: 763
[17:52:00:640] [47174:0000b861] [DEBUG][com.freerdp.channels.rdpgfx.client] - [rdpgfx_recv_evict_cache_entry_pdu]: RecvEvictCacheEntryPdu: cacheSlot: 764
[17:52:00:640] [47174:0000b861] [DEBUG][com.freerdp.channels.rdpgfx.client] - [rdpgfx_recv_evict_cache_entry_pdu]: RecvEvictCacheEntryPdu: cacheSlot: 765
[17:52:00:640] [47174:0000b861] [DEBUG][com.freerdp.channels.rdpgfx.client] - [rdpgfx_recv_evict_cache_entry_pdu]: RecvEvictCacheEntryPdu: cacheSlot: 766
[17:52:00:640] [47174:0000b861] [DEBUG][com.freerdp.channels.rdpgfx.client] - [rdpgfx_recv_evict_cache_entry_pdu]: RecvEvictCacheEntryPdu: cacheSlot: 767
[17:52:00:640] [47174:0000b861] [DEBUG][com.freerdp.channels.rdpgfx.client] - [rdpgfx_recv_evict_cache_entry_pdu]: RecvEvictCacheEntryPdu: cacheSlot: 768
[17:52:00:640] [47174:0000b861] [DEBUG][com.freerdp.channels.rdpgfx.client] - [rdpgfx_recv_evict_cache_entry_pdu]: RecvEvictCacheEntryPdu: cacheSlot: 769
[17:52:00:640] [47174:0000b861] [DEBUG][com.freerdp.channels.rdpgfx.client] - [rdpgfx_recv_evict_cache_entry_pdu]: RecvEvictCacheEntryPdu: cacheSlot: 770
[17:52:00:641] [47174:0000b861] [DEBUG][com.freerdp.channels.rdpgfx.client] - [rdpgfx_recv_evict_cache_entry_pdu]: RecvEvictCacheEntryPdu: cacheSlot: 771
[17:52:00:641] [47174:0000b861] [DEBUG][com.freerdp.channels.rdpgfx.client] - [rdpgfx_recv_evict_cache_entry_pdu]: RecvEvictCacheEntryPdu: cacheSlot: 772
[17:52:00:641] [47174:0000b861] [DEBUG][com.freerdp.channels.rdpgfx.client] - [rdpgfx_recv_evict_cache_entry_pdu]: RecvEvictCacheEntryPdu: cacheSlot: 773
[17:52:00:641] [47174:0000b861] [DEBUG][com.freerdp.channels.rdpgfx.client] - [rdpgfx_recv_evict_cache_entry_pdu]: RecvEvictCacheEntryPdu: cacheSlot: 774
[17:52:00:641] [47174:0000b861] [DEBUG][com.freerdp.channels.rdpgfx.client] - [rdpgfx_recv_evict_cache_entry_pdu]: RecvEvictCacheEntryPdu: cacheSlot: 775
[17:52:00:641] [47174:0000b861] [DEBUG][com.freerdp.channels.rdpgfx.client] - [rdpgfx_recv_evict_cache_entry_pdu]: RecvEvictCacheEntryPdu: cacheSlot: 776
[17:52:00:641] [47174:0000b861] [DEBUG][com.freerdp.channels.rdpgfx.client] - [rdpgfx_recv_evict_cache_entry_pdu]: RecvEvictCacheEntryPdu: cacheSlot: 777
[17:52:00:641] [47174:0000b861] [DEBUG][com.freerdp.channels.rdpgfx.client] - [rdpgfx_recv_evict_cache_entry_pdu]: RecvEvictCacheEntryPdu: cacheSlot: 778
[17:52:00:641] [47174:0000b861] [DEBUG][com.freerdp.channels.rdpgfx.client] - [rdpgfx_recv_evict_cache_entry_pdu]: RecvEvictCacheEntryPdu: cacheSlot: 779
[17:52:00:641] [47174:0000b861] [DEBUG][com.freerdp.channels.rdpgfx.client] - [rdpgfx_recv_evict_cache_entry_pdu]: RecvEvictCacheEntryPdu: cacheSlot: 780
[17:52:00:641] [47174:0000b861] [DEBUG][com.freerdp.channels.rdpgfx.client] - [rdpgfx_recv_evict_cache_entry_pdu]: RecvEvictCacheEntryPdu: cacheSlot: 781
[17:52:00:641] [47174:0000b861] [DEBUG][com.freerdp.channels.rdpgfx.client] - [rdpgfx_recv_evict_cache_entry_pdu]: RecvEvictCacheEntryPdu: cacheSlot: 782
[17:52:00:641] [47174:0000b861] [DEBUG][com.freerdp.channels.rdpgfx.client] - [rdpgfx_recv_evict_cache_entry_pdu]: RecvEvictCacheEntryPdu: cacheSlot: 783
[17:52:00:641] [47174:0000b861] [DEBUG][com.freerdp.channels.rdpgfx.client] - [rdpgfx_recv_evict_cache_entry_pdu]: RecvEvictCacheEntryPdu: cacheSlot: 784
[17:52:00:641] [47174:0000b861] [DEBUG][com.freerdp.channels.rdpgfx.client] - [rdpgfx_recv_evict_cache_entry_pdu]: RecvEvictCacheEntryPdu: cacheSlot: 785
[17:52:00:641] [47174:0000b861] [DEBUG][com.freerdp.channels.rdpgfx.client] - [rdpgfx_recv_evict_cache_entry_pdu]: RecvEvictCacheEntryPdu: cacheSlot: 786
[17:52:00:641] [47174:0000b861] [DEBUG][com.freerdp.channels.rdpgfx.client] - [rdpgfx_recv_evict_cache_entry_pdu]: RecvEvictCacheEntryPdu: cacheSlot: 787
[17:52:00:641] [47174:0000b861] [DEBUG][com.freerdp.channels.rdpgfx.client] - [rdpgfx_recv_evict_cache_entry_pdu]: RecvEvictCacheEntryPdu: cacheSlot: 788
[17:52:00:641] [47174:0000b861] [DEBUG][com.freerdp.channels.rdpgfx.client] - [rdpgfx_recv_evict_cache_entry_pdu]: RecvEvictCacheEntryPdu: cacheSlot: 789
[17:52:00:641] [47174:0000b861] [DEBUG][com.freerdp.channels.rdpgfx.client] - [rdpgfx_recv_evict_cache_entry_pdu]: RecvEvictCacheEntryPdu: cacheSlot: 790
[17:52:00:641] [47174:0000b861] [DEBUG][com.freerdp.channels.rdpgfx.client] - [rdpgfx_recv_evict_cache_entry_pdu]: RecvEvictCacheEntryPdu: cacheSlot: 791
[17:52:00:641] [47174:0000b861] [DEBUG][com.freerdp.channels.rdpgfx.client] - [rdpgfx_recv_evict_cache_entry_pdu]: RecvEvictCacheEntryPdu: cacheSlot: 792
[17:52:00:642] [47174:0000b861] [DEBUG][com.freerdp.channels.rdpgfx.client] - [rdpgfx_recv_evict_cache_entry_pdu]: RecvEvictCacheEntryPdu: cacheSlot: 793
[17:52:00:642] [47174:0000b861] [DEBUG][com.freerdp.channels.rdpgfx.client] - [rdpgfx_recv_evict_cache_entry_pdu]: RecvEvictCacheEntryPdu: cacheSlot: 794
[17:52:00:642] [47174:0000b861] [DEBUG][com.freerdp.channels.rdpgfx.client] - [rdpgfx_recv_evict_cache_entry_pdu]: RecvEvictCacheEntryPdu: cacheSlot: 795
[17:52:00:642] [47174:0000b861] [DEBUG][com.freerdp.channels.rdpgfx.client] - [rdpgfx_recv_evict_cache_entry_pdu]: RecvEvictCacheEntryPdu: cacheSlot: 796
[17:52:00:642] [47174:0000b861] [DEBUG][com.freerdp.channels.rdpgfx.client] - [rdpgfx_recv_evict_cache_entry_pdu]: RecvEvictCacheEntryPdu: cacheSlot: 797
[17:52:00:642] [47174:0000b861] [DEBUG][com.freerdp.channels.rdpgfx.client] - [rdpgfx_recv_evict_cache_entry_pdu]: RecvEvictCacheEntryPdu: cacheSlot: 798
[17:52:00:642] [47174:0000b861] [DEBUG][com.freerdp.channels.rdpgfx.client] - [rdpgfx_recv_evict_cache_entry_pdu]: RecvEvictCacheEntryPdu: cacheSlot: 799
[17:52:00:642] [47174:0000b861] [DEBUG][com.freerdp.channels.rdpgfx.client] - [rdpgfx_recv_evict_cache_entry_pdu]: RecvEvictCacheEntryPdu: cacheSlot: 800
[17:52:00:642] [47174:0000b861] [DEBUG][com.freerdp.channels.rdpgfx.client] - [rdpgfx_recv_evict_cache_entry_pdu]: RecvEvictCacheEntryPdu: cacheSlot: 801
[17:52:00:642] [47174:0000b861] [DEBUG][com.freerdp.channels.rdpgfx.client] - [rdpgfx_recv_evict_cache_entry_pdu]: RecvEvictCacheEntryPdu: cacheSlot: 802
[17:52:00:642] [47174:0000b861] [DEBUG][com.freerdp.channels.rdpgfx.client] - [rdpgfx_recv_evict_cache_entry_pdu]: RecvEvictCacheEntryPdu: cacheSlot: 803
[17:52:00:642] [47174:0000b861] [DEBUG][com.freerdp.channels.rdpgfx.client] - [rdpgfx_recv_evict_cache_entry_pdu]: RecvEvictCacheEntryPdu: cacheSlot: 804
[17:52:00:642] [47174:0000b861] [DEBUG][com.freerdp.channels.rdpgfx.client] - [rdpgfx_recv_evict_cache_entry_pdu]: RecvEvictCacheEntryPdu: cacheSlot: 805
[17:52:00:642] [47174:0000b861] [DEBUG][com.freerdp.channels.rdpgfx.client] - [rdpgfx_recv_evict_cache_entry_pdu]: RecvEvictCacheEntryPdu: cacheSlot: 806
[17:52:00:642] [47174:0000b861] [DEBUG][com.freerdp.channels.rdpgfx.client] - [rdpgfx_recv_evict_cache_entry_pdu]: RecvEvictCacheEntryPdu: cacheSlot: 807
[17:52:00:642] [47174:0000b861] [DEBUG][com.freerdp.channels.rdpgfx.client] - [rdpgfx_recv_evict_cache_entry_pdu]: RecvEvictCacheEntryPdu: cacheSlot: 808
[17:52:00:642] [47174:0000b861] [DEBUG][com.freerdp.channels.rdpgfx.client] - [rdpgfx_recv_evict_cache_entry_pdu]: RecvEvictCacheEntryPdu: cacheSlot: 809
[17:52:00:642] [47174:0000b861] [DEBUG][com.freerdp.channels.rdpgfx.client] - [rdpgfx_recv_evict_cache_entry_pdu]: RecvEvictCacheEntryPdu: cacheSlot: 810
[17:52:00:642] [47174:0000b861] [DEBUG][com.freerdp.channels.rdpgfx.client] - [rdpgfx_recv_evict_cache_entry_pdu]: RecvEvictCacheEntryPdu: cacheSlot: 811
[17:52:00:642] [47174:0000b861] [DEBUG][com.freerdp.channels.rdpgfx.client] - [rdpgfx_recv_evict_cache_entry_pdu]: RecvEvictCacheEntryPdu: cacheSlot: 812
[17:52:00:642] [47174:0000b861] [DEBUG][com.freerdp.channels.rdpgfx.client] - [rdpgfx_recv_evict_cache_entry_pdu]: RecvEvictCacheEntryPdu: cacheSlot: 813
[17:52:00:642] [47174:0000b861] [DEBUG][com.freerdp.channels.rdpgfx.client] - [rdpgfx_recv_evict_cache_entry_pdu]: RecvEvictCacheEntryPdu: cacheSlot: 592
[17:52:00:642] [47174:0000b861] [DEBUG][com.freerdp.channels.rdpgfx.client] - [rdpgfx_recv_evict_cache_entry_pdu]: RecvEvictCacheEntryPdu: cacheSlot: 593
[17:52:00:642] [47174:0000b861] [DEBUG][com.freerdp.channels.rdpgfx.client] - [rdpgfx_recv_evict_cache_entry_pdu]: RecvEvictCacheEntryPdu: cacheSlot: 594
[17:52:00:643] [47174:0000b861] [DEBUG][com.freerdp.channels.rdpgfx.client] - [rdpgfx_recv_evict_cache_entry_pdu]: RecvEvictCacheEntryPdu: cacheSlot: 264
[17:52:00:643] [47174:0000b861] [DEBUG][com.freerdp.channels.rdpgfx.client] - [rdpgfx_recv_evict_cache_entry_pdu]: RecvEvictCacheEntryPdu: cacheSlot: 265
[17:52:00:643] [47174:0000b861] [DEBUG][com.freerdp.channels.rdpgfx.client] - [rdpgfx_recv_evict_cache_entry_pdu]: RecvEvictCacheEntryPdu: cacheSlot: 266
[17:52:00:643] [47174:0000b861] [DEBUG][com.freerdp.channels.rdpgfx.client] - [rdpgfx_recv_evict_cache_entry_pdu]: RecvEvictCacheEntryPdu: cacheSlot: 269
[17:52:00:643] [47174:0000b861] [DEBUG][com.freerdp.channels.rdpgfx.client] - [rdpgfx_recv_evict_cache_entry_pdu]: RecvEvictCacheEntryPdu: cacheSlot: 270
[17:52:00:643] [47174:0000b861] [DEBUG][com.freerdp.channels.rdpgfx.client] - [rdpgfx_recv_evict_cache_entry_pdu]: RecvEvictCacheEntryPdu: cacheSlot: 271
[17:52:00:643] [47174:0000b861] [DEBUG][com.freerdp.channels.rdpgfx.client] - [rdpgfx_recv_evict_cache_entry_pdu]: RecvEvictCacheEntryPdu: cacheSlot: 272
[17:52:00:643] [47174:0000b861] [DEBUG][com.freerdp.channels.rdpgfx.client] - [rdpgfx_recv_evict_cache_entry_pdu]: RecvEvictCacheEntryPdu: cacheSlot: 273
[17:52:00:643] [47174:0000b861] [DEBUG][com.freerdp.channels.rdpgfx.client] - [rdpgfx_recv_evict_cache_entry_pdu]: RecvEvictCacheEntryPdu: cacheSlot: 274
[17:52:00:643] [47174:0000b861] [DEBUG][com.freerdp.channels.rdpgfx.client] - [rdpgfx_recv_evict_cache_entry_pdu]: RecvEvictCacheEntryPdu: cacheSlot: 275
[17:52:00:643] [47174:0000b861] [DEBUG][com.freerdp.channels.rdpgfx.client] - [rdpgfx_recv_evict_cache_entry_pdu]: RecvEvictCacheEntryPdu: cacheSlot: 285
[17:52:00:643] [47174:0000b861] [DEBUG][com.freerdp.channels.rdpgfx.client] - [rdpgfx_recv_evict_cache_entry_pdu]: RecvEvictCacheEntryPdu: cacheSlot: 286
[17:52:00:643] [47174:0000b861] [DEBUG][com.freerdp.channels.rdpgfx.client] - [rdpgfx_recv_evict_cache_entry_pdu]: RecvEvictCacheEntryPdu: cacheSlot: 287
[17:52:00:643] [47174:0000b861] [DEBUG][com.freerdp.channels.rdpgfx.client] - [rdpgfx_recv_evict_cache_entry_pdu]: RecvEvictCacheEntryPdu: cacheSlot: 288
[17:52:00:643] [47174:0000b861] [DEBUG][com.freerdp.channels.rdpgfx.client] - [rdpgfx_recv_evict_cache_entry_pdu]: RecvEvictCacheEntryPdu: cacheSlot: 290
[17:52:00:643] [47174:0000b861] [DEBUG][com.freerdp.channels.rdpgfx.client] - [rdpgfx_recv_evict_cache_entry_pdu]: RecvEvictCacheEntryPdu: cacheSlot: 291
[17:52:00:643] [47174:0000b861] [DEBUG][com.freerdp.channels.rdpgfx.client] - [rdpgfx_recv_evict_cache_entry_pdu]: RecvEvictCacheEntryPdu: cacheSlot: 292
[17:52:00:643] [47174:0000b861] [DEBUG][com.freerdp.channels.rdpgfx.client] - [rdpgfx_recv_evict_cache_entry_pdu]: RecvEvictCacheEntryPdu: cacheSlot: 293
[17:52:00:643] [47174:0000b861] [DEBUG][com.freerdp.channels.rdpgfx.client] - [rdpgfx_recv_evict_cache_entry_pdu]: RecvEvictCacheEntryPdu: cacheSlot: 294
[17:52:00:643] [47174:0000b861] [DEBUG][com.freerdp.channels.rdpgfx.client] - [rdpgfx_recv_evict_cache_entry_pdu]: RecvEvictCacheEntryPdu: cacheSlot: 295
[17:52:00:643] [47174:0000b861] [DEBUG][com.freerdp.channels.rdpgfx.client] - [rdpgfx_recv_evict_cache_entry_pdu]: RecvEvictCacheEntryPdu: cacheSlot: 296
[17:52:00:643] [47174:0000b861] [DEBUG][com.freerdp.channels.rdpgfx.client] - [rdpgfx_recv_evict_cache_entry_pdu]: RecvEvictCacheEntryPdu: cacheSlot: 297
[17:52:00:644] [47174:0000b861] [DEBUG][com.freerdp.channels.rdpgfx.client] - [rdpgfx_recv_evict_cache_entry_pdu]: RecvEvictCacheEntryPdu: cacheSlot: 298
[17:52:00:644] [47174:0000b861] [DEBUG][com.freerdp.channels.rdpgfx.client] - [rdpgfx_recv_evict_cache_entry_pdu]: RecvEvictCacheEntryPdu: cacheSlot: 299
[17:52:00:644] [47174:0000b861] [DEBUG][com.freerdp.channels.rdpgfx.client] - [rdpgfx_recv_evict_cache_entry_pdu]: RecvEvictCacheEntryPdu: cacheSlot: 300
[17:52:00:644] [47174:0000b861] [DEBUG][com.freerdp.channels.rdpgfx.client] - [rdpgfx_recv_evict_cache_entry_pdu]: RecvEvictCacheEntryPdu: cacheSlot: 301
[17:52:00:644] [47174:0000b861] [DEBUG][com.freerdp.channels.rdpgfx.client] - [rdpgfx_recv_evict_cache_entry_pdu]: RecvEvictCacheEntryPdu: cacheSlot: 302
[17:52:00:644] [47174:0000b861] [DEBUG][com.freerdp.channels.rdpgfx.client] - [rdpgfx_recv_evict_cache_entry_pdu]: RecvEvictCacheEntryPdu: cacheSlot: 303
[17:52:00:644] [47174:0000b861] [DEBUG][com.freerdp.channels.rdpgfx.client] - [rdpgfx_recv_evict_cache_entry_pdu]: RecvEvictCacheEntryPdu: cacheSlot: 304
[17:52:00:644] [47174:0000b861] [DEBUG][com.freerdp.channels.rdpgfx.client] - [rdpgfx_recv_evict_cache_entry_pdu]: RecvEvictCacheEntryPdu: cacheSlot: 305
[17:52:00:644] [47174:0000b861] [DEBUG][com.freerdp.channels.rdpgfx.client] - [rdpgfx_recv_evict_cache_entry_pdu]: RecvEvictCacheEntryPdu: cacheSlot: 306
[17:52:00:644] [47174:0000b861] [DEBUG][com.freerdp.channels.rdpgfx.client] - [rdpgfx_recv_evict_cache_entry_pdu]: RecvEvictCacheEntryPdu: cacheSlot: 307
[17:52:00:644] [47174:0000b861] [DEBUG][com.freerdp.channels.rdpgfx.client] - [rdpgfx_recv_evict_cache_entry_pdu]: RecvEvictCacheEntryPdu: cacheSlot: 308
[17:52:00:644] [47174:0000b861] [DEBUG][com.freerdp.channels.rdpgfx.client] - [rdpgfx_recv_evict_cache_entry_pdu]: RecvEvictCacheEntryPdu: cacheSlot: 309
[17:52:00:644] [47174:0000b861] [DEBUG][com.freerdp.channels.rdpgfx.client] - [rdpgfx_recv_evict_cache_entry_pdu]: RecvEvictCacheEntryPdu: cacheSlot: 310
[17:52:00:644] [47174:0000b861] [DEBUG][com.freerdp.channels.rdpgfx.client] - [rdpgfx_recv_evict_cache_entry_pdu]: RecvEvictCacheEntryPdu: cacheSlot: 311
[17:52:00:644] [47174:0000b861] [DEBUG][com.freerdp.channels.rdpgfx.client] - [rdpgfx_recv_evict_cache_entry_pdu]: RecvEvictCacheEntryPdu: cacheSlot: 312
[17:52:00:644] [47174:0000b861] [DEBUG][com.freerdp.channels.rdpgfx.client] - [rdpgfx_recv_evict_cache_entry_pdu]: RecvEvictCacheEntryPdu: cacheSlot: 316
[17:52:00:644] [47174:0000b861] [DEBUG][com.freerdp.channels.rdpgfx.client] - [rdpgfx_recv_evict_cache_entry_pdu]: RecvEvictCacheEntryPdu: cacheSlot: 319
[17:52:00:644] [47174:0000b861] [DEBUG][com.freerdp.channels.rdpgfx.client] - [rdpgfx_recv_evict_cache_entry_pdu]: RecvEvictCacheEntryPdu: cacheSlot: 322
[17:52:00:644] [47174:0000b861] [DEBUG][com.freerdp.channels.rdpgfx.client] - [rdpgfx_recv_evict_cache_entry_pdu]: RecvEvictCacheEntryPdu: cacheSlot: 323
[17:52:00:644] [47174:0000b861] [DEBUG][com.freerdp.channels.rdpgfx.client] - [rdpgfx_recv_evict_cache_entry_pdu]: RecvEvictCacheEntryPdu: cacheSlot: 324
[17:52:00:644] [47174:0000b861] [DEBUG][com.freerdp.channels.rdpgfx.client] - [rdpgfx_recv_evict_cache_entry_pdu]: RecvEvictCacheEntryPdu: cacheSlot: 325
[17:52:00:644] [47174:0000b861] [DEBUG][com.freerdp.channels.rdpgfx.client] - [rdpgfx_recv_evict_cache_entry_pdu]: RecvEvictCacheEntryPdu: cacheSlot: 326
[17:52:00:644] [47174:0000b861] [DEBUG][com.freerdp.channels.rdpgfx.client] - [rdpgfx_recv_evict_cache_entry_pdu]: RecvEvictCacheEntryPdu: cacheSlot: 327
[17:52:00:644] [47174:0000b861] [DEBUG][com.freerdp.channels.rdpgfx.client] - [rdpgfx_recv_evict_cache_entry_pdu]: RecvEvictCacheEntryPdu: cacheSlot: 328
[17:52:00:644] [47174:0000b861] [DEBUG][com.freerdp.channels.rdpgfx.client] - [rdpgfx_recv_evict_cache_entry_pdu]: RecvEvictCacheEntryPdu: cacheSlot: 342
[17:52:00:645] [47174:0000b861] [DEBUG][com.freerdp.channels.rdpgfx.client] - [rdpgfx_recv_evict_cache_entry_pdu]: RecvEvictCacheEntryPdu: cacheSlot: 343
[17:52:00:645] [47174:0000b861] [DEBUG][com.freerdp.channels.rdpgfx.client] - [rdpgfx_recv_evict_cache_entry_pdu]: RecvEvictCacheEntryPdu: cacheSlot: 344
[17:52:00:645] [47174:0000b861] [DEBUG][com.freerdp.channels.rdpgfx.client] - [rdpgfx_recv_evict_cache_entry_pdu]: RecvEvictCacheEntryPdu: cacheSlot: 345
[17:52:00:645] [47174:0000b861] [DEBUG][com.freerdp.channels.rdpgfx.client] - [rdpgfx_recv_evict_cache_entry_pdu]: RecvEvictCacheEntryPdu: cacheSlot: 347
[17:52:00:645] [47174:0000b861] [DEBUG][com.freerdp.channels.rdpgfx.client] - [rdpgfx_recv_evict_cache_entry_pdu]: RecvEvictCacheEntryPdu: cacheSlot: 350
[17:52:00:645] [47174:0000b861] [DEBUG][com.freerdp.channels.rdpgfx.client] - [rdpgfx_recv_evict_cache_entry_pdu]: RecvEvictCacheEntryPdu: cacheSlot: 351
[17:52:00:645] [47174:0000b861] [DEBUG][com.freerdp.channels.rdpgfx.client] - [rdpgfx_recv_evict_cache_entry_pdu]: RecvEvictCacheEntryPdu: cacheSlot: 352
[17:52:00:645] [47174:0000b861] [DEBUG][com.freerdp.channels.rdpgfx.client] - [rdpgfx_recv_evict_cache_entry_pdu]: RecvEvictCacheEntryPdu: cacheSlot: 358
[17:52:00:645] [47174:0000b861] [DEBUG][com.freerdp.channels.rdpgfx.client] - [rdpgfx_recv_evict_cache_entry_pdu]: RecvEvictCacheEntryPdu: cacheSlot: 359
[17:52:00:645] [47174:0000b861] [DEBUG][com.freerdp.channels.rdpgfx.client] - [rdpgfx_recv_evict_cache_entry_pdu]: RecvEvictCacheEntryPdu: cacheSlot: 360
[17:52:00:645] [47174:0000b861] [DEBUG][com.freerdp.channels.rdpgfx.client] - [rdpgfx_recv_evict_cache_entry_pdu]: RecvEvictCacheEntryPdu: cacheSlot: 361
[17:52:00:645] [47174:0000b861] [DEBUG][com.freerdp.channels.rdpgfx.client] - [rdpgfx_recv_evict_cache_entry_pdu]: RecvEvictCacheEntryPdu: cacheSlot: 362
[17:52:00:645] [47174:0000b861] [DEBUG][com.freerdp.channels.rdpgfx.client] - [rdpgfx_recv_evict_cache_entry_pdu]: RecvEvictCacheEntryPdu: cacheSlot: 363
[17:52:00:645] [47174:0000b861] [DEBUG][com.freerdp.channels.rdpgfx.client] - [rdpgfx_recv_evict_cache_entry_pdu]: RecvEvictCacheEntryPdu: cacheSlot: 364
[17:52:00:645] [47174:0000b861] [DEBUG][com.freerdp.channels.rdpgfx.client] - [rdpgfx_recv_evict_cache_entry_pdu]: RecvEvictCacheEntryPdu: cacheSlot: 365
[17:52:00:645] [47174:0000b861] [DEBUG][com.freerdp.channels.rdpgfx.client] - [rdpgfx_recv_evict_cache_entry_pdu]: RecvEvictCacheEntryPdu: cacheSlot: 366
[17:52:00:645] [47174:0000b861] [DEBUG][com.freerdp.channels.rdpgfx.client] - [rdpgfx_recv_evict_cache_entry_pdu]: RecvEvictCacheEntryPdu: cacheSlot: 367
[17:52:00:645] [47174:0000b861] [DEBUG][com.freerdp.channels.rdpgfx.client] - [rdpgfx_recv_evict_cache_entry_pdu]: RecvEvictCacheEntryPdu: cacheSlot: 368
[17:52:00:645] [47174:0000b861] [DEBUG][com.freerdp.channels.rdpgfx.client] - [rdpgfx_recv_evict_cache_entry_pdu]: RecvEvictCacheEntryPdu: cacheSlot: 376
[17:52:00:645] [47174:0000b861] [DEBUG][com.freerdp.channels.rdpgfx.client] - [rdpgfx_recv_evict_cache_entry_pdu]: RecvEvictCacheEntryPdu: cacheSlot: 377
[17:52:00:645] [47174:0000b861] [DEBUG][com.freerdp.channels.rdpgfx.client] - [rdpgfx_recv_evict_cache_entry_pdu]: RecvEvictCacheEntryPdu: cacheSlot: 378
[17:52:00:645] [47174:0000b861] [DEBUG][com.freerdp.channels.rdpgfx.client] - [rdpgfx_recv_evict_cache_entry_pdu]: RecvEvictCacheEntryPdu: cacheSlot: 379
[17:52:00:645] [47174:0000b861] [DEBUG][com.freerdp.channels.rdpgfx.client] - [rdpgfx_recv_evict_cache_entry_pdu]: RecvEvictCacheEntryPdu: cacheSlot: 380
[17:52:00:645] [47174:0000b861] [DEBUG][com.freerdp.channels.rdpgfx.client] - [rdpgfx_recv_evict_cache_entry_pdu]: RecvEvictCacheEntryPdu: cacheSlot: 381
[17:52:00:645] [47174:0000b861] [DEBUG][com.freerdp.channels.rdpgfx.client] - [rdpgfx_recv_evict_cache_entry_pdu]: RecvEvictCacheEntryPdu: cacheSlot: 382
[17:52:00:645] [47174:0000b861] [DEBUG][com.freerdp.channels.rdpgfx.client] - [rdpgfx_recv_evict_cache_entry_pdu]: RecvEvictCacheEntryPdu: cacheSlot: 383
[17:52:00:645] [47174:0000b861] [DEBUG][com.freerdp.channels.rdpgfx.client] - [rdpgfx_recv_evict_cache_entry_pdu]: RecvEvictCacheEntryPdu: cacheSlot: 384
[17:52:00:645] [47174:0000b861] [DEBUG][com.freerdp.channels.rdpgfx.client] - [rdpgfx_recv_evict_cache_entry_pdu]: RecvEvictCacheEntryPdu: cacheSlot: 385
[17:52:00:645] [47174:0000b861] [DEBUG][com.freerdp.channels.rdpgfx.client] - [rdpgfx_recv_evict_cache_entry_pdu]: RecvEvictCacheEntryPdu: cacheSlot: 386
[17:52:00:646] [47174:0000b861] [DEBUG][com.freerdp.channels.rdpgfx.client] - [rdpgfx_recv_evict_cache_entry_pdu]: RecvEvictCacheEntryPdu: cacheSlot: 394
[17:52:00:646] [47174:0000b861] [DEBUG][com.freerdp.channels.rdpgfx.client] - [rdpgfx_recv_evict_cache_entry_pdu]: RecvEvictCacheEntryPdu: cacheSlot: 395
[17:52:00:646] [47174:0000b861] [DEBUG][com.freerdp.channels.rdpgfx.client] - [rdpgfx_recv_evict_cache_entry_pdu]: RecvEvictCacheEntryPdu: cacheSlot: 397
[17:52:00:646] [47174:0000b861] [DEBUG][com.freerdp.channels.rdpgfx.client] - [rdpgfx_recv_evict_cache_entry_pdu]: RecvEvictCacheEntryPdu: cacheSlot: 398
[17:52:00:646] [47174:0000b861] [DEBUG][com.freerdp.channels.rdpgfx.client] - [rdpgfx_recv_evict_cache_entry_pdu]: RecvEvictCacheEntryPdu: cacheSlot: 399
[17:52:00:646] [47174:0000b861] [DEBUG][com.freerdp.channels.rdpgfx.client] - [rdpgfx_recv_evict_cache_entry_pdu]: RecvEvictCacheEntryPdu: cacheSlot: 400
[17:52:00:646] [47174:0000b861] [DEBUG][com.freerdp.channels.rdpgfx.client] - [rdpgfx_recv_evict_cache_entry_pdu]: RecvEvictCacheEntryPdu: cacheSlot: 401
[17:52:00:646] [47174:0000b861] [DEBUG][com.freerdp.channels.rdpgfx.client] - [rdpgfx_recv_evict_cache_entry_pdu]: RecvEvictCacheEntryPdu: cacheSlot: 597
[17:52:00:646] [47174:0000b861] [DEBUG][com.freerdp.channels.rdpgfx.client] - [rdpgfx_recv_evict_cache_entry_pdu]: RecvEvictCacheEntryPdu: cacheSlot: 598
[17:52:00:646] [47174:0000b861] [DEBUG][com.freerdp.channels.rdpgfx.client] - [rdpgfx_recv_evict_cache_entry_pdu]: RecvEvictCacheEntryPdu: cacheSlot: 599
[17:52:00:646] [47174:0000b861] [DEBUG][com.freerdp.channels.rdpgfx.client] - [rdpgfx_recv_evict_cache_entry_pdu]: RecvEvictCacheEntryPdu: cacheSlot: 600
[17:52:00:646] [47174:0000b861] [DEBUG][com.freerdp.channels.rdpgfx.client] - [rdpgfx_recv_evict_cache_entry_pdu]: RecvEvictCacheEntryPdu: cacheSlot: 601
[17:52:00:646] [47174:0000b861] [DEBUG][com.freerdp.channels.rdpgfx.client] - [rdpgfx_recv_evict_cache_entry_pdu]: RecvEvictCacheEntryPdu: cacheSlot: 602
[17:52:00:646] [47174:0000b861] [DEBUG][com.freerdp.channels.rdpgfx.client] - [rdpgfx_recv_evict_cache_entry_pdu]: RecvEvictCacheEntryPdu: cacheSlot: 603
[17:52:00:646] [47174:0000b861] [DEBUG][com.freerdp.channels.rdpgfx.client] - [rdpgfx_recv_evict_cache_entry_pdu]: RecvEvictCacheEntryPdu: cacheSlot: 604
[17:52:00:646] [47174:0000b861] [DEBUG][com.freerdp.channels.rdpgfx.client] - [rdpgfx_recv_evict_cache_entry_pdu]: RecvEvictCacheEntryPdu: cacheSlot: 605
[17:52:00:647] [47174:0000b861] [DEBUG][com.freerdp.channels.rdpgfx.client] - [rdpgfx_recv_evict_cache_entry_pdu]: RecvEvictCacheEntryPdu: cacheSlot: 606
[17:52:00:647] [47174:0000b861] [DEBUG][com.freerdp.channels.rdpgfx.client] - [rdpgfx_recv_evict_cache_entry_pdu]: RecvEvictCacheEntryPdu: cacheSlot: 820
[17:52:00:647] [47174:0000b861] [DEBUG][com.freerdp.channels.rdpgfx.client] - [rdpgfx_recv_evict_cache_entry_pdu]: RecvEvictCacheEntryPdu: cacheSlot: 829
[17:52:00:647] [47174:0000b861] [DEBUG][com.freerdp.channels.rdpgfx.client] - [rdpgfx_recv_evict_cache_entry_pdu]: RecvEvictCacheEntryPdu: cacheSlot: 830
[17:52:00:647] [47174:0000b861] [DEBUG][com.freerdp.channels.rdpgfx.client] - [rdpgfx_recv_evict_cache_entry_pdu]: RecvEvictCacheEntryPdu: cacheSlot: 831
[17:52:00:647] [47174:0000b861] [DEBUG][com.freerdp.channels.rdpgfx.client] - [rdpgfx_recv_evict_cache_entry_pdu]: RecvEvictCacheEntryPdu: cacheSlot: 607
[17:52:00:647] [47174:0000b861] [DEBUG][com.freerdp.channels.rdpgfx.client] - [rdpgfx_recv_evict_cache_entry_pdu]: RecvEvictCacheEntryPdu: cacheSlot: 608
[17:52:00:647] [47174:0000b861] [DEBUG][com.freerdp.channels.rdpgfx.client] - [rdpgfx_recv_evict_cache_entry_pdu]: RecvEvictCacheEntryPdu: cacheSlot: 609
[17:52:00:647] [47174:0000b861] [DEBUG][com.freerdp.channels.rdpgfx.client] - [rdpgfx_recv_evict_cache_entry_pdu]: RecvEvictCacheEntryPdu: cacheSlot: 610
[17:52:00:647] [47174:0000b861] [DEBUG][com.freerdp.channels.rdpgfx.client] - [rdpgfx_recv_evict_cache_entry_pdu]: RecvEvictCacheEntryPdu: cacheSlot: 611
[17:52:00:647] [47174:0000b861] [DEBUG][com.freerdp.channels.rdpgfx.client] - [rdpgfx_recv_evict_cache_entry_pdu]: RecvEvictCacheEntryPdu: cacheSlot: 612
[17:52:00:647] [47174:0000b861] [DEBUG][com.freerdp.channels.rdpgfx.client] - [rdpgfx_recv_evict_cache_entry_pdu]: RecvEvictCacheEntryPdu: cacheSlot: 613
[17:52:00:648] [47174:0000b861] [DEBUG][com.freerdp.channels.rdpgfx.client] - [rdpgfx_recv_evict_cache_entry_pdu]: RecvEvictCacheEntryPdu: cacheSlot: 614
[17:52:00:648] [47174:0000b861] [DEBUG][com.freerdp.channels.rdpgfx.client] - [rdpgfx_recv_evict_cache_entry_pdu]: RecvEvictCacheEntryPdu: cacheSlot: 615
[17:52:00:648] [47174:0000b861] [DEBUG][com.freerdp.channels.rdpgfx.client] - [rdpgfx_recv_evict_cache_entry_pdu]: RecvEvictCacheEntryPdu: cacheSlot: 616
[17:52:00:648] [47174:0000b861] [DEBUG][com.freerdp.channels.rdpgfx.client] - [rdpgfx_recv_evict_cache_entry_pdu]: RecvEvictCacheEntryPdu: cacheSlot: 617
[17:52:00:648] [47174:0000b861] [DEBUG][com.freerdp.channels.rdpgfx.client] - [rdpgfx_recv_evict_cache_entry_pdu]: RecvEvictCacheEntryPdu: cacheSlot: 618
[17:52:00:648] [47174:0000b861] [DEBUG][com.freerdp.channels.rdpgfx.client] - [rdpgfx_recv_evict_cache_entry_pdu]: RecvEvictCacheEntryPdu: cacheSlot: 619
[17:52:00:648] [47174:0000b861] [DEBUG][com.freerdp.channels.rdpgfx.client] - [rdpgfx_recv_evict_cache_entry_pdu]: RecvEvictCacheEntryPdu: cacheSlot: 620
[17:52:00:648] [47174:0000b861] [DEBUG][com.freerdp.channels.rdpgfx.client] - [rdpgfx_recv_evict_cache_entry_pdu]: RecvEvictCacheEntryPdu: cacheSlot: 621
[17:52:00:648] [47174:0000b861] [DEBUG][com.freerdp.channels.rdpgfx.client] - [rdpgfx_recv_evict_cache_entry_pdu]: RecvEvictCacheEntryPdu: cacheSlot: 622
[17:52:00:648] [47174:0000b861] [DEBUG][com.freerdp.channels.rdpgfx.client] - [rdpgfx_recv_evict_cache_entry_pdu]: RecvEvictCacheEntryPdu: cacheSlot: 623
[17:52:00:648] [47174:0000b861] [DEBUG][com.freerdp.channels.rdpgfx.client] - [rdpgfx_recv_evict_cache_entry_pdu]: RecvEvictCacheEntryPdu: cacheSlot: 624
[17:52:00:648] [47174:0000b861] [DEBUG][com.freerdp.channels.rdpgfx.client] - [rdpgfx_recv_evict_cache_entry_pdu]: RecvEvictCacheEntryPdu: cacheSlot: 625
[17:52:00:648] [47174:0000b861] [DEBUG][com.freerdp.channels.rdpgfx.client] - [rdpgfx_recv_evict_cache_entry_pdu]: RecvEvictCacheEntryPdu: cacheSlot: 626
[17:52:00:648] [47174:0000b861] [DEBUG][com.freerdp.channels.rdpgfx.client] - [rdpgfx_recv_evict_cache_entry_pdu]: RecvEvictCacheEntryPdu: cacheSlot: 832
[17:52:00:648] [47174:0000b861] [DEBUG][com.freerdp.channels.rdpgfx.client] - [rdpgfx_recv_evict_cache_entry_pdu]: RecvEvictCacheEntryPdu: cacheSlot: 833
[17:52:00:648] [47174:0000b861] [DEBUG][com.freerdp.channels.rdpgfx.client] - [rdpgfx_recv_evict_cache_entry_pdu]: RecvEvictCacheEntryPdu: cacheSlot: 834
[17:52:00:648] [47174:0000b861] [DEBUG][com.freerdp.channels.rdpgfx.client] - [rdpgfx_recv_evict_cache_entry_pdu]: RecvEvictCacheEntryPdu: cacheSlot: 835
[17:52:00:648] [47174:0000b861] [DEBUG][com.freerdp.channels.rdpgfx.client] - [rdpgfx_recv_evict_cache_entry_pdu]: RecvEvictCacheEntryPdu: cacheSlot: 628
[17:52:00:648] [47174:0000b861] [DEBUG][com.freerdp.channels.rdpgfx.client] - [rdpgfx_recv_evict_cache_entry_pdu]: RecvEvictCacheEntryPdu: cacheSlot: 629
[17:52:00:648] [47174:0000b861] [DEBUG][com.freerdp.channels.rdpgfx.client] - [rdpgfx_recv_evict_cache_entry_pdu]: RecvEvictCacheEntryPdu: cacheSlot: 630
[17:52:00:648] [47174:0000b861] [DEBUG][com.freerdp.channels.rdpgfx.client] - [rdpgfx_recv_evict_cache_entry_pdu]: RecvEvictCacheEntryPdu: cacheSlot: 631
[17:52:00:648] [47174:0000b861] [DEBUG][com.freerdp.channels.rdpgfx.client] - [rdpgfx_recv_evict_cache_entry_pdu]: RecvEvictCacheEntryPdu: cacheSlot: 633
[17:52:00:649] [47174:0000b861] [DEBUG][com.freerdp.channels.rdpgfx.client] - [rdpgfx_recv_evict_cache_entry_pdu]: RecvEvictCacheEntryPdu: cacheSlot: 836
[17:52:00:649] [47174:0000b861] [DEBUG][com.freerdp.channels.rdpgfx.client] - [rdpgfx_recv_evict_cache_entry_pdu]: RecvEvictCacheEntryPdu: cacheSlot: 841
[17:52:00:649] [47174:0000b861] [DEBUG][com.freerdp.channels.rdpgfx.client] - [rdpgfx_recv_evict_cache_entry_pdu]: RecvEvictCacheEntryPdu: cacheSlot: 842
[17:52:00:649] [47174:0000b861] [DEBUG][com.freerdp.channels.rdpgfx.client] - [rdpgfx_recv_evict_cache_entry_pdu]: RecvEvictCacheEntryPdu: cacheSlot: 843
[17:52:00:649] [47174:0000b861] [DEBUG][com.freerdp.channels.rdpgfx.client] - [rdpgfx_recv_evict_cache_entry_pdu]: RecvEvictCacheEntryPdu: cacheSlot: 844
[17:52:00:649] [47174:0000b861] [DEBUG][com.freerdp.channels.rdpgfx.client] - [rdpgfx_recv_evict_cache_entry_pdu]: RecvEvictCacheEntryPdu: cacheSlot: 845
[17:52:00:649] [47174:0000b861] [DEBUG][com.freerdp.channels.rdpgfx.client] - [rdpgfx_recv_evict_cache_entry_pdu]: RecvEvictCacheEntryPdu: cacheSlot: 634
[17:52:00:649] [47174:0000b861] [DEBUG][com.freerdp.channels.rdpgfx.client] - [rdpgfx_recv_evict_cache_entry_pdu]: RecvEvictCacheEntryPdu: cacheSlot: 417
[17:52:00:649] [47174:0000b861] [DEBUG][com.freerdp.channels.rdpgfx.client] - [rdpgfx_recv_evict_cache_entry_pdu]: RecvEvictCacheEntryPdu: cacheSlot: 418
[17:52:00:649] [47174:0000b861] [DEBUG][com.freerdp.channels.rdpgfx.client] - [rdpgfx_recv_evict_cache_entry_pdu]: RecvEvictCacheEntryPdu: cacheSlot: 846
[17:52:00:649] [47174:0000b861] [DEBUG][com.freerdp.channels.rdpgfx.client] - [rdpgfx_recv_evict_cache_entry_pdu]: RecvEvictCacheEntryPdu: cacheSlot: 847
[17:52:00:649] [47174:0000b861] [DEBUG][com.freerdp.channels.rdpgfx.client] - [rdpgfx_recv_evict_cache_entry_pdu]: RecvEvictCacheEntryPdu: cacheSlot: 848
[17:52:00:649] [47174:0000b861] [DEBUG][com.freerdp.channels.rdpgfx.client] - [rdpgfx_recv_evict_cache_entry_pdu]: RecvEvictCacheEntryPdu: cacheSlot: 849
[17:52:00:649] [47174:0000b861] [DEBUG][com.freerdp.channels.rdpgfx.client] - [rdpgfx_recv_evict_cache_entry_pdu]: RecvEvictCacheEntryPdu: cacheSlot: 419
[17:52:00:649] [47174:0000b861] [DEBUG][com.freerdp.channels.rdpgfx.client] - [rdpgfx_recv_evict_cache_entry_pdu]: RecvEvictCacheEntryPdu: cacheSlot: 850
[17:52:00:649] [47174:0000b861] [DEBUG][com.freerdp.channels.rdpgfx.client] - [rdpgfx_recv_evict_cache_entry_pdu]: RecvEvictCacheEntryPdu: cacheSlot: 420
[17:52:00:649] [47174:0000b861] [DEBUG][com.freerdp.channels.rdpgfx.client] - [rdpgfx_recv_evict_cache_entry_pdu]: RecvEvictCacheEntryPdu: cacheSlot: 421
[17:52:00:649] [47174:0000b861] [DEBUG][com.freerdp.channels.rdpgfx.client] - [rdpgfx_recv_evict_cache_entry_pdu]: RecvEvictCacheEntryPdu: cacheSlot: 422
[17:52:00:649] [47174:0000b861] [DEBUG][com.freerdp.channels.rdpgfx.client] - [rdpgfx_recv_evict_cache_entry_pdu]: RecvEvictCacheEntryPdu: cacheSlot: 423
[17:52:00:649] [47174:0000b861] [DEBUG][com.freerdp.channels.rdpgfx.client] - [rdpgfx_recv_evict_cache_entry_pdu]: RecvEvictCacheEntryPdu: cacheSlot: 430
[17:52:00:649] [47174:0000b861] [DEBUG][com.freerdp.channels.rdpgfx.client] - [rdpgfx_recv_evict_cache_entry_pdu]: RecvEvictCacheEntryPdu: cacheSlot: 431
[17:52:00:649] [47174:0000b861] [DEBUG][com.freerdp.channels.rdpgfx.client] - [rdpgfx_recv_evict_cache_entry_pdu]: RecvEvictCacheEntryPdu: cacheSlot: 433
[17:52:00:649] [47174:0000b861] [DEBUG][com.freerdp.channels.rdpgfx.client] - [rdpgfx_recv_evict_cache_entry_pdu]: RecvEvictCacheEntryPdu: cacheSlot: 434
[17:52:00:650] [47174:0000b861] [DEBUG][com.freerdp.channels.rdpgfx.client] - [rdpgfx_recv_evict_cache_entry_pdu]: RecvEvictCacheEntryPdu: cacheSlot: 435
[17:52:01:069] [47174:0000b848] [DEBUG][com.freerdp.client.x11] - [xf_input_handle_event_remote]: checking for pen
[17:52:01:070] [47174:0000b848] [DEBUG][com.freerdp.client.x11] - [xf_input_touch_remote]: touch_remote: ev=Begin id=1923 x=1018 y=1546 rdpei=0x7f74e0214070 fallback=0
[17:52:01:070] [47174:0000b848] [DEBUG][com.freerdp.client.x11] - [xf_input_touch_remote]: touch_remote: ev=Other id=1923 x=0 y=0 rdpei=0x7f74e0214070 fallback=0
[17:52:01:098] [47174:0000b848] [DEBUG][com.freerdp.client.x11] - [xf_input_touch_remote]: touch_remote: ev=Update id=1923 x=1018 y=1546 rdpei=0x7f74e0214070 fallback=0
[17:52:01:108] [47174:0000b848] [DEBUG][com.freerdp.client.x11] - [xf_input_touch_remote]: touch_remote: ev=Update id=1923 x=1018 y=1547 rdpei=0x7f74e0214070 fallback=0
[17:52:01:128] [47174:0000b848] [DEBUG][com.freerdp.client.x11] - [xf_input_touch_remote]: touch_remote: ev=Update id=1923 x=1019 y=1546 rdpei=0x7f74e0214070 fallback=0
[17:52:01:138] [47174:0000b848] [DEBUG][com.freerdp.client.x11] - [xf_input_touch_remote]: touch_remote: ev=Update id=1923 x=1019 y=1545 rdpei=0x7f74e0214070 fallback=0
[17:52:01:154] [47174:0000b848] [DEBUG][com.freerdp.client.x11] - [xf_Pointer_Set]: 0x7f74e024b5e0
[17:52:01:154] [47174:0000b848] [DEBUG][com.freerdp.client.x11] - [xf_Pointer_GetCursorForCurrentScale]: scaled: 2560x1600, desktop: 2560x1600
[17:52:01:154] [47174:0000b848] [DEBUG][com.freerdp.client.x11] - [xf_Pointer_GetCursorForCurrentScale]: using cached cursor 0
[17:52:01:159] [47174:0000b848] [DEBUG][com.freerdp.client.x11] - [xf_input_touch_remote]: touch_remote: ev=End id=1923 x=1019 y=1545 rdpei=0x7f74e0214070 fallback=0
[17:52:01:191] [47174:0000b848] [DEBUG][com.freerdp.client.x11] - [xf_Pointer_SetNull]: called
[17:52:01:342] [47174:0000b861] [DEBUG][com.freerdp.channels.rdpgfx.client] - [rdpgfx_recv_evict_cache_entry_pdu]: RecvEvictCacheEntryPdu: cacheSlot: 436
[17:52:01:771] [47174:0000b861] [DEBUG][com.freerdp.channels.rdpgfx.client] - [rdpgfx_recv_evict_cache_entry_pdu]: RecvEvictCacheEntryPdu: cacheSlot: 437
[17:52:01:771] [47174:0000b861] [DEBUG][com.freerdp.channels.rdpgfx.client] - [rdpgfx_recv_evict_cache_entry_pdu]: RecvEvictCacheEntryPdu: cacheSlot: 438
[17:52:01:771] [47174:0000b861] [DEBUG][com.freerdp.channels.rdpgfx.client] - [rdpgfx_recv_evict_cache_entry_pdu]: RecvEvictCacheEntryPdu: cacheSlot: 442
[17:52:01:771] [47174:0000b861] [DEBUG][com.freerdp.channels.rdpgfx.client] - [rdpgfx_recv_evict_cache_entry_pdu]: RecvEvictCacheEntryPdu: cacheSlot: 443
[17:52:02:582] [47174:0000b848] [DEBUG][com.freerdp.client.x11] - [xf_input_handle_event_remote]: checking for pen
[17:52:02:583] [47174:0000b848] [DEBUG][com.freerdp.client.x11] - [xf_input_touch_remote]: touch_remote: ev=Begin id=1924 x=1789 y=1414 rdpei=0x7f74e0214070 fallback=0
[17:52:02:583] [47174:0000b848] [DEBUG][com.freerdp.client.x11] - [xf_input_touch_remote]: touch_remote: ev=Other id=1924 x=0 y=0 rdpei=0x7f74e0214070 fallback=0
[17:52:02:591] [47174:0000b848] [DEBUG][com.freerdp.client.x11] - [xf_input_touch_remote]: touch_remote: ev=Update id=1924 x=1789 y=1414 rdpei=0x7f74e0214070 fallback=0
[17:52:02:601] [47174:0000b848] [DEBUG][com.freerdp.client.x11] - [xf_input_touch_remote]: touch_remote: ev=Update id=1924 x=1789 y=1414 rdpei=0x7f74e0214070 fallback=0
[17:52:02:611] [47174:0000b848] [DEBUG][com.freerdp.client.x11] - [xf_input_touch_remote]: touch_remote: ev=Update id=1924 x=1788 y=1414 rdpei=0x7f74e0214070 fallback=0
[17:52:02:620] [47174:0000b848] [DEBUG][com.freerdp.client.x11] - [xf_input_touch_remote]: touch_remote: ev=Update id=1924 x=1789 y=1414 rdpei=0x7f74e0214070 fallback=0
[17:52:02:631] [47174:0000b848] [DEBUG][com.freerdp.client.x11] - [xf_input_touch_remote]: touch_remote: ev=Update id=1924 x=1789 y=1414 rdpei=0x7f74e0214070 fallback=0
[17:52:02:641] [47174:0000b848] [DEBUG][com.freerdp.client.x11] - [xf_input_touch_remote]: touch_remote: ev=Update id=1924 x=1789 y=1415 rdpei=0x7f74e0214070 fallback=0
[17:52:02:651] [47174:0000b848] [DEBUG][com.freerdp.client.x11] - [xf_input_touch_remote]: touch_remote: ev=Update id=1924 x=1789 y=1415 rdpei=0x7f74e0214070 fallback=0
[17:52:02:670] [47174:0000b848] [DEBUG][com.freerdp.client.x11] - [xf_Pointer_Set]: 0x7f74e024b5e0
[17:52:02:670] [47174:0000b848] [DEBUG][com.freerdp.client.x11] - [xf_Pointer_GetCursorForCurrentScale]: scaled: 2560x1600, desktop: 2560x1600
[17:52:02:670] [47174:0000b848] [DEBUG][com.freerdp.client.x11] - [xf_Pointer_GetCursorForCurrentScale]: using cached cursor 0
[17:52:02:671] [47174:0000b848] [DEBUG][com.freerdp.client.x11] - [xf_input_touch_remote]: touch_remote: ev=End id=1924 x=1789 y=1415 rdpei=0x7f74e0214070 fallback=0
[17:52:02:692] [47174:0000b848] [DEBUG][com.freerdp.client.x11] - [xf_Pointer_SetNull]: called
[17:52:04:094] [47174:0000b848] [DEBUG][com.freerdp.client.x11] - [xf_input_handle_event_remote]: checking for pen
[17:52:04:094] [47174:0000b848] [DEBUG][com.freerdp.client.x11] - [xf_input_touch_remote]: touch_remote: ev=Begin id=1925 x=1771 y=1407 rdpei=0x7f74e0214070 fallback=0
[17:52:04:095] [47174:0000b848] [DEBUG][com.freerdp.client.x11] - [xf_input_touch_remote]: touch_remote: ev=Other id=1925 x=0 y=0 rdpei=0x7f74e0214070 fallback=0
[17:52:04:103] [47174:0000b848] [DEBUG][com.freerdp.client.x11] - [xf_input_touch_remote]: touch_remote: ev=Update id=1925 x=1770 y=1408 rdpei=0x7f74e0214070 fallback=0
[17:52:04:113] [47174:0000b848] [DEBUG][com.freerdp.client.x11] - [xf_input_touch_remote]: touch_remote: ev=Update id=1925 x=1770 y=1408 rdpei=0x7f74e0214070 fallback=0
[17:52:04:123] [47174:0000b848] [DEBUG][com.freerdp.client.x11] - [xf_input_touch_remote]: touch_remote: ev=Update id=1925 x=1771 y=1407 rdpei=0x7f74e0214070 fallback=0
[17:52:04:133] [47174:0000b848] [DEBUG][com.freerdp.client.x11] - [xf_input_touch_remote]: touch_remote: ev=Update id=1925 x=1770 y=1408 rdpei=0x7f74e0214070 fallback=0
[17:52:04:143] [47174:0000b848] [DEBUG][com.freerdp.client.x11] - [xf_input_touch_remote]: touch_remote: ev=Update id=1925 x=1771 y=1408 rdpei=0x7f74e0214070 fallback=0
[17:52:04:153] [47174:0000b848] [DEBUG][com.freerdp.client.x11] - [xf_input_touch_remote]: touch_remote: ev=Update id=1925 x=1771 y=1409 rdpei=0x7f74e0214070 fallback=0
[17:52:04:163] [47174:0000b848] [DEBUG][com.freerdp.client.x11] - [xf_input_touch_remote]: touch_remote: ev=Update id=1925 x=1771 y=1409 rdpei=0x7f74e0214070 fallback=0
[17:52:04:173] [47174:0000b848] [DEBUG][com.freerdp.client.x11] - [xf_input_touch_remote]: touch_remote: ev=Update id=1925 x=1771 y=1409 rdpei=0x7f74e0214070 fallback=0
[17:52:04:181] [47174:0000b848] [DEBUG][com.freerdp.client.x11] - [xf_Pointer_Set]: 0x7f74e024b5e0
[17:52:04:181] [47174:0000b848] [DEBUG][com.freerdp.client.x11] - [xf_Pointer_GetCursorForCurrentScale]: scaled: 2560x1600, desktop: 2560x1600
[17:52:04:181] [47174:0000b848] [DEBUG][com.freerdp.client.x11] - [xf_Pointer_GetCursorForCurrentScale]: using cached cursor 0
[17:52:04:183] [47174:0000b848] [DEBUG][com.freerdp.client.x11] - [xf_input_touch_remote]: touch_remote: ev=Update id=1925 x=1772 y=1411 rdpei=0x7f74e0214070 fallback=0
[17:52:04:194] [47174:0000b848] [DEBUG][com.freerdp.client.x11] - [xf_input_touch_remote]: touch_remote: ev=Update id=1925 x=1773 y=1410 rdpei=0x7f74e0214070 fallback=0
[17:52:04:213] [47174:0000b848] [DEBUG][com.freerdp.client.x11] - [xf_input_touch_remote]: touch_remote: ev=End id=1925 x=1773 y=1410 rdpei=0x7f74e0214070 fallback=0
[17:52:04:221] [47174:0000b848] [DEBUG][com.freerdp.client.x11] - [xf_Pointer_SetNull]: called
[17:52:04:222] [47174:0000b861] [DEBUG][com.freerdp.channels.rdpgfx.client] - [rdpgfx_recv_evict_cache_entry_pdu]: RecvEvictCacheEntryPdu: cacheSlot: 444
[17:52:04:222] [47174:0000b861] [DEBUG][com.freerdp.channels.rdpgfx.client] - [rdpgfx_recv_evict_cache_entry_pdu]: RecvEvictCacheEntryPdu: cacheSlot: 457
[17:52:04:222] [47174:0000b861] [DEBUG][com.freerdp.channels.rdpgfx.client] - [rdpgfx_recv_evict_cache_entry_pdu]: RecvEvictCacheEntryPdu: cacheSlot: 460
[17:52:04:222] [47174:0000b861] [DEBUG][com.freerdp.channels.rdpgfx.client] - [rdpgfx_recv_evict_cache_entry_pdu]: RecvEvictCacheEntryPdu: cacheSlot: 462
[17:52:04:222] [47174:0000b861] [DEBUG][com.freerdp.channels.rdpgfx.client] - [rdpgfx_recv_evict_cache_entry_pdu]: RecvEvictCacheEntryPdu: cacheSlot: 465
[17:52:04:222] [47174:0000b861] [DEBUG][com.freerdp.channels.rdpgfx.client] - [rdpgfx_recv_evict_cache_entry_pdu]: RecvEvictCacheEntryPdu: cacheSlot: 466
[17:52:04:222] [47174:0000b861] [DEBUG][com.freerdp.channels.rdpgfx.client] - [rdpgfx_recv_evict_cache_entry_pdu]: RecvEvictCacheEntryPdu: cacheSlot: 467
[17:52:04:222] [47174:0000b861] [DEBUG][com.freerdp.channels.rdpgfx.client] - [rdpgfx_recv_evict_cache_entry_pdu]: RecvEvictCacheEntryPdu: cacheSlot: 468
[17:52:04:222] [47174:0000b861] [DEBUG][com.freerdp.channels.rdpgfx.client] - [rdpgfx_recv_evict_cache_entry_pdu]: RecvEvictCacheEntryPdu: cacheSlot: 469
[17:52:04:222] [47174:0000b861] [DEBUG][com.freerdp.channels.rdpgfx.client] - [rdpgfx_recv_evict_cache_entry_pdu]: RecvEvictCacheEntryPdu: cacheSlot: 470
[17:52:04:222] [47174:0000b861] [DEBUG][com.freerdp.channels.rdpgfx.client] - [rdpgfx_recv_evict_cache_entry_pdu]: RecvEvictCacheEntryPdu: cacheSlot: 472
[17:52:04:222] [47174:0000b861] [DEBUG][com.freerdp.channels.rdpgfx.client] - [rdpgfx_recv_evict_cache_entry_pdu]: RecvEvictCacheEntryPdu: cacheSlot: 473
[17:52:04:222] [47174:0000b861] [DEBUG][com.freerdp.channels.rdpgfx.client] - [rdpgfx_recv_evict_cache_entry_pdu]: RecvEvictCacheEntryPdu: cacheSlot: 483
[17:52:04:222] [47174:0000b861] [DEBUG][com.freerdp.channels.rdpgfx.client] - [rdpgfx_recv_evict_cache_entry_pdu]: RecvEvictCacheEntryPdu: cacheSlot: 484
[17:52:04:222] [47174:0000b861] [DEBUG][com.freerdp.channels.rdpgfx.client] - [rdpgfx_recv_evict_cache_entry_pdu]: RecvEvictCacheEntryPdu: cacheSlot: 485
[17:52:04:222] [47174:0000b861] [DEBUG][com.freerdp.channels.rdpgfx.client] - [rdpgfx_recv_evict_cache_entry_pdu]: RecvEvictCacheEntryPdu: cacheSlot: 486
[17:52:04:222] [47174:0000b861] [DEBUG][com.freerdp.channels.rdpgfx.client] - [rdpgfx_recv_evict_cache_entry_pdu]: RecvEvictCacheEntryPdu: cacheSlot: 487
[17:52:06:649] [47174:0000b861] [DEBUG][com.freerdp.channels.rdpgfx.client] - [rdpgfx_recv_evict_cache_entry_pdu]: RecvEvictCacheEntryPdu: cacheSlot: 488
[17:52:06:770] [47174:0000b861] [DEBUG][com.freerdp.channels.rdpgfx.client] - [rdpgfx_recv_evict_cache_entry_pdu]: RecvEvictCacheEntryPdu: cacheSlot: 489
[17:52:06:770] [47174:0000b861] [DEBUG][com.freerdp.channels.rdpgfx.client] - [rdpgfx_recv_evict_cache_entry_pdu]: RecvEvictCacheEntryPdu: cacheSlot: 490
[17:52:07:661] [47174:0000b861] [DEBUG][com.freerdp.channels.rdpgfx.client] - [rdpgfx_recv_evict_cache_entry_pdu]: RecvEvictCacheEntryPdu: cacheSlot: 491
[17:52:07:661] [47174:0000b861] [DEBUG][com.freerdp.channels.rdpgfx.client] - [rdpgfx_recv_evict_cache_entry_pdu]: RecvEvictCacheEntryPdu: cacheSlot: 492
[17:52:07:661] [47174:0000b861] [DEBUG][com.freerdp.channels.rdpgfx.client] - [rdpgfx_recv_evict_cache_entry_pdu]: RecvEvictCacheEntryPdu: cacheSlot: 493
[17:52:07:813] [47174:0000b861] [DEBUG][com.freerdp.channels.rdpgfx.client] - [rdpgfx_recv_evict_cache_entry_pdu]: RecvEvictCacheEntryPdu: cacheSlot: 494
[17:52:07:813] [47174:0000b861] [DEBUG][com.freerdp.channels.rdpgfx.client] - [rdpgfx_recv_evict_cache_entry_pdu]: RecvEvictCacheEntryPdu: cacheSlot: 495
[17:52:07:813] [47174:0000b861] [DEBUG][com.freerdp.channels.rdpgfx.client] - [rdpgfx_recv_evict_cache_entry_pdu]: RecvEvictCacheEntryPdu: cacheSlot: 500
[17:52:07:813] [47174:0000b861] [DEBUG][com.freerdp.channels.rdpgfx.client] - [rdpgfx_recv_evict_cache_entry_pdu]: RecvEvictCacheEntryPdu: cacheSlot: 501
[17:52:07:813] [47174:0000b861] [DEBUG][com.freerdp.channels.rdpgfx.client] - [rdpgfx_recv_evict_cache_entry_pdu]: RecvEvictCacheEntryPdu: cacheSlot: 502
[17:52:07:813] [47174:0000b861] [DEBUG][com.freerdp.channels.rdpgfx.client] - [rdpgfx_recv_evict_cache_entry_pdu]: RecvEvictCacheEntryPdu: cacheSlot: 503
[17:52:07:813] [47174:0000b861] [DEBUG][com.freerdp.channels.rdpgfx.client] - [rdpgfx_recv_evict_cache_entry_pdu]: RecvEvictCacheEntryPdu: cacheSlot: 504
[17:52:07:874] [47174:0000b861] [DEBUG][com.freerdp.channels.rdpgfx.client] - [rdpgfx_recv_evict_cache_entry_pdu]: RecvEvictCacheEntryPdu: cacheSlot: 505
[17:52:07:874] [47174:0000b861] [DEBUG][com.freerdp.channels.rdpgfx.client] - [rdpgfx_recv_evict_cache_entry_pdu]: RecvEvictCacheEntryPdu: cacheSlot: 506
[17:52:07:874] [47174:0000b861] [DEBUG][com.freerdp.channels.rdpgfx.client] - [rdpgfx_recv_evict_cache_entry_pdu]: RecvEvictCacheEntryPdu: cacheSlot: 510
[17:52:07:874] [47174:0000b861] [DEBUG][com.freerdp.channels.rdpgfx.client] - [rdpgfx_recv_evict_cache_entry_pdu]: RecvEvictCacheEntryPdu: cacheSlot: 511
[17:52:07:874] [47174:0000b861] [DEBUG][com.freerdp.channels.rdpgfx.client] - [rdpgfx_recv_evict_cache_entry_pdu]: RecvEvictCacheEntryPdu: cacheSlot: 512
[17:52:07:874] [47174:0000b861] [DEBUG][com.freerdp.channels.rdpgfx.client] - [rdpgfx_recv_evict_cache_entry_pdu]: RecvEvictCacheEntryPdu: cacheSlot: 513
[17:52:07:874] [47174:0000b861] [DEBUG][com.freerdp.channels.rdpgfx.client] - [rdpgfx_recv_evict_cache_entry_pdu]: RecvEvictCacheEntryPdu: cacheSlot: 514
[17:52:07:874] [47174:0000b861] [DEBUG][com.freerdp.channels.rdpgfx.client] - [rdpgfx_recv_evict_cache_entry_pdu]: RecvEvictCacheEntryPdu: cacheSlot: 515
[17:52:07:874] [47174:0000b861] [DEBUG][com.freerdp.channels.rdpgfx.client] - [rdpgfx_recv_evict_cache_entry_pdu]: RecvEvictCacheEntryPdu: cacheSlot: 516
[17:52:07:874] [47174:0000b861] [DEBUG][com.freerdp.channels.rdpgfx.client] - [rdpgfx_recv_evict_cache_entry_pdu]: RecvEvictCacheEntryPdu: cacheSlot: 517
[17:52:07:874] [47174:0000b861] [DEBUG][com.freerdp.channels.rdpgfx.client] - [rdpgfx_recv_evict_cache_entry_pdu]: RecvEvictCacheEntryPdu: cacheSlot: 518
[17:52:07:874] [47174:0000b861] [DEBUG][com.freerdp.channels.rdpgfx.client] - [rdpgfx_recv_evict_cache_entry_pdu]: RecvEvictCacheEntryPdu: cacheSlot: 519
[17:52:07:874] [47174:0000b861] [DEBUG][com.freerdp.channels.rdpgfx.client] - [rdpgfx_recv_evict_cache_entry_pdu]: RecvEvictCacheEntryPdu: cacheSlot: 520
[17:52:07:875] [47174:0000b861] [DEBUG][com.freerdp.channels.rdpgfx.client] - [rdpgfx_recv_evict_cache_entry_pdu]: RecvEvictCacheEntryPdu: cacheSlot: 525
[17:52:07:875] [47174:0000b861] [DEBUG][com.freerdp.channels.rdpgfx.client] - [rdpgfx_recv_evict_cache_entry_pdu]: RecvEvictCacheEntryPdu: cacheSlot: 526
[17:52:08:797] [47174:0000b861] [DEBUG][com.freerdp.channels.rdpgfx.client] - [rdpgfx_recv_evict_cache_entry_pdu]: RecvEvictCacheEntryPdu: cacheSlot: 527
[17:52:08:797] [47174:0000b861] [DEBUG][com.freerdp.channels.rdpgfx.client] - [rdpgfx_recv_evict_cache_entry_pdu]: RecvEvictCacheEntryPdu: cacheSlot: 528
[17:52:09:002] [47174:0000b861] [DEBUG][com.freerdp.channels.rdpgfx.client] - [rdpgfx_recv_evict_cache_entry_pdu]: RecvEvictCacheEntryPdu: cacheSlot: 532
[17:52:09:003] [47174:0000b861] [DEBUG][com.freerdp.channels.rdpgfx.client] - [rdpgfx_recv_evict_cache_entry_pdu]: RecvEvictCacheEntryPdu: cacheSlot: 533
[17:52:09:003] [47174:0000b861] [DEBUG][com.freerdp.channels.rdpgfx.client] - [rdpgfx_recv_evict_cache_entry_pdu]: RecvEvictCacheEntryPdu: cacheSlot: 534
[17:52:09:003] [47174:0000b861] [DEBUG][com.freerdp.channels.rdpgfx.client] - [rdpgfx_recv_evict_cache_entry_pdu]: RecvEvictCacheEntryPdu: cacheSlot: 538
[17:52:09:940] [47174:0000b861] [DEBUG][com.freerdp.channels.rdpgfx.client] - [rdpgfx_recv_evict_cache_entry_pdu]: RecvEvictCacheEntryPdu: cacheSlot: 539
[17:52:09:940] [47174:0000b861] [DEBUG][com.freerdp.channels.rdpgfx.client] - [rdpgfx_recv_evict_cache_entry_pdu]: RecvEvictCacheEntryPdu: cacheSlot: 540
[17:52:09:940] [47174:0000b861] [DEBUG][com.freerdp.channels.rdpgfx.client] - [rdpgfx_recv_evict_cache_entry_pdu]: RecvEvictCacheEntryPdu: cacheSlot: 541
[17:52:09:940] [47174:0000b861] [DEBUG][com.freerdp.channels.rdpgfx.client] - [rdpgfx_recv_evict_cache_entry_pdu]: RecvEvictCacheEntryPdu: cacheSlot: 542
[17:52:09:940] [47174:0000b861] [DEBUG][com.freerdp.channels.rdpgfx.client] - [rdpgfx_recv_evict_cache_entry_pdu]: RecvEvictCacheEntryPdu: cacheSlot: 543
[17:52:09:940] [47174:0000b861] [DEBUG][com.freerdp.channels.rdpgfx.client] - [rdpgfx_recv_evict_cache_entry_pdu]: RecvEvictCacheEntryPdu: cacheSlot: 544
[17:52:09:940] [47174:0000b861] [DEBUG][com.freerdp.channels.rdpgfx.client] - [rdpgfx_recv_evict_cache_entry_pdu]: RecvEvictCacheEntryPdu: cacheSlot: 545
[17:52:09:940] [47174:0000b861] [DEBUG][com.freerdp.channels.rdpgfx.client] - [rdpgfx_recv_evict_cache_entry_pdu]: RecvEvictCacheEntryPdu: cacheSlot: 550
[17:52:09:940] [47174:0000b861] [DEBUG][com.freerdp.channels.rdpgfx.client] - [rdpgfx_recv_evict_cache_entry_pdu]: RecvEvictCacheEntryPdu: cacheSlot: 555
[17:52:09:940] [47174:0000b861] [DEBUG][com.freerdp.channels.rdpgfx.client] - [rdpgfx_recv_evict_cache_entry_pdu]: RecvEvictCacheEntryPdu: cacheSlot: 556
[17:52:09:940] [47174:0000b861] [DEBUG][com.freerdp.channels.rdpgfx.client] - [rdpgfx_recv_evict_cache_entry_pdu]: RecvEvictCacheEntryPdu: cacheSlot: 557
[17:52:09:940] [47174:0000b861] [DEBUG][com.freerdp.channels.rdpgfx.client] - [rdpgfx_recv_evict_cache_entry_pdu]: RecvEvictCacheEntryPdu: cacheSlot: 647
[17:52:09:940] [47174:0000b861] [DEBUG][com.freerdp.channels.rdpgfx.client] - [rdpgfx_recv_evict_cache_entry_pdu]: RecvEvictCacheEntryPdu: cacheSlot: 648
[17:52:09:940] [47174:0000b861] [DEBUG][com.freerdp.channels.rdpgfx.client] - [rdpgfx_recv_evict_cache_entry_pdu]: RecvEvictCacheEntryPdu: cacheSlot: 35
[17:52:09:940] [47174:0000b861] [DEBUG][com.freerdp.channels.rdpgfx.client] - [rdpgfx_recv_evict_cache_entry_pdu]: RecvEvictCacheEntryPdu: cacheSlot: 36
[17:52:09:940] [47174:0000b861] [DEBUG][com.freerdp.channels.rdpgfx.client] - [rdpgfx_recv_evict_cache_entry_pdu]: RecvEvictCacheEntryPdu: cacheSlot: 37
[17:52:09:940] [47174:0000b861] [DEBUG][com.freerdp.channels.rdpgfx.client] - [rdpgfx_recv_evict_cache_entry_pdu]: RecvEvictCacheEntryPdu: cacheSlot: 39
[17:52:09:940] [47174:0000b861] [DEBUG][com.freerdp.channels.rdpgfx.client] - [rdpgfx_recv_evict_cache_entry_pdu]: RecvEvictCacheEntryPdu: cacheSlot: 40
[17:52:09:941] [47174:0000b861] [DEBUG][com.freerdp.channels.rdpgfx.client] - [rdpgfx_recv_evict_cache_entry_pdu]: RecvEvictCacheEntryPdu: cacheSlot: 41
[17:52:09:941] [47174:0000b861] [DEBUG][com.freerdp.channels.rdpgfx.client] - [rdpgfx_recv_evict_cache_entry_pdu]: RecvEvictCacheEntryPdu: cacheSlot: 44
[17:52:09:941] [47174:0000b861] [DEBUG][com.freerdp.channels.rdpgfx.client] - [rdpgfx_recv_evict_cache_entry_pdu]: RecvEvictCacheEntryPdu: cacheSlot: 45
[17:52:09:941] [47174:0000b861] [DEBUG][com.freerdp.channels.rdpgfx.client] - [rdpgfx_recv_evict_cache_entry_pdu]: RecvEvictCacheEntryPdu: cacheSlot: 46
[17:52:09:941] [47174:0000b861] [DEBUG][com.freerdp.channels.rdpgfx.client] - [rdpgfx_recv_evict_cache_entry_pdu]: RecvEvictCacheEntryPdu: cacheSlot: 73
[17:52:09:941] [47174:0000b861] [DEBUG][com.freerdp.channels.rdpgfx.client] - [rdpgfx_recv_evict_cache_entry_pdu]: RecvEvictCacheEntryPdu: cacheSlot: 76
[17:52:10:404] [47174:0000b861] [DEBUG][com.freerdp.channels.rdpgfx.client] - [rdpgfx_recv_evict_cache_entry_pdu]: RecvEvictCacheEntryPdu: cacheSlot: 653
[17:52:10:404] [47174:0000b861] [DEBUG][com.freerdp.channels.rdpgfx.client] - [rdpgfx_recv_evict_cache_entry_pdu[17:52:12:136] [47174:0000b848] [ERROR][com.freerdp.core] - [rdp_set_error_info]: ERRINFO_LOGOFF_BY_USER [0x0001000C]
[17:52:12:151] [47174:0000b861] [WARN][com.freerdp.channels.drdynvc.client] - [check_open_close_receive]: {Microsoft::Windows::RDS::DisplayControl:11} OnOpen=(nil), OnClose=0x7f74f39302f0
[17:52:12:151] [47174:0000b861] [WARN][com.freerdp.channels.drdynvc.client] - [check_open_close_receive]: {Microsoft::Windows::RDS::Input:16} OnOpen=(nil), OnClose=0x7f74f3923f50
]: RecvEvictCacheEntryPdu: cacheSlot: 654
[17:52:10:404] [47174:0000b861] [DEBUG][com.freerdp.channels.rdpgfx.client] - [rdpgfx_recv_evict_cache_entry_pdu]: RecvEvictCacheEntryPdu: cacheSlot: 655
[17:52:10:404] [47174:0000b861] [DEBUG][com.freerdp.channels.rdpgfx.client] - [rdpgfx_recv_evict_cache_entry_pdu]: RecvEvictCacheEntryPdu: cacheSlot: 656
[17:52:10:404] [47174:0000b861] [DEBUG][com.freerdp.channels.rdpgfx.client] - [rdpgfx_recv_evict_cache_entry_pdu]: RecvEvictCacheEntryPdu: cacheSlot: 657
[17:52:12:136] [47174:0000b848] [INFO][com.freerdp.core] - [rdp_print_errinfo]: ERRINFO_LOGOFF_BY_USER (0x0000000C):The disconnection was initiated by the user logging off their session on the server.
[17:52:12:136] [47174:0000b848] [DEBUG][com.freerdp.core.rdp] - [rdp_read_header][0x55822c379c30]: DisconnectProviderUltimatum: reason: 3
[17:52:12:136] [47174:0000b848] [DEBUG][com.freerdp.core] - [mcs_send_disconnect_provider_ultimatum]: sending DisconnectProviderUltimatum(rn-user-requested)
[17:52:12:137] [47174:0000b848] [DEBUG][com.freerdp.core.rdp] - [rdp_finalize_reset_flags][0x55822c379c30]: [CONNECTION_STATE_ACTIVE] reset finalize_sc_pdus
[17:52:12:137] [47174:0000b848] [DEBUG][com.freerdp.core.rdp] - [rdp_client_transition_to_state][0x55822c379c30]: CONNECTION_STATE_ACTIVE --> CONNECTION_STATE_INITIAL
[17:52:12:140] [47174:0000b848] [DEBUG][com.freerdp.client.common.cliprdr.file] - [clear_selection]: Clearing selections
[17:52:12:140] [47174:0000b848] [DEBUG][com.freerdp.client.common.cliprdr.file] - [invalidate_inode]: Inode 1 invalidated
[17:52:12:140] [47174:0000b848] [DEBUG][com.freerdp.client.common.cliprdr.file] - [clear_selection]: Selections cleared
[17:52:12:152] [47174:0000b848] [DEBUG][com.freerdp.channels.audin.client] - [audin_pulse_context_state_callback]: context state PA_CONTEXT_TERMINATED
[17:52:12:160] [47174:0000b848] [DEBUG][com.freerdp.client.x11] - [xf_touch_force_cancel]: force_cancel: invoked, active_contacts=0 rdpei=(nil) pinch=0 drag=0
[17:52:12:161] [47174:0000b848] [DEBUG][com.freerdp.client.x11] - [xf_Pointer_Free]: 0x7f74e024bce0
[17:52:12:161] [47174:0000b848] [DEBUG][com.freerdp.client.x11] - [xf_Pointer_Free]: 0x7f74e024bfc0
[17:52:12:161] [47174:0000b848] [DEBUG][com.freerdp.client.x11] - [xf_Pointer_Free]: 0x7f74e024c200
[17:52:12:161] [47174:0000b848] [DEBUG][com.freerdp.client.x11] - [xf_Pointer_Free]: 0x7f74e0061190
[17:52:12:161] [47174:0000b848] [DEBUG][com.freerdp.client.x11] - [xf_Pointer_Free]: 0x7f74e0061580
[17:52:12:161] [47174:0000b848] [DEBUG][com.freerdp.client.x11] - [xf_Pointer_Free]: 0x7f74e00619d0
[17:52:12:161] [47174:0000b848] [DEBUG][com.freerdp.client.x11] - [xf_Pointer_Free]: 0x7f74e024ae60
[17:52:12:161] [47174:0000b848] [DEBUG][com.freerdp.client.x11] - [xf_Pointer_Free]: 0x7f74e024b5e0
[17:52:12:161] [47174:0000b848] [DEBUG][com.freerdp.client.common.cliprdr.file] - [clear_selection]: Clearing selections
[17:52:12:161] [47174:0000b848] [DEBUG][com.freerdp.client.common.cliprdr.file] - [clear_selection]: Selections cleared
[17:52:12:161] [47174:0000b848] [DEBUG][com.freerdp.client.common.cliprdr.file] - [cliprdr_file_context_free]: Stopping FUSE thread
[17:52:12:161] [47174:0000b848] [DEBUG][com.freerdp.client.common.cliprdr.file] - [cliprdr_file_session_terminate]: Setting FUSE exit flag
[17:52:12:161] [47174:0000b848] [DEBUG][com.freerdp.client.common.cliprdr.file] - [cliprdr_file_session_terminate]: Setting FUSE stop event
[17:52:12:161] [47174:0000b848] [DEBUG][com.freerdp.client.common.cliprdr.file] - [cliprdr_file_session_terminate]: Forcing FUSE to check exit flag
[17:52:12:161] [47174:0000b848] [DEBUG][com.freerdp.client.common.cliprdr.file] - [cliprdr_file_context_free]: Waiting on FUSE thread
[17:52:12:177] [47174:0000b856] [DEBUG][com.freerdp.client.common.cliprdr.file] - [cliprdr_file_fuse_thread]: Waiting for FUSE stop sync
[17:52:12:186] [47174:0000b846] [DEBUG][com.freerdp.core] - [mcs_send_disconnect_provider_ultimatum]: sending DisconnectProviderUltimatum(rn-user-requested)
